db.Address	24074.169999999998	18961.040000000001
db.AgendaAuthorizedSharesChange	16509.099999999999	21744.549999999999
db.AgendaBonusIssue	18054.68	20130.209999999999
db.AgendaBonusIssueNewIssueBalanceCertificateFile	18878.959999999999	19672.23
db.AgendaBonusIssueNewIssueMinutesFile	18681.759999999998	20053.32
db.AgendaBonusIssueSharesToIssue	16026.67	18778.720000000001
db.AgendaBorrowCapital	16757.32	20113.02
db.AgendaBranchChange	17672.880000000001	20063.52
db.AgendaCashDividends	15640.299999999999	20623.040000000001
db.AgendaCeoAddressChange	12925.07	21954.16
db.AgendaCeoAddressChangeItem	12793.98	22517.02
db.AgendaChangeOfAoiClassStock	19707.279999999999	20606.700000000001
db.AgendaChangeOfAoiCustom	19590.970000000001	19750.560000000001
db.AgendaChangeOfAoiDirectorCompensationRule	19931.919999999998	20737.240000000002
db.AgendaChangeOfAoiNumberOfDirectors	19368.599999999999	20413.080000000002
db.AgendaChangeOfAoiThirdPartyAllocation	19434.73	20855.549999999999
db.AgendaChangeOfArticlesOfIncorporation	19040.360000000001	20600.41
db.AgendaCoCeoSystemChange	16050.15	21121.299999999999
db.AgendaCompanyNameChange	17122	20971.240000000002
db.AgendaCustom	16086.65	20991.889999999999
db.AgendaDirectorChange	12645.66	22828.830000000002
db.AgendaDirectorCompensation	15169.700000000001	21681.509999999998
db.AgendaDirectorCompensationItem	11506.290000000001	20351.34
db.AgendaDirectorCompensationRule	16609.110000000001	20967.740000000002
db.AgendaFinancialStatements	17339.48	20209.279999999999
db.AgendaHeadOfficeRelocation	18450.93	21677.869999999999
db.AgendaHeadOfficeRelocationAoiChange	17120.27	20717.02
db.AgendaMethodOfGivingPublicNoticeChange	17240.23	20041.77
db.AgendaNewIssue	16145.370000000001	22338.779999999999
db.AgendaNewIssueItem	19445.07	25348.580000000002
db.AgendaNewIssueItemFromConversion	19212.77	25915.25
db.AgendaNewIssueItemFromPayment	18556.439999999999	25657.09
db.AgendaNewIssueItemInstitutionMember	21207.07	26114.400000000001
db.AgendaNewIssueItemInstitutionMemberCeo	19835.380000000001	25648.080000000002
db.AgendaNewIssueItemShareClass	18598.439999999999	25279.23
db.AgendaNewIssueItemShareholder	19606.279999999999	25049.939999999999
db.AgendaNewIssueNewShareClass	16711.950000000001	22429.91
db.AgendaNewOptionsRule	16806.400000000001	21106.939999999999
db.AgendaNewOrChangeRsuRule	17137.18	21152.110000000001
db.AgendaOptionCancel	14918.190000000001	21028.880000000001
db.AgendaOptionCancelGrantee	13928.66	21005.68
db.AgendaOptionCancelOption	14380.98	21077.169999999998
db.AgendaOptionExercise	13276.43	21800.939999999999
db.AgendaOptionExerciseClaim	12957.59	21575.91
db.AgendaOptionExerciseGrantee	13383.809999999999	21574.389999999999
db.AgendaOptionExerciseGranteeOption	13216.030000000001	21380.98
db.AgendaOptionGrant	15595.280000000001	19798.459999999999
db.AgendaOptionGrantGrantee	14710.17	19236.73
db.AgendaPurposeChange	17807.759999999998	21840.369999999999
db.AgendaPurposeChangeItem	17931.830000000002	21997.889999999999
db.AgendaRsuGrant	15697.33	20898.110000000001
db.AgendaRsuGrantGrantee	13099.1	18165.27
db.AgendaShareholdersMeetingConvocation	15741.469999999999	21253.619999999999
db.AgendaSubsidiaryEstablishment	15817.129999999999	21450.220000000001
db.AgendaTemplate	24859.82	8362.8700000000008
db.AiAnalysisFeedback	9746.4699999999993	10328.309999999999
db.AiPayrollLedger	2540.9499999999998	5036.2399999999998
db.AlimtalkActivity	36412.919999999998	14128.26
db.AlimtalkActivityRecipient	35383.599999999999	14379
db.AlimtalkActivityRecipientStatusHistory	35314.389999999999	14511.219999999999
db.AllocatedSeat	8167.7700000000004	13941.51
db.Announcement	20896.720000000001	12233.469999999999
db.AnnualSalary	10260.82	14972.17
db.AppCard	21391.110000000001	13625.93
db.AppointedDirectorCertificateOfSealDocument	16821.68	29571.889999999999
db.AppointedDirectorResidentRegistrationDocument	18938.529999999999	26486.18
db.Article	20752.209999999999	19717.580000000002
db.ArticlePublishHistory	20788.880000000001	19926.540000000001
db.ArticlesOfIncorporation	17083.849999999999	15423.85
db.ArticlesOfIncorporationAfterChangeDocument	21755.52	27826.950000000001
db.ArticlesOfIncorporationAnalyzationRequest	13133.42	7622.2200000000003
db.ArticlesOfIncorporationAnalyzationResult	10567.719999999999	7964.8900000000003
db.ArticlesOfIncorporationBeforeChangeDocument	17240.220000000001	26034.130000000001
db.ArticlesOfIncorporationDocument	17847.099999999999	27780.07
db.AuditLog	17270.689999999999	7208.3699999999999
db.AuditReportDocument	19029.580000000002	29174.59
db.AvailableModusignRequest	21320.52	19414.970000000001
db.BalanceCertificateDocument	14264.49	22709.049999999999
db.BaseModusignDocumentUsageHistory	25410.84	13594.75
db.Basket	23341.310000000001	13551.549999999999
db.BeforeunloadPdfEvent	33226.470000000001	11137.379999999999
db.BigNumberValueWithVisibility	38684.5	4577.8999999999996
db.BonusIssueEvent	2218.1399999999999	34866.290000000001
db.BranchAbolitionEvent	18461.209999999999	18210.389999999999
db.BranchChangeEvent	19546	18540.459999999999
db.BranchInstallationEvent	19093.84	18347.119999999999
db.BulkEmail	13597.440000000001	17256.950000000001
db.BulkEmailCommonAttachment	16040.59	17885.040000000001
db.BulkEmailRecipient	17262.34	19131.009999999998
db.BulkEmailRecipientAttachment	17822.110000000001	18990.48
db.BulkEmailTemplate	19410.759999999998	15015.35
db.BulkEmailTemplateRevision	17462.720000000001	16535.290000000001
db.BusinessPlan	13866.219999999999	11929.33
db.BusinessPlanAiAnalysis	11890.52	11107.49
db.BusinessPlanAiAnalysisItem	10329.32	10560.049999999999
db.BusinessPlanAiAnalysisItemImprovement	9783.0599999999995	10517.91
db.BusinessPlanAiReview	13781.68	11788.969999999999
db.BusinessRegistrationCertificate	19564.119999999999	9789.1399999999994
db.CalendarEvent	2202.5900000000001	34734.809999999998
db.CapitalChangeEvent	15226.27	16000.48
db.CapitalReductionEvent	2160.6799999999998	34608.660000000003
db.CaptableAfterNewIssueDocument	17476.080000000002	29761.330000000002
db.CaptableAtRecordDateDocument	19594.900000000001	26280.990000000002
db.CaptableBeforeNewIssueDocument	17702.970000000001	24311.310000000001
db.CaptableRequest	18608.450000000001	16453.84
db.CashIncentive	11152.389999999999	14035.27
db.CashIncentiveCategory	11349.24	13776.24
db.CashIncentiveItem	10231.4	14012.219999999999
db.CashPayment	23119.330000000002	14114.540000000001
db.CeoAddressChangeEvent	15990.16	16612.970000000001
db.CeoConfirmationDocument	18558.57	26139.93
db.CeoTypeChangedCeoResidentRegistrationDocument	13726.969999999999	24502
db.CertificateOfCorporateSealDocument	17368.18	25860.369999999999
db.CertificateOfSealNotarizationPoaDocument	14477.26	27325.23
db.Charge	20666.080000000002	13676.360000000001
db.CmeBulkEmail	17859.360000000001	16484.259999999998
db.CmeBulkEmailRecipient	18249.970000000001	16412.57
db.CmeBulkEmailTemplate	20073.900000000001	14937.190000000001
db.CmeCompany	19236.790000000001	14085.120000000001
db.CmeCompanyContact	19777.349999999999	14205.15
db.CmeCompanyContactNotificationSettings	19667.709999999999	14065.5
db.CmeCompanyDirectorTermManagement	19678.830000000002	13941.18
db.CmeCompanyNote	19174.16	13860.08
db.CmeCompanyRegistration	20503.779999999999	14771.290000000001
db.CmeCompanyRegistrationFile	20774.73	14904.5
db.CmeContact	20829.419999999998	14729.08
db.CmeMemberRelation	20779.41	14441.950000000001
db.CoCeoSystemChangeEvent	16033.24	15835.48
db.CommonAddress	2195.3600000000001	34481.57
db.Company	16004.99	12458.32
db.CompanyAddressChangeEvent	19516.790000000001	18385.599999999999
db.CompanyAppointedTransferAgentChange	20978.43	9818.8099999999995
db.CompanyAuthorizedSharesChange	23658.959999999999	9427.4099999999999
db.CompanyBenefit	18974.919999999998	10639.93
db.CompanyBulkEmailTemplate	18708.779999999999	13938.610000000001
db.CompanyCreateAssignmentReadiness	17051.98	8602.5799999999999
db.CompanyCreateProgress	23733.259999999998	16835.23
db.CompanyCreateRequest	23996.540000000001	17248.200000000001
db.CompanyDepartment	9816.3299999999999	14128.6
db.CompanyDepartmentCode	9735.3500000000004	13994.07
db.CompanyDocumentDelivery	18408.48	12650.85
db.CompanyEndorsement	24169.48	8546.9599999999991
db.CompanyEndorsementFeed	27574.759999999998	6446.1199999999999
db.CompanyExpertClientRelation	20296.799999999999	13988.59
db.CompanyFeed	28445.709999999999	5414.8900000000003
db.CompanyFeedAccessLog	41234.190000000002	3964.8699999999999
db.CompanyFeedRating	29519.369999999999	3775.5700000000002
db.CompanyGuideState	17719.41	12518.33
db.CompanyInvestmentContractInfo	19414.860000000001	12942.290000000001
db.CompanyInvestorInterest	29042.290000000001	8465.7199999999993
db.CompanyInvitation	17136.810000000001	9702.1200000000008
db.CompanyIrClosingFeed	29176.810000000001	6241.3599999999997
db.CompanyIrNewCommitFeed	29789.900000000001	6099.75
db.CompanyIrOpenFeed	29969.59	5561.8999999999996
db.CompanyIrSetting	21535.32	8028.1099999999997
db.CompanyLegalPartnerRelation	22060.610000000001	14381.16
db.CompanyManagementAssignment	15496.870000000001	9279.1100000000006
db.CompanyManagingEntity	20137.23	14475.690000000001
db.CompanyMethodOfGivingPublicNoticeChange	17016.240000000002	14955.26
db.CompanyMnaSetting	19103.139999999999	12141.440000000001
db.CompanyNameChange	12815.049999999999	10859.41
db.CompanyNews	19019.18	8075.5100000000002
db.CompanyNewsFeed	19205.57	8264.9300000000003
db.CompanyNewsLink	18706.68	7399.6999999999998
db.CompanyNotificationSetting	14883.92	11427.629999999999
db.CompanyNotificationTrigger	14581.360000000001	11212.34
db.CompanyOptionRule	19085.380000000001	12969.01
db.CompanyOverview	15864.76	10579.700000000001
db.CompanyOwnerAddRequest	17038.09	10342.639999999999
db.CompanyOwnerAuditLog	8750.6399999999994	7745.1000000000004
db.CompanyOwnerAuditLogOwnerRoleRelation	9270.2399999999998	8838.1800000000003
db.CompanyOwnerNotificationTrigger	14406.139999999999	11072.549999999999
db.CompanyParValueChange	16950.330000000002	15688.67
db.CompanyPaymentLink	23077.02	12162.309999999999
db.CompanyPolicyFile	16601.400000000001	9676.9200000000001
db.CompanyProfileAccessLog	28989.470000000001	8682.8899999999994
db.CompanyPromotionInfo	15008.98	8617.6499999999996
db.CompanyPromotionPrizeType	15105.950000000001	8499.1100000000006
db.CompanyPromotionWinLog	14348.5	8624.2600000000002
db.CompanyPurposeChange	16886.169999999998	14175.879999999999
db.CompanyPurposeChangeItem	17017.279999999999	14394.030000000001
db.CompanyQuestionThread	19014.959999999999	14304.67
db.CompanyRegistrationAssignment	21928.669999999998	10235.76
db.CompanyRegistrationAssignmentLog	20490.09	11816.469999999999
db.CompanyRegistrationStaffStatus	2178.5799999999999	34353.449999999997
db.CompanyRsuRule	16843.990000000002	15179.48
db.CompanyStockTransferRestrictedChange	15908.52	10737.440000000001
db.CompanyStockValue	19779.189999999999	9268.6399999999994
db.CompanyTag	20899.869999999999	10000.790000000001
db.CompanyTanTableView	10463.07	9999.8099999999995
db.CompanyTodo	22572.939999999999	10272.950000000001
db.CompanyUpdateRequest	18117.07	14112.120000000001
db.CompanyUserRelation	7431.1999999999998	11798.389999999999
db.CompanyUserRelationOwnerRoleRelation	8613.8899999999994	11548.93
db.ConsentForm	27292.66	36288.940000000002
db.ConsentFormItem	23897.599999999999	26679.369999999999
db.ConsentFormModusignDocument	30590.139999999999	27981.580000000002
db.ConsentFormModusignEmbeddedDraft	27210.59	35388.019999999997
db.ConsentFormOptionItem	23208.41	24105.049999999999
db.CorporateRegistration	18905.52	15607.969999999999
db.CorporateRegistrationChangeConfirmation	18596.25	14350.629999999999
db.CorporateRegistrationChangeDetection	18198.57	14435.74
db.CorporateRegistrationChangeDetectionParseResult	18382.669999999998	14234.129999999999
db.CorporateRegistrationDocument	16742.610000000001	29056.240000000002
db.CorporateRegistrationExtractionLog	20608.200000000001	16196.299999999999
db.CorporateRegistrationIssueCoupon	18684.5	13548.690000000001
db.CorporateRegistrationIssueCouponIssueLog	19065.279999999999	13740.1
db.CorporateRegistrationIssueCouponUseRequest	19298.610000000001	14758.74
db.CorporateRegistrationIssueCouponUseResult	19801.869999999999	15602.68
db.CorporateRegistrationIssueLog	20784.049999999999	15936.360000000001
db.CorporateRegistrationIssueMaintenance	33791.980000000003	15831.040000000001
db.CorporateRegistrationIssueRequest	19005.790000000001	12501.629999999999
db.CorporateRegistrationPaidIssue	20403.200000000001	13844.26
db.CorporationPostRegistrationEmail	15311.450000000001	9409.5699999999997
db.CorporationPostRegistrationScheduledEmail	15392.280000000001	7931.5100000000002
db.CorporationPostRegistrationScheduledEmailPeriodicTaskRelation	14654.780000000001	7541.8299999999999
db.Credit	20924.200000000001	13865.049999999999
db.CreditCard	24531.349999999999	13407.58
db.CreditUse	22278.360000000001	13911.1
db.CsAgentResponse	25262.610000000001	11432.879999999999
db.CsAgentResponseFeedBack	25871.240000000002	11342.82
db.CustomOptionGrantContractTemplate	20104.099999999999	15883.1
db.CustomOptionGrantContractTemplateRevision	20600.099999999999	16800.07
db.DailyNewspaper	17232.32	15278.52
db.DataPortalAddressInformationCache	2236.1799999999998	34205.830000000002
db.DebtConfirmationAndOffsetContractDocument	17410.950000000001	25596.830000000002
db.DemoCompanyCreationLog	2224.6399999999999	34032.040000000001
db.Department	15077.1	32329.310000000001
db.DepartmentStaffUserRelation	18138.009999999998	31830.799999999999
db.Director	16636.259999999998	16440.950000000001
db.DirectorAppointmentEvent	16149.15	16160.01
db.DirectorCompensationDecisionEvent	16528.16	16852.25
db.DirectorCompensationLimitEvent	16463.490000000002	16653.349999999999
db.DirectorDecisionDocument	19181.82	27052.119999999999
db.DirectorResidentRegistrationWithAddressChangeHistoryDocument	14125.120000000001	23508.360000000001
db.DirectorTermEndEvent	16186.23	16364.67
db.DirectorVote	14896.75	20796
db.DirectorVotingRightsPerAgenda	14582.24	20824.73
db.DirectorsMeeting	15445.27	20253.139999999999
db.DirectorsMeetingAgenda	15287.549999999999	21027.540000000001
db.DirectorsMeetingDirectorAttendance	14692.190000000001	20615.91
db.DirectorsMeetingMinutesDocument	15987.49	24946.900000000001
db.DirectorsMeetingNoticeDocument	16405.59	29233.66
db.DirectorsMeetingNoticeEmail	15905.08	19222.169999999998
db.DirectorsMeetingNoticeEmailRecipient	15763.82	19579.98
db.DirectorsMeetingSkipNoticeDocument	15791.68	29535.59
db.DivaFund	2205.4200000000001	33891.300000000003
db.DocumentDelivery	20020.459999999999	12467.23
db.DocumentDeliveryQuestionThreadRelation	20399.099999999999	12564.27
db.DocumentLoadedPdfEvent	33862.300000000003	11218.639999999999
db.DocumentParseResult	20204.849999999999	16829.209999999999
db.DormantConversionNotifiedActivity	2181.4299999999998	33754.989999999998
db.DormantUser	-2339.2199999999998	31267.169999999998
db.DormantUserEmail	-606.94000000000005	30183.419999999998
db.DormantUserPhone	-1520.6900000000001	29604.889999999999
db.DormantUserReactivationToken	-389.87	30318.389999999999
db.ESOP	9491.4300000000003	16757.09
db.ESOPParticipant	9111.8600000000006	15916.48
db.EditableCompanyOwnerAuditLog	16471.330000000002	10020.15
db.ElectronicCertificate	17119.77	17004.43
db.ElectronicCertificateApplicationFormDocument	7956.6300000000001	25187.619999999999
db.ElectronicCertificateCaseReportDocument	8814.7399999999998	23459.720000000001
db.ElectronicCertificateFileDownloadHistory	18342.689999999999	17355.689999999999
db.ElectronicCertificateFileUploadRequest	17611.630000000001	17023.130000000001
db.ElectronicCertificateFileUploaded	18083.16	17229.860000000001
db.ElectronicCertificateReturnRequest	22209.139999999999	19183.700000000001
db.Email	24511.889999999999	4474.3299999999999
db.EmailActivity	25653.259999999998	25663.049999999999
db.EmailActivityRecipient	25787.040000000001	23134.189999999999
db.EmailActivityRecipientStatusHistory	25906.369999999999	24588.169999999998
db.EmailVerification	25314.91	4769.25
db.Employee	8471.3600000000006	15010.73
db.EmployeeDepartmentCodeRelation	9010.6399999999994	14334.379999999999
db.EmployeeGroup	11707.51	13951.209999999999
db.EmployeeNumber	11648.629999999999	14093.959999999999
db.EmployeeOption	10750.370000000001	12537.83
db.EmployeeOptionExerciseCandidate	11102.040000000001	13560.200000000001
db.EmployeeOptionExerciseCandidateFile	11178.889999999999	12960.610000000001
db.EmployeeOptionExerciseClaim	12837.059999999999	13045.870000000001
db.EmployeeOptionExerciseClaimOption	11698.530000000001	12775.91
db.EmployeeOptionExerciseEvent	15780.65	17254.830000000002
db.EmployeeOptionExerciseManagement	12471.23	13646.74
db.EmployeeOptionExerciseManagementEmail	13163.15	14126.32
db.EmployeeOptionGrantee	8422.9200000000001	14245.540000000001
db.EmployeeOptionVesting	9541.3199999999997	13042.07
db.EmployeeOptionVestingItem	9452.3999999999996	13252.33
db.EmployeeOptionVestingTraceable	10452.280000000001	13188.950000000001
db.EmployeeStock	9432.7000000000007	15836.110000000001
db.EmployeeStockDepositEvent	2224.2800000000002	33596.629999999997
db.EmployeeStockGuide	9828.8500000000004	16377.74
db.EmployeeStockGuideAudience	10073.4	15771.42
db.EmployeeStockGuideEmail	11514.57	17157.529999999999
db.EmployeeStockTag	9731.6700000000001	16057.809999999999
db.EmployeeStockTagCategory	9428.2900000000009	16103.790000000001
db.EmployeeStockWithdrawEvent	2229.6700000000001	33448.339999999997
db.EmployeeStockWithdrawRequest	10242.23	16745.02
db.EmploymentCertificateDocumentRequest	12546.299999999999	14027.49
db.EmploymentStatusHistory	11558.120000000001	14224.9
db.Event	15570.719999999999	16895.459999999999
db.EventAttachment	15875.77	15645.58
db.ExpertClient	21728.77	14678.15
db.ExpertClientIncorporationSupport	21381.82	14879.82
db.ExpertClientSignupChannel	24063.279999999999	15006.77
db.ExpertClientTaxServiceSettings	21628.34	15004.49
db.ExpressDelivery1	298.63999999999999	9758.8799999999992
db.ExternalStockInfo	15261.530000000001	9838.6399999999994
db.FABContent	21533.830000000002	18509.82
db.Faq	2198.6900000000001	33291.660000000003
db.FaqLink	2142.27	33165.860000000001
db.FeeReceiptDocument	16477.91	27689.849999999999
db.Feed	29296.34	7273.2600000000002
db.FileAttachment	20655.18	18517.700000000001
db.FileValueWithVisibility	38577.370000000003	5911.0500000000002
db.FinanceAndInsurance	2169.4499999999998	33037.440000000002
db.FinancialAccount	11096.139999999999	16945.66
db.FinancialInstitution	11404.32	16432.139999999999
db.FinancialStatementsDocument	19538.779999999999	27418.029999999999
db.FinancialStatementsForNewIssueFromConversionDocument	15863.92	23457.549999999999
db.Fund	33441.660000000003	13701.309999999999
db.FundPartner	36197.459999999999	13712.6
db.FundingNewsDistributionServiceRequest	18315.25	14582.34
db.HelpTemplate	8406.2000000000007	9731.0699999999997
db.HoldingCompany	20486.419999999998	14381.879999999999
db.Holiday	2131.77	32910.940000000002
db.Hrm	-301.39999999999998	16089.709999999999
db.HrmAlpConfig	-2263.52	15835.129999999999
db.HrmAlpConfigIndivApprovalTemplateRel	-1792.98	15535.07
db.HrmAlpExcludedEmp	5726.7399999999998	17965.279999999999
db.HrmAlpLaborReceiptRefusal	5077.3100000000004	18891.610000000001
db.HrmAlpTarget	5058.3599999999997	18353.91
db.HrmAlpUsageDesignation	5658.6000000000004	18658.200000000001
db.HrmAlpUsageDesignationDate	6176.1800000000003	18476.759999999998
db.HrmAlpUsagePlan	5530.1800000000003	18240.060000000001
db.HrmAlpUsagePlanDate	5863.7700000000004	18196.299999999999
db.HrmAnnualLeave	3854.5500000000002	21838.779999999999
db.HrmAnnualLeaveAdjustment	5433.2200000000003	18086.099999999999
db.HrmAnnualLeaveConfigBase	3898.75	22684.119999999999
db.HrmAnnualLeaveFiscalBasedConfig	4181.1899999999996	25120.450000000001
db.HrmAnnualLeaveHireBasedConfig	3765.8699999999999	24301.099999999999
db.HrmApprovable	2819.29	17809.209999999999
db.HrmApproval	3628.8099999999999	18112.759999999998
db.HrmApprovalLine	3609	18245.610000000001
db.HrmApprovalReview	3074.3099999999999	18321.790000000001
db.HrmApprovalTemplate	1551.9300000000001	18053.18
db.HrmApprovalTemplateLine	2515.8000000000002	18363.73
db.HrmApprovalTemplateReview	2097.1399999999999	18344.57
db.HrmApprover	2594.9899999999998	18574.32
db.HrmAttendance	4146.6000000000004	17905.830000000002
db.HrmAttendanceItem	4619.3400000000001	17843.150000000001
db.HrmCertificateConfig	-1129.6199999999999	16176.200000000001
db.HrmCertificateConfigIndividualApprovalTemplateRelation	-1871.3399999999999	16667.32
db.HrmCertificateIssue	5674.6099999999997	16568.25
db.HrmCommonLocation	5349.4399999999996	15468.940000000001
db.HrmCompensatoryLeave	1883.45	20818.09
db.HrmConciergeRequest	18107.279999999999	10131.5
db.HrmCustomLeave	2388.23	20810.189999999999
db.HrmDailyLeaveUsageItem	5299.5500000000002	20636.209999999999
db.HrmDept	258.11000000000001	18567.130000000001
db.HrmDeptAbolishedEvent	77.329999999999998	22878.34
db.HrmDeptCreatedEvent	-99.189999999999998	20996.439999999999
db.HrmDeptEventBase	-1065.3099999999999	20641.77
db.HrmDeptName	-1214.29	19880.470000000001
db.HrmDeptNameChangedEvent	-1004.28	20083.52
db.HrmDeptNameEventBase	-1454.6500000000001	20398.029999999999
db.HrmDeptParent	-371.55000000000001	19870.189999999999
db.HrmDeptParentChangedEvent	-898.42999999999995	20281.93
db.HrmDeptParentEventBase	-163.61000000000001	20324.52
db.HrmDeptReorg	-1060.28	15313.219999999999
db.HrmDeptStatus	248.81999999999999	20088.419999999998
db.HrmDeptStatusEventBase	34.340000000000003	21692.75
db.HrmDocument	2081.3499999999999	15590.43
db.HrmDocumentDraft	215.97	12988.59
db.HrmDocumentDraftFieldAttachment	680.66999999999996	11347.940000000001
db.HrmDocumentDraftFieldMultiSelectValue	-687.99000000000001	13302.629999999999
db.HrmDocumentDraftFieldValue	-446.99000000000001	12934.360000000001
db.HrmDocumentFieldAttachment	-1200.6500000000001	14411.389999999999
db.HrmDocumentFieldMultiSelectValue	-291.94	13827.030000000001
db.HrmDocumentFieldValue	-288.63999999999999	14317.129999999999
db.HrmDocumentForm	-488.64999999999998	15034.209999999999
db.HrmDocumentFormFieldDefinition	-2337.4499999999998	13983.629999999999
db.HrmDocumentFormFieldSelectOption	-983.16999999999996	13500.690000000001
db.HrmDocumentFormIndividualApprovalTemplateRelation	-1565.03	15209.1
db.HrmEmp	4616.6199999999999	18111.110000000001
db.HrmEmpAbsenceEvent	4731.1599999999999	15716.139999999999
db.HrmEmpAffiliation	2443.7399999999998	17766.189999999999
db.HrmEmpAffiliationChangedEvent	2996.4200000000001	16714.939999999999
db.HrmEmpAffiliationDept	766.66999999999996	18247.389999999999
db.HrmEmpAffiliationEventBase	3547.9699999999998	17057.209999999999
db.HrmEmpContract	4657.5500000000002	35317.610000000001
db.HrmEmpContractCommonVar	60.009999999999998	15626.74
db.HrmEmpContractMgmt	2186.9299999999998	27648.849999999999
db.HrmEmpContractModusignDocument	28456.889999999999	36464.059999999998
db.HrmEmpContractTemplate	-1897.3800000000001	20248.650000000001
db.HrmEmpContractTemplateRevision	-873.66999999999996	22355.810000000001
db.HrmEmpContractTemplateRevisionSigner	-1783.76	22911.880000000001
db.HrmEmpDepartedEvent	5830.6899999999996	15861.809999999999
db.HrmEmpEmploymentType	4455.46	17502.150000000001
db.HrmEmpEmploymentTypeChangedEvent	4679.54	17169.919999999998
db.HrmEmpEmploymentTypeEventBase	4530.0900000000001	17035.220000000001
db.HrmEmpEventBase	4016.4400000000001	16930.310000000001
db.HrmEmpJob	2376.5100000000002	16520.439999999999
db.HrmEmpJobChangedEvent	3174.2600000000002	15997.860000000001
db.HrmEmpJobEventBase	3374.6900000000001	16574.279999999999
db.HrmEmpJobLevel	1727.29	16808.34
db.HrmEmpJobPosition	1893.51	16495.599999999999
db.HrmEmpJobRole	1462.0699999999999	16612.91
db.HrmEmpJobTitle	1368.73	15945.16
db.HrmEmpJoinedEvent	4988.8400000000001	16481.529999999999
db.HrmEmpMov	596.24000000000001	15753.379999999999
db.HrmEmpReturnToWorkEvent	5151.5699999999997	15707.01
db.HrmEmpSalaryAccount	10847.48	16433.880000000001
db.HrmEmpStatus	6761.6999999999998	16107.98
db.HrmEmpStatusEventBase	5390.96	15853.16
db.HrmEmpUserInvitation	2882.73	18040.799999999999
db.HrmEmpUserInvitationInvitee	2526.27	18202.599999999999
db.HrmEmpWorkAssignment	3266.8800000000001	18884.290000000001
db.HrmEmpWorkLocationAssignment	4068.98	16183.25
db.HrmEmpWorkLocationConfig	3887.1300000000001	16476.200000000001
db.HrmFamilyCareLeave	1881.1600000000001	20939.439999999999
db.HrmFixedWork	1896.51	18752.389999999999
db.HrmFixedWorkSchedule	2010.2	18627.889999999999
db.HrmGoogleCalendarIntegration	-624.52999999999997	15415.969999999999
db.HrmGrantableLeave	3531.8200000000002	20228.290000000001
db.HrmInfertilityTreatmentLeave	3017.9099999999999	20393.57
db.HrmLeaveBase	3101.2600000000002	20993.970000000001
db.HrmLeaveCommonConfig	1876.4000000000001	21058.700000000001
db.HrmLeaveGrant	3916.3800000000001	19257.509999999998
db.HrmLeaveIndividualApprovalTemplateRelation	1442.21	20055.450000000001
db.HrmLeaveUsage	6665.1099999999997	18380.919999999998
db.HrmLeaveUsageAttachment	7039.5100000000002	19318.689999999999
db.HrmLeaveUsageItem	4663.4799999999996	19427.900000000001
db.HrmMaternityLeave	1874.6700000000001	21178.18
db.HrmMenstrualLeave	2436.4000000000001	21423.25
db.HrmMiscarriageLeave	1874.47	21298.779999999999
db.HrmOngoingAttendance	5746.0200000000004	17230.549999999999
db.HrmOngoingAttendanceClockedSchedule	6487.5699999999997	16843.580000000002
db.HrmPaternityLeave	2384.9899999999998	21290.27
db.HrmPersonalLocation	6407.8000000000002	16224.52
db.HrmRequestor	708.5	19388.759999999998
db.HrmReserveTrainingLeave	2238.3000000000002	21754.689999999999
db.HrmSigner	-969	15925.059999999999
db.HrmStaffNote	-1412.9200000000001	16030.85
db.HrmStaggeredWork	702.96000000000004	19549
db.HrmStaggeredWorkSchedule	1407.05	20465.459999999999
db.HrmStandardWork	-1151.0599999999999	16756.720000000001
db.HrmStandardWorkSchedule	-1539.74	17715.849999999999
db.HrmTag	-1077.6300000000001	15660.17
db.HrmWorkAutoClockOutConfig	1082.97	18922.349999999999
db.HrmWorkBase	1807.49	19025.75
db.HrmWorkIndividualApprovalTemplateRelation	2579.48	19053.189999999999
db.HrmWorkLocation	3364.6300000000001	15366.469999999999
db.HrmWorkLocationGpsConfig	5427.4899999999998	15000.530000000001
db.HrmWorkOvertime	1173.78	18801.740000000002
db.IBKSignupChannel	25892.43	14561.16
db.IBKUser	25896.09	14322.75
db.IBKUserLoginToken	25786.880000000001	14441.469999999999
db.IaAccountInfo	34364.370000000003	18250.540000000001
db.IaCertificateOfInvestmentDocument	36889.190000000002	18587.34
db.IaCertificateOfInvestmentDocumentEmail	-2535.8400000000001	20202.580000000002
db.IaCertificateOfInvestmentDocumentRecipient	-2484.3699999999999	20038.259999999998
db.IaConfirmationRequest	25661.970000000001	19027.450000000001
db.IaConsentForm	35538.970000000001	18743.32
db.IaConsentFormDocument	36271.839999999997	18507.599999999999
db.IaConsentFormOrMeeting	33549.269999999997	19270.98
db.IaConsentFormOrMeetingDocumentGeneration	34120.269999999997	19217.34
db.IaConsentFormOrMeetingDocumentGenerationItem	35069.709999999999	19165.59
db.IaConsentFormOrMeetingElectronicSignatureRequest	33421.900000000001	21251.529999999999
db.IaConsentFormOrMeetingElectronicSignatureRequestModusignDocument	28135.369999999999	21095.560000000001
db.IaConsentFormOrMeetingElectronicSignatureRequestModusignEmbeddedDraft	26262.130000000001	21880.169999999998
db.IaConsentFormOrMeetingElectronicSignatureRequestStatusHistory	33164.699999999997	21861.459999999999
db.IaConsentFormOrMeetingElectronicSignatureRequestUploadedModusignDocument	29502.060000000001	21523.700000000001
db.IaConsentFormOrMeetingElectronicSignatureRequiredDocument	33811.470000000001	19941.639999999999
db.IaConsentFormOrMeetingEsigRequiredDocumentPageRange	34740.160000000003	19813.740000000002
db.IaConsentFormOrMeetingGuideEmail	33823.529999999999	18961.529999999999
db.IaConsentFormOrMeetingGuideEmailRecipient	33758.769999999997	18729.310000000001
db.IaDocumentArchive	32638.91	15021.35
db.IaDocumentArchiveAttachment	32144.900000000001	15148
db.IaExpertPartnerBulkEmailTemplate	21274.98	15277.73
db.IaExplanationFormForElectronicSignatureDocument	37737.080000000002	18595.290000000001
db.IaFoundingMeetingEvent	2168.8200000000002	32785.940000000002
db.IaFoundingProgressStatus	32157.689999999999	17644.439999999999
db.IaGpAppointmentEvent	35632.639999999999	17919.689999999999
db.IaGpTerminationEvent	35974.230000000003	18233.830000000002
db.IaInvestmentCertificateRegistrationRequest	39560.330000000002	19887.630000000001
db.IaLegalPartnerRelation	25685.029999999999	15427.469999999999
db.IaMeeting	33942.870000000003	20172.950000000001
db.IaMeetingAgenda	35624.139999999999	20554.369999999999
db.IaMeetingAgendaCustom	36030.57	20898.470000000001
db.IaMeetingAgendaVote	35319.019999999997	22623.799999999999
db.IaMeetingConvocationNoticeEmail	35061.25	21987.59
db.IaMeetingConvocationNoticeRecipient	34824.290000000001	21085.560000000001
db.IaMeetingMinutesDocument	35170.25	20049.939999999999
db.IaMeetingNoticeDocument	34861.589999999997	19932.009999999998
db.IaMeetingSealedNoticeDocumentFile	29502.119999999999	19672.41
db.IaMeetingShortenPeriodDocument	36980.82	20436.139999999999
db.IaModusignDocumentUsageHistory	27622.169999999998	14591.84
db.IaOperation	34855.870000000003	16443.130000000001
db.IaOperationManagement	34613.169999999998	16656.639999999999
db.IaOwner	34647.639999999999	17181.130000000001
db.IaOwnerAuditLog	26951.349999999999	7812.9700000000003
db.IaPartnerDataCollection	27179.720000000001	17758.509999999998
db.IaPartnerDataCollectionItem	25430.41	17952.290000000001
db.IaPartnerDataCollectionItemReply	25676.880000000001	18104.73
db.IaPartnerInvestmentConfirmation	35282.68	17103.34
db.IaPartnerInvestmentConfirmationEmail	11727.01	5714.6499999999996
db.IaPartnerInvestmentConfirmationEmailRecipient	11938.299999999999	5596.4799999999996
db.IaPartnerListDocument	35651.150000000001	19093.119999999999
db.IaPaymentLink	28542.060000000001	14763.389999999999
db.IaPfCompany	31130.41	18730.279999999999
db.IaPfCompanyInvestment	34404.010000000002	22384.59
db.IaPfCompanyInvestmentSalesIntent	33858.480000000003	22435.369999999999
db.IaPfCompanyInvestmentStock	32806.870000000003	22106.060000000001
db.IaQuestionThread	26773.07	13882.66
db.IaRule	27769.09	19301.66
db.IaRuleCompensation	28173.98	19209.080000000002
db.IaRuleDocument	32487.59	19154.09
db.IaRuleInvestment	28175.119999999999	19674.349999999999
db.IaRuleMeeting	28253.169999999998	19040.82
db.IaRulePartner	28400.849999999999	19438.27
db.IaSealStamp	22267.810000000001	18219.02
db.IaSealStampImage	22346.040000000001	18375.970000000001
db.IaShareTransferEvent	2158.0799999999999	32657.950000000001
db.IaUserInvitation	34067.059999999998	16840.279999999999
db.IaUserInvitationInvitee	37259.400000000001	16649.02
db.IaWrittenResolutionDocument	36760.190000000002	20113.290000000001
db.ImAcVcBroker	29266.18	12350.709999999999
db.ImAccessLog	30772.860000000001	11238.639999999999
db.ImAttachment	32658.790000000001	11220.58
db.ImAttachmentDownloadLog	34404.779999999999	11770.82
db.ImAttachmentPdfEvent	34242.449999999997	11576.23
db.ImBroker	33582.519999999997	12154.98
db.ImBrokerAssignment	29267.330000000002	11682
db.ImBrokerAssignmentInvitedUser	31960.529999999999	11852.379999999999
db.ImConsultingRequest	26953.66	9498.0900000000001
db.ImContactRequest	30627.919999999998	11554.540000000001
db.ImContactRequestIntention	30270.669999999998	11317.98
db.ImDay	34283.690000000002	11141.27
db.ImDayParticipation	32404.34	10477.34
db.ImDayParticipationAttachment	32028.869999999999	10089.870000000001
db.ImDaySurvey	31570.009999999998	10769.34
db.ImDisclosing	29392.330000000002	9724.1599999999999
db.ImIndividualGpBroker	31604.68	12409.75
db.ImInvestorBroker	35216.709999999999	12334.629999999999
db.ImInvestorMemo	29962.310000000001	11556.48
db.ImIrPartnerBroker	31165.540000000001	12089.959999999999
db.ImIrPartnerBrokerOwnerRelation	30630.860000000001	12193.629999999999
db.ImNote	29106.419999999998	10354.780000000001
db.ImPitchingDay	32803.410000000003	10441.540000000001
db.ImPitchingDayParticipation	30973.470000000001	9823.7700000000004
db.ImTag	30698.139999999999	10385.969999999999
db.ImWatching	27853.490000000002	9117.9200000000001
db.ImZuzuBroker	32035.23	12231.809999999999
db.InauguralConsentDocument	13386.620000000001	23276.310000000001
db.IncorporationBenefitRequest	22031.48	15206.110000000001
db.IncorporationIssueEvent	2230.3800000000001	32537.169999999998
db.IncorporationRequest	21820.48	15949.76
db.IncorporationRequestAoiFile	22225.720000000001	15752.59
db.IncorporationRequestAssistance	22347.970000000001	15932.870000000001
db.IncorporationRequestAssistanceReceipt	22139.200000000001	17623.959999999999
db.IncorporationRequestDirector	21862.700000000001	17072.959999999999
db.IncorporationRequestPromoter	23402.939999999999	17798.950000000001
db.IncorporationRequestPromoterInstitutionCeo	23548.740000000002	17582.889999999999
db.IncorporationRequestPurpose	21226	16079.540000000001
db.IndividualInvestorCompany	33111.190000000002	25860.23
db.IndividualInvestorCompanyCeo	27742.84	22143.32
db.IndividualInvestorCompanyInfo	30514.400000000001	24905.959999999999
db.IndividualInvestorCompanyName	34956.970000000001	25163.970000000001
db.IndividualInvestorCompanyParValue	31419.459999999999	25407.310000000001
db.IndividualInvestorCompanyShareClass	32101.380000000001	27313.119999999999
db.IndividualInvestorCompanyShareStock	31637.040000000001	26558.959999999999
db.IndividualInvestorEvent	37079.93	28043.860000000001
db.IndividualInvestorStakeholder	28575.939999999999	22079.869999999999
db.IndividualInvestorUser	25724.279999999999	20290.040000000001
db.IndividualStakeholder	7688.4300000000003	21977.110000000001
db.IndividualStockOption	30290.740000000002	23215.549999999999
db.IndividualStockOptionCancelEvent	38520.019999999997	28728.470000000001
db.IndividualStockOptionCreateRequest	31509.529999999999	23020.799999999999
db.IndividualStockOptionCreateRequestEtcFile	32765.759999999998	22996.810000000001
db.IndividualStockOptionExerciseEvent	38952.779999999999	29802.75
db.IndividualStockOptionGrantContract	29874.330000000002	22871.389999999999
db.IndividualStockOptionGrantEvent	37187.120000000003	26291.880000000001
db.IndividualStockOptionGrantee	29889.759999999998	22116.599999999999
db.IndividualStockOptionPauseEvent	32622.790000000001	27293.759999999998
db.IndividualStockOptionResumeEvent	33428.690000000002	29417.290000000001
db.IndividualStockOptionSalesIntent	33899.809999999998	23137.869999999999
db.IndividualStockOptionVesting	31116.77	23622.27
db.IndividualStockOptionVestingItem	31261.130000000001	23387.720000000001
db.IndividualStockOptionVestingTraceable	30756.290000000001	22811.869999999999
db.IndustrialCode	17212.59	14735.799999999999
db.InputChannel	26560.040000000001	15266.290000000001
db.InputSignupChannel	25931.029999999999	15046.370000000001
db.InstitutionStakeholder	10085.6	21191.07
db.InstitutionStakeholderManager	10003.889999999999	21624.610000000001
db.InternetRegistryOfficeOtp	16955.380000000001	16275.83
db.InternetRegistryOfficeOtpReturnRequest	22448.650000000001	19587.389999999999
db.InvestmentAssociation	30664.490000000002	16671.869999999999
db.InvestmentAssociationAssociationPartner	36357.029999999999	15873.51
db.InvestmentAssociationAssociationPartnerManager	2245.3699999999999	32396.529999999999
db.InvestmentAssociationCorporationPartner	39182.309999999998	15949.459999999999
db.InvestmentAssociationCorporationPartnerManager	2230.5700000000002	32224.360000000001
db.InvestmentAssociationDocument	35797.849999999999	19385.77
db.InvestmentAssociationEvent	33363.620000000003	17684.119999999999
db.InvestmentAssociationIndividualPartner	36517.260000000002	17106.220000000001
db.InvestmentAssociationIndividualPartnerLegalRepresentative	37260.440000000002	17045.98
db.InvestmentAssociationOrganizationPartner	38137.900000000001	16902.490000000002
db.InvestmentAssociationOrganizationPartnerCeo	39058.190000000002	16826.459999999999
db.InvestmentAssociationOrganizationPartnerCorporationSigner	38587.550000000003	14867.219999999999
db.InvestmentAssociationOrganizationPartnerCorporationSignerCeo	38790.599999999999	14995.66
db.InvestmentAssociationOrganizationPartnerIndividualSigner	37704.650000000001	14932.66
db.InvestmentAssociationOrganizationPartnerManager	34915.379999999997	15449.33
db.InvestmentAssociationOrganizationPartnerSigner	37910.360000000001	15116.110000000001
db.InvestmentAssociationPartner	39654.330000000002	18300.950000000001
db.InvestmentAssociationPartnerManager	38117.410000000003	17587.919999999998
db.InvestmentAssociationPartnerResume	41023.910000000003	16727.470000000001
db.InvestmentAssociationPartnerResumeItem	41180.620000000003	16310.290000000001
db.InvestmentAssociationPartnerSalesIntent	37106.510000000002	21857.459999999999
db.InvestmentAssociationShare	34492.620000000003	17530.27
db.RtccConsentSummary	13315.84	10467.08
db.InvestmentAgreementDocument	18314.68	15374.85
db.InvestmentContractHolder	11550.780000000001	15670.84
db.InvestmentRound	16068.52	10974.67
db.InvestmentRoundNewIssueEvent	16123.059999999999	10352.43
db.InvestmentSimulation	13268.559999999999	7456.79
db.InvestmentSimulationInitialOption	11367.08	7206.96
db.InvestmentSimulationInitialOptionGrantee	12173.6	7371.04
db.InvestmentSimulationInitialShareholder	9989.8199999999997	6543.2600000000002
db.InvestmentSimulationInitialStock	8072.7399999999998	4511.9499999999998
db.InvestmentSimulationInvestor	18349.049999999999	4497.3900000000003
db.InvestmentSimulationNewIssueInvestment	17813.509999999998	5991.9099999999999
db.InvestmentSimulationPurchaseInvestment	21471.93	6243.5600000000004
db.InvestmentSimulationPurchaseSellStock	21894.41	5741.9899999999998
db.InvestmentSimulationRound	14365.950000000001	6937.4700000000003
db.InvestorInterest	39625.459999999999	13608.66
db.InvestorMatching	28251.950000000001	10921.370000000001
db.InvestorRelations	30608.279999999999	7568.9399999999996
db.InvestorRelationsSurvey	35737.110000000001	10499.6
db.InvitationSeat	8497.4599999999991	12205.469999999999
db.InvitationSeatRequest	10075.49	11321.09
db.IrAiAnalysis	31367.27	7099.29
db.IrAiAnalysisLike	31884.73	6629.6700000000001
db.IrAiSummary	32323.700000000001	7243.46
db.IrAlert	35121.790000000001	9516.9899999999998
db.IrAlertInvestorRelations	34038.93	9230.7199999999993
db.IrApproval	30692.740000000002	7038.9200000000001
db.IrApprovalNotificationDismiss	30837.259999999998	6682.6999999999998
db.IrBrokerActivity	30271.220000000001	8288.5100000000002
db.IrClosing	33065.610000000001	6686.8800000000001
db.IrClosingComplete	31924.549999999999	5084.8500000000004
db.IrClosingExpired	33075.580000000002	7238.6400000000003
db.IrClosingIncomplete	34253.830000000002	6709.04
db.IrCommittedInvestmentAmount	34676.080000000002	10081.32
db.IrCompanyCreate	17507.25	9806.6800000000003
db.IrConsultingRequest	27502.490000000002	9652.0599999999995
db.IrFeed	30251.369999999999	7534.3100000000004
db.IrFeedAccessLog	31089.740000000002	8060.29
db.IrFeedRating	29789.43	7573.29
db.IrFundRaising	36186.760000000002	7574.8900000000003
db.IrFundRaisingMemo	35196.43	7824.0100000000002
db.IrFundRaisingStageLog	35557.809999999998	5214.3500000000004
db.IrInsightClub	36004.550000000003	8812.3999999999996
db.IrInsightClubParticipation	35158.269999999997	8055.3400000000001
db.IrInsightClubParticipationAttendee	34757.309999999998	7702.5
db.IrInsightClubSurvey	35746.169999999998	8127.54
db.IrInvestorFeedback	38124.209999999999	12807.290000000001
db.IrNote	32716.759999999998	7393.8299999999999
db.IrSearchMetadata	32434.880000000001	8101.1400000000003
db.IrSubscription	13735.120000000001	7714.3199999999997
db.IrSubscriptionMarketingRequest	14274.950000000001	7949.8199999999997
db.IrSyncState	2214.0900000000001	32049.150000000001
db.IrTeamMember	32721.669999999998	7512.96
db.IrTranscript	32305.939999999999	7633.75
db.IrosOtpIssueMeetingDocument	9792.7000000000007	22774.880000000001
db.Jurisdiction	13141.43	9909.6100000000006
db.LawtalkSignup	18263.16	15921.91
db.LawtalkSignupAttachment	18746.310000000001	16251.450000000001
db.LedgerByCustomerDocument	16210.1	23690.220000000001
db.LegalPartner	22486.5	14770.84
db.LegalPartnerEmail	22956.130000000001	14242.129999999999
db.LegalPartnerPaypleSettings	23438.23	15678.85
db.LegalPartnerRegistrationAssistanceSettings	22758.369999999999	16191.26
db.LegalPartnerSignupChannel	24181.450000000001	14422.18
db.LegalPartnerSlackChannels	23042.810000000001	14973.15
db.LegalPartnerUserRelation	23223.970000000001	15985.379999999999
db.ManualOptionVesting	14353.559999999999	18420.310000000001
db.ManualOptionVestingItem	14265.08	18547.66
db.ManualProduct	24414.799999999999	12063.99
db.Meeting	17250.080000000002	17563.73
db.MeetingAttachment	18652.48	17767.68
db.MeetingAttorney	17664.07	17333.709999999999
db.MeetingDirectorContact	14386.299999999999	17825.439999999999
db.MeetingDocument	14846.08	26106.700000000001
db.MeetingDocumentCache	19917.849999999999	26879.009999999998
db.MeetingDocumentGeneration	19696.189999999999	22056.23
db.MeetingDocumentGenerationItem	22151.220000000001	26945.779999999999
db.MeetingDocumentManualModification	17802.98	26296.830000000002
db.MeetingDraft	16440.150000000001	20568.380000000001
db.MeetingDraftAgendaDirectorChange	12522.299999999999	20608.630000000001
db.MeetingDraftAgendaDirectorCompensation	14898.93	20097.16
db.MeetingDraftAgendaDirectorCompensationItem	13166.700000000001	20033.040000000001
db.MeetingDraftRegistrationAssistance	16225.129999999999	20133.490000000002
db.MeetingDraftSchedule	15635.610000000001	20395.779999999999
db.MeetingPrice	2150.3800000000001	31923.290000000001
db.MembershipContent	-1460.2	5013.2700000000004
db.MembershipContentAccessLog	-2138.23	4453.5799999999999
db.MembershipContentAuthor	27584.130000000001	25297.380000000001
db.MembershipContentAuthorRelation	27795.419999999998	25577.619999999999
db.MiraeassetAccount	6957.0299999999997	11891.690000000001
db.Mna	27877.57	10703.889999999999
db.MnaBuyer	13090.790000000001	7838.1700000000001
db.MnaBuyerAttachment	12285.370000000001	8392.6800000000003
db.MnaConsultingRequest	26758.529999999999	9716.3700000000008
db.ModusignAccount	22151.880000000001	20285.990000000002
db.ModusignApiKey	22876.32	21082.150000000001
db.ModusignApiLog	22300.540000000001	20057.610000000001
db.ModusignAuthentication	22450.43	20179.580000000002
db.ModusignAuthorizationRequest	2188.54	31787.419999999998
db.ModusignCompanyUserConnection	25570.259999999998	9435.7900000000009
db.ModusignDocument	23683.84	20636.490000000002
db.ModusignDocumentActionHistory	24298.57	20527.060000000001
db.ModusignDocumentModusignAccountRelation	22807.849999999999	20293.09
db.ModusignDocumentModusignApiKeyRelation	23106.619999999999	20827.98
db.ModusignDocumentParticipant	24052.77	20169.57
db.ModusignEmbeddedDraft	22719.720000000001	21680.16
db.ModusignExceededSignings	19336.330000000002	10150.889999999999
db.ModusignIaUserConnection	31215.93	15800.77
db.NaverWorkplaceAuthentication	2232.2399999999998	31656.48
db.NaverWorkplaceCompany	27126.330000000002	15022.370000000001
db.NaverWorkplaceEmployee	26764.860000000001	14849.25
db.NcpSignupChannel	26692.810000000001	14999.15
db.NewCeoCertificateOfSealDocument	17150.330000000002	28628.369999999999
db.NewCeoResidentRegistrationDocument	17487.630000000001	29382.889999999999
db.NewIssueEvent	16043.969999999999	9883.2299999999996
db.NewIssueNoticeEmail	12988.290000000001	20738.860000000001
db.NewIssueNoticeEmailRecipient	13414.93	20602.34
db.NewIssueSkipNoticeDocument	15166.77	23088.049999999999
db.NewIssueStockAcceptanceDocument	17972.830000000002	26078.169999999998
db.NewIssueStockAllocationDocument	18578.790000000001	24266.23
db.NewIssueStockAllocationRecordDateNoticeDocument	21548.59	24119.5
db.NewIssueStockSubscriptionDocument	17811.110000000001	25333.939999999999
db.NewIssueStockUnissuedConfirmationDocument	17975.18	25676.220000000001
db.NewPartnerInvestmentEvent	2234.21	31505.389999999999
db.NonUnifiedShareCreateRequest	31250	28132.639999999999
db.NonUnifiedShareEtcFile	30976.27	27335.880000000001
db.NonUnifiedShareManagement	31968.290000000001	26248.389999999999
db.NonUnifiedShareManagementHistory	30321.080000000002	26807.810000000001
db.NonUnifiedShareManagementSalesIntent	36044.959999999999	24549.41
db.NonUnifiedShareStockUnissuedConfirmationFile	31524.939999999999	29269.049999999999
db.NonUnifiedShareSucPoaDocument	25440.900000000001	21123.529999999999
db.NonUnifiedShareSucPoaModusignDocument	24975.68	21057.580000000002
db.NonUnifiedShareSucRenewRequest	29877.900000000001	26394.889999999999
db.NotarizationPoA	15628.26	23049.82
db.NotarizationPoaDirectorSigner	13691.110000000001	22849.529999999999
db.NotarizationPoaDocument	20086.380000000001	27114.220000000001
db.NotarizationPoaShareholderSigner	16010.139999999999	22963.59
db.Notification	14958.1	9528.6800000000003
db.NotificationInbox	14941.4	9320.9699999999993
db.Option	16801.75	17389.939999999999
db.OptionAdjustment	15517.870000000001	16133.120000000001
db.OptionAttachment	2217.8200000000002	31331.279999999999
db.OptionCancelEvent	2218	31211.68
db.OptionContractTemplatePermission	18489.23	13045.809999999999
db.OptionExerciseClaim	11312.690000000001	17850.16
db.OptionExerciseClaimAttachment	12416.57	17629.130000000001
db.OptionExerciseClaimCandidate	12274.860000000001	17849.900000000001
db.OptionExerciseClaimDocumentSetting	13234.709999999999	16711.689999999999
db.OptionExerciseClaimEventRelation	11254.93	18155.75
db.OptionExerciseClaimMeetingDocument	13228.780000000001	22223.700000000001
db.OptionExerciseClaimOption	11771.790000000001	17911.419999999998
db.OptionExerciseClaimOptionTaxation	11931.34	18060.599999999999
db.OptionExerciseClaimPayment	11702.43	18177.060000000001
db.OptionExerciseEvent	11116.48	18369.459999999999
db.OptionExerciseManagement	13364.639999999999	16143.790000000001
db.OptionExerciseManagementAttachmentSetting	12298.799999999999	17338.599999999999
db.OptionExerciseManagementAttachmentSettingItem	12149.969999999999	17468
db.OptionExerciseManagementEmail	13815.02	16497.029999999999
db.OptionExerciseManagementReminderSetting	13973.35	16104.049999999999
db.OptionExerciseManagementTaxation	12917.17	16237.26
db.OptionExerciseManagementTaxationDefaultSetting	17489.77	9415.5599999999995
db.OptionGrantContract	20905.279999999999	19030.889999999999
db.OptionGrantContractCeo	19534.18	15438.540000000001
db.OptionGrantContractFirstRefusalRightHolder	19614.84	15219.049999999999
db.OptionGrantContractModusignDocument	21688.43	20187.419999999998
db.OptionGrantContractModusignEmbeddedDraft	21778.169999999998	20532.459999999999
db.OptionGrantContractStakeholder	19165.41	15276.799999999999
db.OptionGrantContractTemplate	19490.02	16186.110000000001
db.OptionGrantContractTemplateDraft	17786.77	14057.68
db.OptionGrantContractTemplateRevision	20357.52	16675.369999999999
db.OptionGrantEvent	14923.870000000001	18294.939999999999
db.OptionGrantee	13999.68	19211.610000000001
db.OptionManagement	12746.530000000001	19719.439999999999
db.OptionManagementStakeholderSeat	12345.049999999999	19671.119999999999
db.OptionPauseEvent	34447.559999999998	4530.4300000000003
db.OptionQuantityTimeSeries	2218.3499999999999	31073.380000000001
db.OptionResumeEvent	34654.169999999998	4318.0100000000002
db.OptionTag	14440.780000000001	14023.16
db.OptionTagCategory	14213.09	13906.91
db.OptionTaxCalculatorSetting	21714.299999999999	9951.0200000000004
db.OptionValueChange	16096.790000000001	11097.74
db.OptionVesting	14400.07	18231.790000000001
db.OptionVestingTraceable	2195.6900000000001	30926.549999999999
db.OptionWithdrawEvent	14699.370000000001	16201.93
db.Order	1645.3699999999999	8275.1599999999999
db.OrderPromotionRelation	2993.71	9629.3700000000008
db.OrderStaffInChargeRelation	1411.5799999999999	6714.3400000000001
db.OrderStatusHistory	413.25999999999999	9979.8700000000008
db.OrganizationChart	10505.57	13798.059999999999
db.OtherDocumentArchive	19837.02	16557.630000000001
db.OtherDocumentArchiveAttachment	20172.220000000001	17237.560000000001
db.OwnerPermission	7813.6300000000001	10449.6
db.OwnerRole	9099.2000000000007	11020.08
db.OwnerRolePermissionRelation	8427.1100000000006	10622.040000000001
db.PageNumberUpdatedPdfEvent	34711.440000000002	11496.5
db.PasswordReset	2196.77	30791.619999999999
db.Payment	21264.630000000001	13468.790000000001
db.PaymentLink	26108.16	13281.809999999999
db.PaymentRefund	21590.860000000001	13349.6
db.PaymentStatusHistory	21427.060000000001	13224.02
db.PaymentStore	24148.630000000001	14198.15
db.PaymentTermPartnerInvestmentEvent	2181.5599999999999	30660.73
db.Payroll	4393.8400000000001	4565.25
db.PayrollAnnualSalaryInfo	7689.1400000000003	14294.879999999999
db.PayrollAnnualSalaryItem	6913.04	13845.85
db.PayrollDocumentSealStampSetting	16181.57	14864.26
db.PayrollEmployeeMonthlyWage	4067.2600000000002	18574.169999999998
db.PayrollLedger	11330.25	15137.709999999999
db.PayrollLedgerAttachment	10620.450000000001	14681.860000000001
db.PayrollLedgerFile	11089.299999999999	14672.200000000001
db.PayrollLedgerFileModificationRequest	11648.799999999999	14521.959999999999
db.PayrollLedgerItem	4576.8500000000004	12939.42
db.PayrollLedgerItemSettingRelation	6117.9300000000003	12464.73
db.PayrollManagementRelation	7071.8100000000004	6885.6800000000003
db.PayrollSetting	5201.0600000000004	11604.559999999999
db.PayrollSettlement	10967.73	9390.2000000000007
db.PayrollSettlementAutoCreation	5507.8400000000001	6671.5500000000002
db.PayrollSettlementProgressLog	10272.73	9621.2800000000007
db.PayrollSocialInsuranceSetting	-431.41000000000003	16915.740000000002
db.PayrollStaffUserRelation	3827.0100000000002	4800.5799999999999
db.PayrollStatement	8746.5	15788.620000000001
db.PayrollStatementAttendance	8244.7199999999993	15681.75
db.PayrollStatementDocument	10396.59	15610.709999999999
db.PayrollStatementEmail	10362.889999999999	18065.209999999999
db.PayrollStatementEmailRecipient	9822.0200000000004	18349.950000000001
db.PayrollStatementItem	7757.1599999999999	13387.51
db.PayrollStatementPayrollInformation	8624.7999999999993	16034.92
db.PayrollStatementScheduledEmail	9937.3299999999999	17231.630000000001
db.PayrollStatementScheduledEmailPeriodicTaskRelation	9905.1299999999992	17420.009999999998
db.PdfEvent	34155.059999999998	11448.139999999999
db.PerformanceRsuVestingItem	14632.35	14859.879999999999
db.PeriodPhantomStockVestingItem	8672.5499999999993	18362.939999999999
db.PeriodRsuVestingItem	14709.559999999999	14658.120000000001
db.PeriodicOptionVesting	13926.75	18402.279999999999
db.PeriodicOptionVestingItem	14053.27	18245.849999999999
db.PhantomStock	8772.9899999999998	17272.799999999999
db.PhantomStockCancelEvent	14612	17152.389999999999
db.PhantomStockExerciseEvent	15369.799999999999	17320.669999999998
db.PhantomStockGrantContract	8282.6900000000005	17518.84
db.PhantomStockGrantEvent	14737.120000000001	16954.830000000002
db.PhantomStockGrantee	9247.1900000000005	18180.799999999999
db.PhantomStockPauseEvent	15496.110000000001	16281.83
db.PhantomStockResumeEvent	15375.41	16467.32
db.PhantomStockVesting	8501.0900000000001	17676.060000000001
db.PhantomStockVestingItem	8389.3400000000001	17995.529999999999
db.PhantomStockVestingTraceable	8738.3799999999992	17854.700000000001
db.Phone	3399.8699999999999	12534.870000000001
db.PhoneVerification	5642.1899999999996	14043.049999999999
db.PingpongDelivery	20512.110000000001	12358.26
db.PingpongDeliveryAddress	23733.91	14351.07
db.PipedriveSettings	2218.5700000000002	30502.869999999999
db.PitchingDayHall	35440.93	8736.1499999999996
db.PitchingDayHallAccessLog	35652.489999999998	8984.6299999999992
db.PitchingDayHallAssignedIrs	33283.849999999999	8020.1000000000004
db.Playbook	-1695.9300000000001	4439.4899999999998
db.PortalAcademyGuide	2220.48	30381.459999999999
db.PortalAcademyGuideSubject	2220.0799999999999	30239.700000000001
db.PortalMenuVisibilitySetting	16815.040000000001	10091.17
db.PortalOptionGuide	2207.6100000000001	30097.759999999998
db.PortalSetting	18037.860000000001	9264.0200000000004
db.PortfolioCompany	30782.599999999999	14105.01
db.PortfolioCompanyFund	32090.169999999998	14461.719999999999
db.PortfolioCompanyManager	30494.16	15443.139999999999
db.PortfolioCompanyUserRelation	30935.630000000001	14469.549999999999
db.Post	-2048.9699999999998	4975.5799999999999
db.Price	2177.3299999999999	29960.400000000001
db.PrivacyPolicy	200.72	29870.5
db.PrivacyPolicyLog	150.16	30052.490000000002
db.Product	24700.439999999999	12196.42
db.Promotion	3549.5300000000002	8945.0400000000009
db.PromotionAddress	3526.7399999999998	7175.7299999999996
db.PromotionCode	26177.389999999999	12298.299999999999
db.PromotionCodeUsageHistory	26348.540000000001	12616.75
db.ProofOfEmploymentDocument	18746.310000000001	28041.959999999999
db.Purchase	22947.610000000001	13819.219999999999
db.PurchaseItem	23570.02	13890.58
db.PurchaseStatusHistory	22036.939999999999	13729.440000000001
db.Purpose	17314.119999999999	15143.120000000001
db.PushToken	2133.3200000000002	29838.849999999999
db.QrReplyPasswordReset	25039.48	16377.93
db.QrReplyPasswordResetRequest	25135.73	16749.369999999999
db.QuarterlyReportRequest	29442.470000000001	16868.84
db.QuarterlyReportRequestAttachment	25301.560000000001	17389.18
db.QuarterlyReportRequestRecipient	30713.23	17746.220000000001
db.QuarterlyReportRequestReportItem	28049.080000000002	16769.240000000002
db.QuarterlyReportSettings	29477.349999999999	16123.360000000001
db.QuarterlyReportSignupChannel	29220.84	14533.75
db.QuestionMessageAttachment	22228.27	15340.67
db.QuestionMessageScheduled	24486.02	10949.24
db.QuestionThread	20914.990000000002	12644.389999999999
db.QuestionThreadAssignment	19658.18	12778.629999999999
db.QuestionThreadMessage	24246.59	11468.18
db.QuestionThreadMessageAccessLog	24387.509999999998	11715.4
db.QuestionThreadMessageCategory	25457.549999999999	11585.780000000001
db.QuestionThreadMessageMarkAsAllReadLog	2196.54	29713.16
db.QuestionThreadMessagePeriodicTaskRelation	24256.959999999999	10780
db.QuestionThreadMessageProfile	24835.740000000002	11239.459999999999
db.QuestionThreadMessageReminder	25464.549999999999	11706.440000000001
db.QuestionThreadMessageReview	24934.200000000001	11823.889999999999
db.QuestionThreadMessageReviewRequest	25460.299999999999	11828.450000000001
db.QuestionThreadTag	20996.349999999999	12943.84
db.RebootProductContactRequest	12976.76	11967.66
db.RegisteredMail	-106.59	10057.549999999999
db.Registration	14809.540000000001	19559.810000000001
db.RegistrationAgenda	12587.700000000001	21703.169999999998
db.RegistrationAssistance	20814.150000000001	17531.52
db.RegistrationAssistanceReceipt	21438.619999999999	17816.720000000001
db.RegistrationCaseReport	13170.639999999999	8265.6800000000003
db.RegistrationCaseReportUpdateLog	18212.040000000001	9755.9400000000005
db.RegistrationDirector	14936.57	19724.43
db.RegistrationFormAllInOneDocument	16233.450000000001	24299.900000000001
db.RegistrationFormAoiChangeDocument	13473.719999999999	25707.66
db.RegistrationFormBranchChangeDocument	19642.07	28310.720000000001
db.RegistrationFormCaptable	19090.790000000001	24335.540000000001
db.RegistrationFormCaptableDocument	17279.740000000002	25187.740000000002
db.RegistrationFormCaptableNotarizationRequestor	18190.75	23815.110000000001
db.RegistrationFormCeoAddressChangeDocument	16463.560000000001	25997.740000000002
db.RegistrationFormDirectorChangeDocument	17904.02	28037.959999999999
db.RegistrationFormHeadOfficeInsideRelocationDocument	19474.09	24589.950000000001
db.RegistrationFormHeadOfficeOutsideRelocationDocument	20427.41	24317.790000000001
db.RegistrationFormNewIssueDocument	15336.700000000001	23542.73
db.RegistrationFormNewOptionsRuleDocument	14729.469999999999	27533.810000000001
db.RegistrationHelp	18612.779999999999	14743.4
db.RegistrationPoaDocument	16149.139999999999	29682.98
db.RegistrationRoundRobinState	2217.1500000000001	29563.82
db.RegularProduct	24546.43	12362.219999999999
db.ResignationLetterDocument	13309.33	24387.380000000001
db.ResignedDirectorCertificateOfSealDocument	13918.35	26277.369999999999
db.RightToConsentOrConsult	13982.530000000001	16919.259999999998
db.RsuRsa	14685.940000000001	15258.15
db.RsuAdjustEvent	14478.08	16592.849999999999
db.RsuCancelEvent	15016.690000000001	16329.25
db.RsuExerciseClaim	13359.16	15447.23
db.RsuExerciseClaimAttachment	12871.99	15521.51
db.RsuExerciseClaimCandidate	11478.01	16669.099999999999
db.RsuExerciseClaimCandidateEmailRecipient	12119.870000000001	16504.560000000001
db.RsuExerciseClaimEventRelation	14547.4	15769.129999999999
db.RsuExerciseClaimRsu	13736.860000000001	15374.639999999999
db.RsuExerciseEvent	15119.559999999999	16136.549999999999
db.RsuExerciseManagement	11785.23	16075.92
db.RsuExerciseManagementAttachmentSetting	11941.76	15621.67
db.RsuExerciseManagementAttachmentSettingItem	12397.440000000001	15508.950000000001
db.RsuExerciseManagementEmail	12663.07	16631.709999999999
db.RsuExtraAttachment	15205.450000000001	14880.01
db.RsuGrantContract	15530.93	14916.879999999999
db.RsuGrantContractModusignDocument	21656.009999999998	19264.150000000001
db.RsuGrantContractTemplate	15576.98	14406.76
db.RsuGrantContractTemplateStakeholder	15436.190000000001	14197.299999999999
db.RsuGrantEvent	14914.93	16623.98
db.RsuGrantee	11947.52	17131.490000000002
db.RsuMeeting	15805.309999999999	15104.59
db.RsuMeetingAttachment	15542.219999999999	15246
db.RsuPauseEvent	15067.6	17367.09
db.RsuPerformanceAchievementEvent	15248.08	16651.16
db.RsuPerformanceCondition	14736.08	14280.379999999999
db.RsuResumeEvent	15072.190000000001	17241.490000000002
db.RsuTag	14916.32	14422.200000000001
db.RsuTagCategory	15000.190000000001	14133.719999999999
db.RsuVesting	14215.09	15240.309999999999
db.RsuVestingItem	14249.16	14974.139999999999
db.RsuVestingTraceable	14461.190000000001	15104.200000000001
db.RtccSummaryAnalysisRequest	14536.6	10942.51
db.RtccEmail	13918.370000000001	17083.790000000001
db.RtccEmailAuthentication	14846.18	17711.27
db.RtccInvestor	14371.65	17464.27
db.RtccInvestorFile	16232.18	17359.790000000001
db.Safe	11826.09	15388.26
db.SafeConversionEvent	2219.8099999999999	29417.98
db.SafeCreateEvent	18887.790000000001	18177.43
db.SalesIntent	35631.900000000001	23134.040000000001
db.SalesMetric	23456.970000000001	14700.639999999999
db.SalesReportDocument	14045.549999999999	27576.02
db.SdContactRequest	38056	8651.2999999999993
db.SealCard	-647.5	8368.75
db.SealCardReturnRequest	-1525.03	8473.2900000000009
db.SealCardReturnStatusHistory	-190.21000000000001	9810.5699999999997
db.SealCertificateDelivery	19487.049999999999	12395.559999999999
db.SealCertificateIssueRequest	19678.549999999999	12528.49
db.SealStamp	16523.779999999999	15573.959999999999
db.SealStampCardContinuedUseApplicationFormDocument	9213.6299999999992	23258.360000000001
db.SealStampDeclarationDocument	9526.3600000000006	23106.950000000001
db.SealStampImage	18834.599999999999	17052.169999999998
db.SealStampUsageHistory	10674.65	15349.25
db.SealedOptionGrantContractDocument	20251.450000000001	26237.849999999999
db.SealedOptionGrantShareholdersMeetingResolutionDocument	13764.610000000001	26623.279999999999
db.SecondaryDeal	39110.629999999997	6156.5100000000002
db.SelfRegistration	17701.91	17452.080000000002
db.ServiceFee	24033.619999999999	13565.51
db.ServiceFeeItem	25641.810000000001	12852.690000000001
db.ShareClass	15470.43	18219.310000000001
db.Shareholder	10698.790000000001	22715.23
db.ShareholderInstitutionMember	10203.959999999999	21946.389999999999
db.ShareholderInstitutionMemberCeo	10129.4	22636.240000000002
db.ShareholderVote	17306.48	22838.549999999999
db.ShareholderVotingRightsPerAgenda	17107.389999999999	22401.939999999999
db.ShareholdersAgreementModusignDocument	22625.59	20613.130000000001
db.ShareholdersAgreementModusignEmbeddedDraft	22244.360000000001	21940.82
db.ShareholdersAgreementStakeholder	8760.3600000000006	19064.869999999999
db.ShareholdersCertificateOfSealDocument	13575.209999999999	27949.639999999999
db.ShareholdersMeeting	15827.950000000001	22654.959999999999
db.ShareholdersMeetingAgenda	17293.919999999998	21383.48
db.ShareholdersMeetingAuditReportDocument	16989.869999999999	26845.73
db.ShareholdersMeetingConvocationNoticeEmail	18105.330000000002	20718.75
db.ShareholdersMeetingConvocationNoticeEmailAttachment	19875.23	20391.970000000001
db.ShareholdersMeetingConvocationNoticeEmailNewIssueAttachment	16792.5	22085.98
db.ShareholdersMeetingConvocationNoticeEmailRecipient	24376.290000000001	23709.490000000002
db.ShareholdersMeetingConvocationNoticeRecipient	18949.09	21112.939999999999
db.ShareholdersMeetingConvocationNoticeWrittenRecipient	18900.57	21296.790000000001
db.ShareholdersMeetingDirectorAttendance	13781.1	22707.439999999999
db.ShareholdersMeetingMinutesDocument	14260.68	26544.57
db.ShareholdersMeetingNoticeDocument	21266.91	27194.57
db.ShareholdersMeetingPowerOfAttorneyDocument	17503.779999999999	24630.130000000001
db.ShareholdersMeetingPowerOfAttorneyIndividualDocument	16404.470000000001	24638.950000000001
db.ShareholdersMeetingShareholderAttendance	17197.52	23194.400000000001
db.ShareholdersMeetingShortenPeriodDocument	12928.309999999999	26292.490000000002
db.ShareholdersMeetingShortenPeriodIndividualDocument	16764.34	23548.220000000001
db.ShareholdersMeetingSkipNoticeDocument	15054.639999999999	28165.93
db.ShareholdersMeetingWrittenDecisionDocument	13283.85	26650.549999999999
db.ShareholdersMeetingWrittenDecisionIndividualDocument	16975.470000000001	24404.290000000001
db.ShareholdersWrittenResolutionDocument	20852.779999999999	28573.759999999998
db.ShortUrlLog	2194.9499999999998	29277.18
db.SignupChannel	25271.740000000002	14667.469999999999
db.SignupLog	2141.23	29154.330000000002
db.SiteSettings	2153.3499999999999	29026.639999999999
db.SlackChannels	2166.2199999999998	28899.209999999999
db.StaffInCharge	189.31	6792.0799999999999
db.Stakeholder	9962.9599999999991	19350.16
db.StakeholderAccount	10640.610000000001	18300.34
db.StakeholderCustodian	9272.7600000000002	19291.91
db.StakeholderSeat	8105.6199999999999	19352.349999999999
db.StarredQuestionThread	20462.23	12867.6
db.Stock	15439.030000000001	18465.02
db.StockConsolidationEvent	2135.0799999999999	28775.43
db.StockConversionEvent	2189.73	28650.529999999999
db.StockDocumentAnalysis	28334.27	27705.419999999998
db.StockReregistrationEvent	28580.110000000001	27914.02
db.StockRetirementEvent	2170.3099999999999	28526.119999999999
db.StockSplitEvent	2147.3899999999999	28404.060000000001
db.StockTransferAgreement	16984	18493.040000000001
db.StockTransferAgreementClauses	17339.790000000001	18399.82
db.StockTransferAgreementItem	16169.18	18336.869999999999
db.StockTransferAgreementManagement	18271.900000000001	13350.110000000001
db.StockTransferAgreementManagementStakeholderSeat	6029.1000000000004	8482.1000000000004
db.StockTransferAgreementModusignDocument	20293.880000000001	20248.130000000001
db.StockTransferAgreementModusignEmbeddedDraft	19522.959999999999	20033.110000000001
db.StockTransferAgreementPurchaserInstitution	17150	18880.16
db.StockTransferAgreementSellerInstitution	17155.82	18763.700000000001
db.StockTransferAgreementSurvey	21168.880000000001	10629.26
db.StockTransferEvent	16537.41	18536.860000000001
db.StockTransferPrice	16236.52	18455.080000000002
db.StockUnissuedConfirmationRequest	18799.59	15776.780000000001
db.StripeCard	864.54999999999995	7226.4700000000003
db.StripeCustomer	984.63	7677.6899999999996
db.StripePayment	-330.35000000000002	7957.75
db.Subscription	22133.490000000002	11105.709999999999
db.SubscriptionBonus	22630.380000000001	11225.360000000001
db.SubscriptionContract	19620.919999999998	11662.08
db.SubscriptionModusignDocumentUsageHistory	23991.619999999999	11965.41
db.SubscriptionPackage	19814.040000000001	11508.049999999999
db.SubscriptionPaymentRequest	21699.810000000001	11756.99
db.SubscriptionPenaltyPayment	19597.66	11790.549999999999
db.SubscriptionPeriod	23084.080000000002	10768.040000000001
db.SubscriptionPerk	22490.779999999999	11402.16
db.SubscriptionPlan	21314.860000000001	11896.6
db.SubscriptionPlanOffering	21681.07	12036.190000000001
db.SubscriptionPlanPerk	21645.689999999999	11916.799999999999
db.SubscriptionPlanPermission	20404.59	12053.74
db.SubscriptionPolicy	20386.02	11674.709999999999
db.SubscriptionPromotion	20729.91	11698.23
db.SubscriptionReservation	20750.759999999998	12085.99
db.SubscriptionSuspensionHistory	22550.200000000001	11072.209999999999
db.TalingCoupon	10463.129999999999	11736.33
db.TanTableView	11148.93	9810.3500000000004
db.TaxBookkeepingServiceRequest	21090.560000000001	14169.809999999999
db.TaxPartnerTbkContract	23984.43	14562.959999999999
db.TaxPartnerTbkContractItem	23902.59	14754.93
db.TaxPartnerTbkSettings	22833.360000000001	15799.66
db.TaxReceiptDocument	16289.49	23845.669999999998
db.TbkConsulting	21624.619999999999	14277.719999999999
db.TbkConsultingMemo	22157.529999999999	14071.950000000001
db.TbkConsultingRefusal	21357.93	15505.059999999999
db.TbkConsultingStatusLog	21476.93	14011.469999999999
db.TbkContract	23191.689999999999	15207.25
db.TbkContractBenefit	23504.400000000001	15276.41
db.TbkContractSettlement	23425.23	15037.25
db.Template	-1898.29	5205.3299999999999
db.TextValueWithVisibility	38084.760000000002	6093.5699999999997
db.ThirdPartyApiNotice	32673.060000000001	15824.98
db.ThirdPartyArticleProvider	20401.639999999999	19808.98
db.ThirdPartyArticleProviderUserRelation	20392.82	19931.25
db.TwoFactorAuthentication	2147.8899999999999	28273.610000000001
db.UnknownIssueEvent	2122.9299999999998	28143.16
db.UnknownPartnerInvestmentEvent	2159.3899999999999	3874.3499999999999
db.UserApiKey	17685.619999999999	7482.0299999999997
db.UserApiKeyCompanyAccess	16976.990000000002	9479.1700000000001
db.UserApiKeyCompanyRelation	16884.509999999998	9229.1200000000008
db.UserApiKeyRevocation	17121.610000000001	7468.3199999999997
db.UserDailyAccess	2144.6599999999999	4044.7800000000002
db.UserDetailedSurvey	2156.8000000000002	4171.79
db.UserEmailConsentRequest	2168.4400000000001	4300.5500000000002
db.UserExtraAuthentication	2161.4499999999998	4447.6700000000001
db.UserGuideState	2145.9099999999999	4592.5799999999999
db.UserInvitation	8455.6599999999999	11725.42
db.UserInvitationInvitee	7839.04	12932.299999999999
db.UserInvitationOwnerRoleRelation	9393.9799999999996	11344.389999999999
db.UserMarketingStatus	2166.3800000000001	4713.2399999999998
db.UserNotificationSettings	2177.6999999999998	4847.0100000000002
db.UserProfileImage	22410.529999999999	18897.689999999999
db.UserProfileImageMapping	22027.73	18937.5
db.UserSealCardRelation	-957.67999999999995	8565.4799999999996
db.UserSessionLog	2153.3600000000001	4991.4099999999999
db.UserSettings	2151.1700000000001	5114.1300000000001
db.UserSurvey	2212.6599999999999	5242.1000000000004
db.ValuationHistory	18608.099999999999	12474.950000000001
db.ValuationServiceRequest	17965.360000000001	13814.58
db.ValueWithVisibility	37173.199999999997	5932.8699999999999
db.VcIrRecommendationRequest	35871.18	9737.7099999999991
db.VcIrRecommendationRequestResult	34075.769999999997	8825.4799999999996
db.VcLpReport	37451.470000000001	13037.68
db.VcLpReportRequest	38189.25	13367.809999999999
db.VcLpReportRequestRecipient	36243.68	13940.379999999999
db.VcNameAlias	39167.050000000003	12096.110000000001
db.VcSearchLog	29575.810000000001	6886.3699999999999
db.VcUserRole	35157.82	11016.5
db.VentureBusinessCertification	18406.119999999999	15538.610000000001
db.VentureBusinessCertificationExpirationNotificationLog	18339.630000000001	15659.01
db.VentureCapital	37987.459999999999	12475.07
db.VentureCapitalEmailTemplates	38645.470000000001	12600.129999999999
db.VentureCapitalPaymentLink	30229.389999999999	12817.92
db.VentureCapitalQuarterlyReport	29706.66	15974.18
db.VentureCapitalQuarterlyReportContentTemplate	30834	13854.35
db.VentureCapitalQuarterlyReportItem	29075.049999999999	16728.200000000001
db.VentureCapitalQuarterlyReportItemReply	28053.029999999999	16609.110000000001
db.VentureCapitalQuarterlyReportReply	24745.369999999999	17059.799999999999
db.VentureCapitalSubscription	38839.410000000003	11045.9
db.VentureCapitalSubscriptionPlan	39054.080000000002	11316.17
db.VentureCapitalSubscriptionPlanPermission	40659.260000000002	11245.25
db.VentureCapitalSubscriptionPlanPrice	38911.099999999999	11974.790000000001
db.VentureCapitalUserRelation	34801.980000000003	10675.790000000001
db.VentureComplex	24759.580000000002	17905.59
db.VideoCollection	18666.25	9518.9899999999998
db.VideoCollectionFeedback	18207.09	10278.200000000001
db.VideoCollectionPermission	18587.639999999999	8989.4599999999991
db.VideoContent	19423.43	8818.3400000000001
db.VideoContentHistory	18992.689999999999	9704.0200000000004
db.VideoContentSpeecher	18887.59	8736.8400000000001
db.Webinar	-2140.4200000000001	4694.6800000000003
db.WebinarSubject	2207.8899999999999	5368.9899999999998
db.WebinarTarget	2191.79	5497.1999999999998
db.Whitepaper	253.02000000000001	6463.1000000000004
db.WhitepaperPreviewFile	294.25	6227.5200000000004
db.WhitepaperWatermarkFile	1613.9000000000001	5879.5900000000001
db.WhtBook	9492.3899999999994	15383.799999999999
db.WhtBookWithoutDate	9051.8199999999997	15506.299999999999
db.WhtCertificate	10824.09	15141.950000000001
db.WhtReceipt	10229.02	15174.809999999999
db.WithdrawAccountRequest	2270.1100000000001	5624.9099999999999
db.WithdrawnUser	2196.1799999999998	5753.4300000000003
db.WrittenStatementDocument	13927.870000000001	26081.400000000001
db.YearEndTaxSettlement	7740.0299999999997	19791.25
db.YearEndTaxSettlementConfirmationSchedule	6702.1000000000004	18089.23
db.YetsAssistance	14011.52	30674.139999999999
db.YetsAssistanceCreator	12125.549999999999	30154.889999999999
db.YetsAssistanceCreatorUser	11644.950000000001	30382.549999999999
db.YetsAssistanceCreatorYetsEmployee	7531.0299999999997	30191.799999999999
db.YetsAssistanceMessage	15815.950000000001	30394.599999999999
db.YetsAssistanceMessageFile	23998	32958.629999999997
db.YetsAssistanceStaffAccessLog	13005.01	30828.040000000001
db.YetsAssistanceStaffFavoriteRelation	14820.49	30458.139999999999
db.YetsEmail	9017.0699999999997	19800.759999999998
db.YetsEmailAuthentication	4950.25	31868.759999999998
db.YetsEmployee	6072.4899999999998	31112.439999999999
db.YetsEmployeeFile	25483.349999999999	35234.809999999998
db.YetsEmployeeResult	7707.5100000000002	27826.150000000001
db.YetsEmployeeResultAssistanceMessageRelation	12653.98	30047.040000000001
db.YetsEmployeeResultStatusLog	7511.8000000000002	27178.139999999999
db.YetsEmployeeResultWhtReceipt	23237.5	31506.09
db.YetsEmployeeSubmissionLog	5830.6599999999999	31526.049999999999
db.YetsEmployeeUploadForm	8126.8500000000004	31686.509999999998
db.YetsEmployeeUploadFormStatusLog	7605.7200000000003	32448.18
db.ZuzuOptionGrantContractTemplate	19875.93	16383.879999999999
db.ZuzuOptionGrantContractTemplateRevision	20541.77	16364.48
db.ZuzuTaxAdvice	2266.9099999999999	5886.8900000000003
db.ZuzuTaxPhoneToken	3896.9000000000001	12334.23
document_ai.DocumentAiProcessRequest	29399.799999999999	27362.09
document_ai.DocumentAiProcessResult	28617.84	29862.200000000001
fi_sta.FiStaCompany	34812.860000000001	32819.290000000001
fi_sta.FiStaCompanyCeo	35825.93	30352.299999999999
fi_sta.FiStaCompanySearchResult	34824.980000000003	31507.68
fi_sta.FiStaContractDocument	32349.900000000001	33280.879999999997
fi_sta.FiStaManagement	37248.290000000001	35159.699999999997
fi_sta.FiStaModusignDocument	2259.1399999999999	6027.1700000000001
fi_sta.FiStaParticipant	33057.290000000001	33745.860000000001
fi_sta.FiStaStockTransferAgreementDocument	29477.02	33747.099999999999
fi_sta.FiStaStockTransferNoticePoaDocument	32430.450000000001	33561.339999999997
fi_sta.FiStaStockUnissuedConfirmationDocument	2325.5300000000002	6161.6300000000001
fi_sta.FiStaStockUnissuedConfirmationPoaDocument	32297.740000000002	30292.41
fi_sta.FiStaTransferStock	31885.529999999999	33982.290000000001
fi_sta.FiStaUser	35551.889999999999	34508.089999999997
vertex_ai.VertexAiPredictionRequest	39639.800000000003	17604.27
vertex_ai.VertexAiPredictionResult	39821.940000000002	17435
db.HrmAttendanceLocation	5311.29	17083.860000000001
db.CompanyDocumentAIAnalysis	18168.990000000002	16069.15
db.HrmSelectiveWorkPlan	3943.8499999999999	18073.459999999999
db.HrmSelectiveWorkPlanItem	3185.1599999999999	18172.889999999999
db.IncorporationRequestPromoterCustodian	23751.360000000001	18088.549999999999
db.InvestmentAgreement	17493.439999999999	16063.530000000001
db.RsuRsaSealedContractFile	15296.940000000001	14550.65
db.RtccSummaryAnalysisRequestDocument	14473.49	10512.49
db.RtccSummaryAnalysisResult	13639.73	10355.73
db.RtccSummaryAnalysisResultDocument	13703.4	9508.7800000000007
db.AgendaOptionCancelOptionDistribution	14227.08	21225.439999999999
db.CompanySsoConfiguration	14868.58	12579.809999999999
db.CompanySsoEmailDomain	13895.780000000001	12576.65
db.CompanySsoIdentity	14366.02	12651.83
db.HrmSelectiveWork	2166.0100000000002	19554.150000000001
db.HrmSelectiveWorkPlanConfig	1836.4100000000001	19523.57
db.HrmSelectiveWorkSchedule	2419.3800000000001	19177.330000000002
db.HrmSelectiveWorkSettlementConfig	1514.45	19648.209999999999
db.HrmSlackIntegration	-747.63999999999999	16588.09
db.HrmSlackChannelConfig	-835.12	16706.259999999998
db.IaPartnerWithdrawalEvent	39502.279999999999	17959.02
db.OptionExerciseManagementCommonSetting	13878.34	16291.799999999999
db.OptionExerciseManagementPaymentBankSetting	12879.940000000001	12370.540000000001
db.RsaForfeitEvent	15121.17	16863.189999999999
db.RsaVestConfirmEvent	16043.950000000001	16960.529999999999
db.UserMailIntegration	12986.120000000001	17079.860000000001
