edge:declared:db.AgendaBonusIssueSharesToIssue:share_class	17163.29,18765.85 16639.17,18279.16
edge:declared:db.AgendaBorrowCapital:meeting_draft	17613.1,20665.93 17456.9,20608.83
edge:declared:db.AgendaBranchChange:address	18932.73,19854.43 22563.75,19036.44
edge:declared:db.AgendaBranchChange:installation_event	18809.96,19756.43 18861.64,18320.72
edge:declared:db.AgendaBranchChange:meeting_draft	18710.34,19854.43 17456.9,20470.65
edge:declared:db.AgendaCashDividends:meeting_draft	16867.63,20597.46 17136.9,20497.92
june-hub:_louv_212	11726.59,19388.83 12520.68,19321.52
edge:declared:db.AgendaChangeOfAoiClassStock:aoi	19154.36,20335.09 19170.91,20491.81
edge:declared:db.AgendaChangeOfAoiCustom:aoi	19518.31,20322.27 19272.15,20491.81
june-hub:_louv_2	20155.53,19703.96 20125.13,19871
edge:declared:db.AgendaChangeOfAoiDirectorCompensationRule:aoi	19579.44,20663.76 19361.28,20605.67
edge:declared:db.AgendaChangeOfAoiNumberOfDirectors:aoi	19405.74,20887.58 19255.9,20621.81
edge:declared:db.AgendaChangeOfAoiThirdPartyAllocation:aoi	19141.76,20771.56 19166.19,20621.81
edge:declared:db.AgendaChangeOfArticlesOfIncorporation:meeting_draft	18994.28,20491.81 17456.9,20549.67
edge:declared:db.AgendaDirectorCompensationItem:director_compensation	15887.66,21773.17 16442.55,21589.51
edge:declared:db.AgendaHeadOfficeRelocation:address	18783.12,21629.46 22563.75,19045.64
edge:declared:db.AgendaHeadOfficeRelocation:meeting_draft	18725.3,21629.46 17456.9,20678.85
june-hub:_louv_12	17467.5,20115.64 17353.8,20405.34
edge:declared:db.AgendaNewIssue:meeting_draft	16942.29,22177.52 17229.44,20695.34
edge:declared:db.AgendaNewIssueItem:new_issue	18962.72,25276.72 17109.8,22347.52
edge:declared:db.AgendaNewIssueItemFromConversion:new_issue_item	19374.74,25767.38 19060.48,25406.72
edge:declared:db.AgendaNewIssueItemFromPayment:new_issue_item	18935.07,25555.39 18982.92,25406.72
edge:declared:db.AgendaNewIssueItemInstitutionMember:institution	20753.81,25947.16 19681.33,24969.16
edge:declared:db.AgendaNewIssueItemInstitutionMemberCeo:member	19914.84,25567.31 20716.32,25947.16
edge:declared:db.AgendaNewIssueItemShareClass:item	19011.59,25105.88 19005.98,25276.72
edge:declared:db.AgendaNewIssueItemShareholder:item	19583.22,24969.16 19104.92,25276.72
edge:declared:db.AgendaNewIssueNewShareClass:new_issue	17326.92,22371.51 17192.03,22347.52
edge:declared:db.AgendaOptionCancel:meeting_draft	16270.24,20903.69 17136.9,20499.34
edge:declared:db.AgendaOptionCancelGrantee:option_cancel	15962.92,20920.49 16022.24,20923.06
edge:declared:db.AgendaOptionCancelGrantee:option_grantee	15829.07,20874.04 15513.84,19227.35
edge:declared:db.AgendaOptionCancelOption:_deprecated_grantee	15828.63,21016.56 15833.57,20956.04
edge:declared:db.AgendaOptionCancelOption:option_cancel	15920.42,21016.56 16022.24,20976.82
edge:declared:db.AgendaOptionExerciseClaim:option_exercise_claim	14567.56,20775.07 13655.05,17857.6
edge:declared:db.AgendaOptionExerciseGrantee:option_grantee	15388.11,21442.75 15500.05,19227.35
edge:declared:db.AgendaOptionExerciseGranteeOption:grantee	15389.01,21631.81 15386.83,21532.75
edge:declared:db.AgendaOptionGrant:meeting_draft	16642.84,19682.56 17181.7,20405.34
edge:declared:db.AgendaOptionGrantGrantee:_deprecated_option_grant_event	15907.4,19117.04 16200.84,18599.5
edge:declared:db.AgendaOptionGrantGrantee:option_grant	15963.83,19215.04 16525.6,19592.56
edge:declared:db.AgendaOptionGrantGrantee:option_grantee	15755.62,19167.46 15632.93,19168.86
edge:declared:db.AgendaRsuGrantGrantee:rsu	15760.03,15148.94 15897.39,15204.92
edge:declared:db.AiPayrollLedger:payroll	7845.43,5338.72 8764.81,4901.83
edge:declared:db.AlimtalkActivityRecipient:activity	30835.01,14331.59 31347.37,14144.82
edge:declared:db.AlimtalkActivityRecipientStatusHistory:recipient	30686.04,14462.19 30705.84,14413.59
june-hub:_louv_24	16354.91,11659.47 16794.65,12249.51
edge:declared:db.Announcement:subscription_plan_set	20659.21,12152.3 20405.82,12099.5
edge:declared:db.AnnualSalary:employee	12585.21,14968.31 11784.96,15048.27
edge:declared:db.AnnualSalary:ledger	12821.21,14988.22 13485.23,15088.98
edge:declared:db.Article:thumbnail_image	20165.64,19621.96 20224.87,18703.97
edge:declared:db.ArticlePublishHistory:article	20250.42,19754.05 20202.35,19703.96
edge:declared:db.ArticlesOfIncorporation:_deprecated_daily_newspaper	17778.1,15419.01 17792.69,15696.13
june-hub:_louv_250	18545.21,17721.01 18032.2,17566.22
edge:declared:db.AuditLog:actor_api_key	18040.69,7219.81 18161.25,7465.8
edge:declared:db.AvailableModusignRequest:modusign_account	21361.98,20580 21405.8,20512.37
edge:declared:db.BaseModusignDocumentUsageHistory:modusign_document	23368.35,14217.45 22503.48,20553.46
june-hub:_louv_39	21386.48,13774.04 21750.88,13778.57
edge:declared:db.BranchAbolitionEvent:installation_event	17459.91,17896.08 18738.87,18238.52
edge:declared:db.BranchInstallationEvent:address	18986.87,18250.53 22563.75,18859.43
edge:declared:db.BulkEmail:template_revision	15392.91,17248.86 17688.37,16545.91
edge:declared:db.BulkEmailTemplateRevision:template	17928.37,16480.26 19184.15,15179.34
edge:declared:db.BusinessPlanAiAnalysis:business_plan_ai_review	14148.9,11163.46 15310.21,11753.84
edge:declared:db.BusinessPlanAiAnalysisItem:ai_analysis_feedback	12821.28,10544.38 12661.59,10396.29
edge:declared:db.BusinessPlanAiAnalysisItem:business_plan_ai_analysis	13054.86,10621.6 13980.35,11089.46
edge:declared:db.BusinessPlanAiAnalysisItemImprovement:ai_analysis_feedback	12566.77,10496.9 12553.55,10401.16
edge:declared:db.BusinessPlanAiAnalysisItemImprovement:business_plan_ai_analysis_item	12748.23,10528.78 12821.28,10584.57
edge:declared:db.BusinessPlanAiReview:business_plan	15415.11,11835.84 15446.34,11901.94
edge:declared:db.CashIncentive:category	13371.48,13850.49 14679.4,13357.55
edge:declared:db.CashIncentive:employee	13218.05,13932.49 11784.96,14945.77
edge:declared:db.CashIncentiveItem:cash_incentive	12988.05,13922.95 13152.21,13908.64
edge:declared:db.CashPayment:purchase	22137.82,14078.5 21974.48,13922.18
edge:declared:db.Charge:credit	20207.54,13683.87 20372.39,13802.66
edge:declared:db.CmeBulkEmailRecipient:_deprecated_cme_bulk_email	18658.08,16585.08 18306.86,16556.5
edge:declared:db.CmeBulkEmailTemplate:cme	19883.73,15071.73 19919.74,14548.89
edge:declared:db.CmeCompany:company_managing_entity	19283.2,14150.99 19809.16,14418.89
edge:declared:db.CmeCompany:contact_set	19298.2,14150.99 20246.23,14603.87
edge:declared:db.CmeCompanyContact:cme_company	19485.2,14171.07 19341.85,14112.35
edge:declared:db.CmeCompanyContactNotificationSettings:cme_company_contact	19573.2,14108.06 19603.2,14150.74
edge:declared:db.CmeCompanyDirectorTermManagement:cme_company	19443.8,13961.74 19341.85,14059.52
edge:declared:db.CmeCompanyNote:cme_company	19216.16,13898.34 19213.86,14036.99
edge:declared:db.CmeCompanyRegistration:cme_contact	20224.07,14735.89 20298.9,14693.87
edge:declared:db.CmeCompanyRegistration:company_managing_entity	20161.72,14735.89 19972.48,14548.89
edge:declared:db.CmeCompanyRegistrationFile:cme_company_registration	20310.09,14859.91 20230.7,14817.89
edge:declared:db.CmeContact:company_managing_entity	20227.58,14603.87 20053.58,14539.13
edge:declared:db.CmeMemberRelation:company_managing_entity	20237.9,14354.86 20052.07,14418.89
edge:declared:db.CompanyCreateProgress:company_create_request	22249.75,16731.64 22155.48,16726.66
edge:declared:db.CompanyCreateRequest:address	22155.48,16779.71 22678.51,18818.25
edge:declared:db.CompanyDepartment:department_code	12581.07,14084.79 12564.6,14002.25
edge:declared:db.CompanyDepartmentCode:organization_chart	12682.33,13910.23 14141.52,13446.85
edge:declared:db.CompanyEndorsementFeed:company_endorsement	24659.67,5512.42 23056.6,6389.96
edge:declared:db.CompanyExpertClientRelation:expert_client	20803.23,14549.7 20914.83,14633.45
june-hub:_louv_66	33151.48,11067.98 33270.23,11252.78
edge:declared:db.CompanyFeedAccessLog:venture_capital	34874.2,4027.53 32600.3,12250.52
edge:declared:db.CompanyFeedRating:company_feed	26848.36,3682.53 26352.37,4352.76
edge:declared:db.CompanyIrClosingFeed:investor_relations	26391.75,6303.24 27217.35,7455.18
edge:declared:db.CompanyIrNewCommitFeed:investor_relations	26792.37,6162.31 27267.42,7455.18
edge:declared:db.CompanyIrOpenFeed:investor_relations	26915.21,5638.31 27290.68,7455.18
june-hub:_louv_67	21114.83,15004.36 21463.74,15021.67
edge:declared:db.CompanyManagingEntity:expert_client	20053.58,14509.55 20805.71,14657.98
edge:declared:db.CompanyManagingEntity:holding_company	19942.44,14418.89 19958.57,14376.87
edge:declared:db.CompanyNewsFeed:company_news	18851.84,8616.21 18560.69,8446.56
edge:declared:db.CompanyNewsLink:company_news	18794.16,7767.92 18509.87,8364.56
edge:declared:db.CompanyNotificationTrigger:notification_setting	15963.84,11035.81 16312.74,11585.47
edge:declared:db.CompanyOwnerAuditLogOwnerRoleRelation:company_owner_audit_log	12422.44,9304.29 11722.32,8141.59
edge:declared:db.CompanyOwnerAuditLogOwnerRoleRelation:owner_role	12443.09,9378.29 12368.94,11062.83
edge:declared:db.CompanyOwnerNotificationTrigger:trigger	15875.88,11171.54 15946.45,11035.81
edge:declared:db.CompanyPurposeChangeItem:company_purpose_change	17709.96,14399.58 17564.21,14202.2
edge:declared:db.CompanyPurposeChangeItem:industrial_code	17744.1,14473.58 17821.51,14707.14
edge:declared:db.CompanyUpdateRequest:change_detection	18101.23,13800.83 18408.44,14361.79
edge:declared:db.CompanyUpdateRequest:company_question_thread	18290.78,13800.86 18946.16,14210.77
june-hub:_louv_28	10688.1,11983.35 10863.37,12352.57
edge:declared:db.CompanyUserRelationOwnerRoleRelation:owner_role	11769.24,11514.14 12320.83,11160.83
edge:declared:db.ConsentForm:investor	24948.8,37386.97 13255.31,22796.06
edge:declared:db.ConsentForm:item	24978.23,37386.97 22866.7,26867.93
edge:declared:db.ConsentFormModusignDocument:consent_form	23375.12,26498.54 24980.84,37386.97
edge:declared:db.ConsentFormModusignEmbeddedDraft:consent_form	21687.68,23088.5 24977.33,37386.97
edge:declared:db.CorporateRegistrationChangeConfirmation:change_detection	18650.81,14281.09 18547.69,14361.79
edge:declared:db.CorporateRegistrationChangeConfirmation:staff_review_required_question_thread	18880.72,14251.96 18946.16,14293.08
edge:declared:db.CorporateRegistrationChangeDetectionParseResult:change_detection	18517.82,14165.07 18479.22,14361.79
edge:declared:db.CorporateRegistrationExtractionLog:corporate_registration_issue_log	20328.34,16046.65 20421.52,16004.63
edge:declared:db.CorporateRegistrationIssueCouponIssueLog:coupon	18974.4,13755.64 18908.82,13781.56
edge:declared:db.CorporateRegistrationIssueCouponUseRequest:coupon	19226.48,14614 18780.67,13831.13
edge:declared:db.CorporateRegistrationIssueCouponUseResult:corporate_registration	19167.89,15593.55 19103.78,15599.72
edge:declared:db.CorporateRegistrationIssueCouponUseResult:log	19482.37,15616.02 20352.28,15908.41
edge:declared:db.CorporateRegistrationIssueCouponUseResult:request	19355.38,15534.02 19252.07,14688
edge:declared:db.CorporateRegistrationIssueLog:_deprecated_staff_review_required_question_thread	20450.95,15906.63 19164.15,14388.59
edge:declared:db.CorporateRegistrationIssueMaintenance:third_party_api_notice	29446.82,15830.27 28922.56,15812.21
edge:declared:db.CorporateRegistrationIssueRequest:delivery	19213.66,12490.52 19321.93,12448.5
edge:declared:db.CorporateRegistrationPaidIssue:corporate_registration	19250.32,15972.11 19016.56,15660.65
edge:declared:db.CorporationPostRegistrationScheduledEmail:corporation_post_registration_email	16227.37,7731.4 15221.34,7693.82
edge:declared:db.CorporationPostRegistrationScheduledEmailPeriodicTaskRelation:corporation_post_registration_scheduled_email	16133.66,7626.57 16318.33,7701.22
june-hub:_louv_169	27266.61,17312.19 26189.73,16802.9
edge:declared:db.CreditUse:credit	21150.48,13748.02 20539.86,13836.12
edge:declared:db.CsAgentResponse:inquiry_thread_message	23485.51,11400.28 22781.96,11511
edge:declared:db.CsAgentResponseFeedBack:cs_agent_response	23916.39,11295.51 23733.51,11415.83
edge:declared:db.DepartmentStaffUserRelation:department	18333.43,31815.04 16423.26,32255.76
edge:declared:db.DirectorsMeeting:chairperson	16324.81,20373.39 16143.77,20383.42
edge:declared:db.DirectorsMeetingAgenda:agenda_branch_change	16610.53,20925.74 18714.2,19854.43
edge:declared:db.DirectorsMeetingAgenda:agenda_director_change	16359.67,21103.8 15252.62,22074.57
edge:declared:db.DirectorsMeetingAgenda:agenda_director_compensation_decision	16481.18,21103.8 16517.59,21499.51
edge:declared:db.DirectorsMeetingAgenda:agenda_head_office_relocation	16610.53,21053.42 18576.9,21643.59
edge:declared:db.DirectorsMeetingAgenda:agenda_new_issue	16535.02,21103.8 16920.07,22177.52
edge:declared:db.DirectorsMeetingAgenda:agenda_option_cancel	16326.53,20974.51 16270.24,20960.12
edge:declared:db.DirectorsMeetingAgenda:agenda_shareholders_meeting_convocation	16605.12,21103.8 16791.24,21230.53
edge:declared:db.DirectorsMeetingAgenda:meeting	16466.72,20917.8 16455.99,20399.12
edge:declared:db.DirectorsMeetingNoticeEmail:directors_meeting	16648.73,19201.35 16468.49,20277.12
edge:declared:db.DirectorsMeetingNoticeEmailRecipient:director	16860.93,19382 16026.83,20371.18
edge:declared:db.DirectorsMeetingNoticeEmailRecipient:email	16833.83,19300 16719.59,19201.35
edge:declared:db.DocumentDelivery:delivery	19674.77,12612.12 20084.75,12495
edge:declared:db.DocumentDeliveryQuestionThreadRelation:document_delivery	19874.13,12664.9 19674.77,12621.91
edge:declared:db.DocumentDeliveryQuestionThreadRelation:question_thread	20217.13,12640.4 20355.29,12649.22
edge:declared:db.DocumentParseResult:attachment	19938.45,16883.72 19919.83,17080.04
edge:declared:db.DormantUserEmail:user	5118.94,30184.37 3994.36,31157.77
edge:declared:db.DormantUserPhone:user	4524.61,29620.53 3962,31157.77
edge:declared:db.DormantUserReactivationToken:user	5253.18,30317.38 4007.75,31157.77
edge:declared:db.ESOP:shareholder	12243.04,16574.8 13100.1,22666.06
edge:declared:db.ESOPParticipant:esop	12104.85,16040.01 12222.27,16460.8
edge:declared:db.ElectronicCertificateFileDownloadHistory:file_uploaded	18527.28,17242.74 18602.68,17200.06
edge:declared:db.ElectronicCertificateFileUploaded:file_upload_request	18524.27,17126.06 18447.87,17084.04
edge:declared:db.ElectronicCertificateReturnRequest:recipient_address	20812.97,18650.33 22563.75,18859.47
edge:declared:db.EmailActivityRecipient:email_activity	23683.52,23154.19 23850.59,25638.19
edge:declared:db.EmailActivityRecipientStatusHistory:recipient	24058.84,24590.59 23691.93,23154.19
edge:declared:db.EmailVerification:email	23516.23,4779 23091.35,4553.93
edge:declared:db.Employee:department_code_set	11726.35,14944.87 12517.87,14002.25
edge:declared:db.EmployeeDepartmentCodeRelation:department_code	12305.99,14013.61 12449.53,14002.25
edge:declared:db.EmployeeDepartmentCodeRelation:employee	12201.4,14087.61 11704.2,14944.87
edge:declared:db.EmployeeOption:grantee	12878.86,12853.87 12159.89,13807.67
edge:declared:db.EmployeeOptionExerciseCandidate:management	13556.52,13140.39 14995.47,13157.62
edge:declared:db.EmployeeOptionExerciseCandidate:option	13370.55,13093.62 12966.26,12853.87
edge:declared:db.EmployeeOptionExerciseCandidate:option_exercise_claim	13556.52,13127.51 14584.09,13050.36
edge:declared:db.EmployeeOptionExerciseCandidateFile:candidate	13395.19,12879.89 13406.92,13093.62
edge:declared:db.EmployeeOptionExerciseClaimOption:option	13760.37,12782.67 13045.53,12798.93
edge:declared:db.EmployeeOptionExerciseClaimOption:option_exercise_claim	14027.7,12817.28 14590.4,12999.38
edge:declared:db.EmployeeOptionExerciseManagementEmail:management	14861.33,15179.68 15298.47,13200.44
edge:declared:db.EmployeeOptionVesting:employee_option	12205.27,12991.89 12833.32,12853.87
edge:declared:db.EmployeeOptionVestingItem:option_vesting	12087.72,13212.55 12132.42,13065.89
edge:declared:db.EmployeeOptionVestingTraceable:option	12822.45,13149.49 12907.73,12853.87
edge:declared:db.EmployeeStock:participant	12167.31,15907.99 12114.52,15950.01
edge:declared:db.EmployeeStockGuide:esop	12523.63,16395.59 12370.81,16471.6
edge:declared:db.EmployeeStockGuideAudience:employee_stock_guide	12542.98,15918 12628.84,16313.59
edge:declared:db.EmployeeStockGuideAudience:participant	12410.32,15904.08 12214.21,15971.85
edge:declared:db.EmployeeStockGuideEmail:employee_stock_guide	14146.98,17112.63 12730.06,16395.59
edge:declared:db.EmployeeStockTag:category	12381.13,16042.02 12344.84,16084.04
edge:declared:db.EmployeeStockTag:employee_stock_set	12377,15960.02 12220.92,15907.99
edge:declared:db.EmployeeStockTag:esop	12538.26,16042.02 12265.99,16460.8
edge:declared:db.EmployeeStockTagCategory:esop	12304.78,16158.04 12256.47,16460.8
edge:declared:db.EmployeeStockWithdrawRequest:account	12981.8,16714.01 13587.88,16864.38
edge:declared:db.EmployeeStockWithdrawRequest:esop	12719.8,16646.35 12370.81,16552.69
edge:declared:db.EmploymentCertificateDocumentRequest:history	14821.04,13642.77 12816.62,14598.4
edge:declared:db.EmploymentStatusHistory:connected_hrm_status_event	12604.66,14688.4 9513.9,15855.02
edge:declared:db.EmploymentStatusHistory:employee	12603.59,14686.41 11784.96,14996.61
edge:declared:db.EmploymentStatusHistory:related_events	12803.02,14688.4 16524.37,16802.46
edge:declared:db.EventAttachment:event	17017.09,16901.32 16820.37,16896.19
edge:declared:db.ExpertClientIncorporationSupport:contact_set	20654.57,14820 20417.91,14693.87
edge:declared:db.ExpertClientIncorporationSupport:expert_client	20777.01,14820 20875.32,14731.45
edge:declared:db.ExpertClientIncorporationSupport:incorporation_request	20745.66,14902 21080,15869.89
edge:declared:db.ExpertClientSignupChannel:expert_client	22648.51,14889.6 21053.71,14697.39
edge:declared:db.ExpertClientTaxServiceSettings:expert_client	20966.51,14960.31 20938.08,14731.45
edge:declared:db.FABContent:thumbnail_image	21072.3,17944.57 20428.87,18270.05
edge:declared:db.FinancialAccount:institution	13713.3,16846.15 13718.69,16660.45
edge:declared:db.Fund:fund_partners	30252.95,13767.11 31215.19,13696.36
edge:declared:db.Fund:portfolio_company_set	30004.95,13801.17 27535.26,14280.22
edge:declared:db.FundingNewsDistributionServiceRequest:company_question_thread	18781.19,15042.5 19054.28,14388.59
june-hub:_louv_129	4947.95,16176.11 5197.4,16117.64
edge:declared:db.HrmAlpConfigIndivApprovalTemplateRel:alp_config	4327.95,15618.32 4075.5,15797.72
edge:declared:db.HrmAlpExcludedEmp:emp	9547.49,17976.8 9052.82,18071.71
edge:declared:db.HrmAlpLaborReceiptRefusal:emp	9197.19,18834.94 8955.77,18277.71
june-hub:_louv_131	9330.43,18406.12 9270.39,18516.08
edge:declared:db.HrmAlpUsageDesignation:target	9524.55,18615.32 9372.01,18583.19
edge:declared:db.HrmAlpUsageDesignationDate:leave_usage	10121.44,18447.38 10256.84,18436.76
edge:declared:db.HrmAlpUsageDesignationDate:usage_designation	9867.44,18444.42 9760.55,18652.17
edge:declared:db.HrmAnnualLeaveAdjustment:emp	9338.47,18077.26 9052.82,18094.39
edge:declared:db.HrmAnnualLeaveConfigBase:annual_leave	8320.97,22527.42 8333.24,21763.28
edge:declared:db.HrmApproval:approvable	7973.8,18065.33 7656.17,17883.37
edge:declared:db.HrmApprovalLine:approval	8130.13,18197.35 8084.23,18155.33
edge:declared:db.HrmApprovalLine:approver	8078.77,18279.35 7664.64,18485.38
edge:declared:db.HrmApprovalReview:approval	7846.06,18271.91 7990.09,18155.33
edge:declared:db.HrmApprovalReview:approver	7762.77,18345.91 7606.69,18485.38
edge:declared:db.HrmApprovalTemplateLine:approver	7422.82,18392.46 7537.57,18485.38
edge:declared:db.HrmApprovalTemplateLine:template	7340.01,18318.46 6715.46,17752.82
edge:declared:db.HrmApprovalTemplateReview:approver	7169.76,18357.51 7472.85,18485.38
edge:declared:db.HrmApprovalTemplateReview:template	7074.21,18283.51 6679.5,17752.82
edge:declared:db.HrmApprover:dept	7436.7,18494.81 5785.78,18039.8
edge:declared:db.HrmAttendanceItem:attendance	9242.11,17683.73 8144.69,17788.86
edge:declared:db.HrmCertificateConfigIndividualApprovalTemplateRelation:certificate_config	4345.48,16614.59 4788.67,16217.39
edge:declared:db.HrmCommonLocation:work_location_config	9269.15,15571.06 9775.99,15609.97
edge:declared:db.HrmDailyLeaveUsageItem:usage	9410.35,20641.31 10361.71,18483.57
edge:declared:db.HrmDeptName:dept	4722.96,19529.86 5616.48,18055.13
edge:declared:db.HrmDeptName:event	4688.95,19603.86 4567.62,20045.4
edge:declared:db.HrmDeptParent:dept	5321.28,19521.19 5641.61,18055.13
edge:declared:db.HrmDeptParent:event	5325.38,19603.19 5446.24,19966.9
edge:declared:db.HrmDeptStatus:dept	5741.22,19746.4 5658.91,18055.13
edge:declared:db.HrmDeptStatus:event	5739.37,19820.4 5586.78,21326.54
edge:declared:db.HrmDocument:form	6091,16633.6 5629.66,14521.66
edge:declared:db.HrmDocumentDraft:form	6112.24,13678.42 5636.3,14423.66
edge:declared:db.HrmDocumentDraftFieldAttachment:field_value	6064.52,11388.31 5315.04,12889.69
edge:declared:db.HrmDocumentDraftFieldMultiSelectValue:field_value	5220.32,13146.94 5276.91,12979.69
edge:declared:db.HrmDocumentDraftFieldMultiSelectValue:selected_option	5174.16,13220.94 4954.4,13460.49
edge:declared:db.HrmDocumentDraftFieldValue:draft	5385.79,12979.69 6041.82,13596.42
edge:declared:db.HrmDocumentDraftFieldValue:field_definition	5212.62,12979.69 4043.63,13937.59
edge:declared:db.HrmDocumentFieldAttachment:field_value	5283.58,14216.55 5491.95,14216.53
edge:declared:db.HrmDocumentFieldMultiSelectValue:field_value	5452.59,13872.64 5551.59,14126.53
edge:declared:db.HrmDocumentFieldMultiSelectValue:selected_option	5373.06,13798.64 4980.37,13542.49
edge:declared:db.HrmDocumentFieldValue:document	5588.68,14216.53 6091.51,16633.6
edge:declared:db.HrmDocumentFieldValue:field_definition	5455.32,14141.16 4111.67,14018.84
edge:declared:db.HrmDocumentFormFieldDefinition:form	4032,14027.59 5544.55,14423.66
edge:declared:db.HrmDocumentFormFieldSelectOption:field_definition	4758.52,13531.68 4111.67,13954.49
edge:declared:db.HrmDocumentFormIndividualApprovalTemplateRelation:document_form	5232.24,14731.16 5494.96,14459.35
edge:declared:db.HrmEmpAffiliation:event	7296.62,17714.43 7896.05,17003.78
edge:declared:db.HrmEmpAffiliationDept:affiliation	6925.74,17486.99 7210.68,17714.43
edge:declared:db.HrmEmpAffiliationDept:dept	6761.39,17479.15 5785.78,17962
edge:declared:db.HrmEmpContract:mgmt	8785.28,32075.24 6580.11,23324.26
edge:declared:db.HrmEmpContractMgmt:template_revision	6517.72,23242.26 5042.32,22372
edge:declared:db.HrmEmpContractModusignDocument:hrm_emp_contract	25732.9,37860 8916.88,32157.24
edge:declared:db.HrmEmpContractTemplateRevision:template	4977.91,22290 4208.95,19811.27
edge:declared:db.HrmEmpContractTemplateRevisionSigner:revision	4399.75,22823.82 4941.47,22372
edge:declared:db.HrmEmpEmploymentType:event	8942.7,17552.56 9018.67,17199.25
edge:declared:db.HrmEmpJob:event	7509.29,16683.74 7964.14,16571.36
edge:declared:db.HrmEmpReturnToWorkEvent:absence_event	9160.1,15723.91 9087.1,15716.16
edge:declared:db.HrmEmpSalaryAccount:institution	13159.48,16185.19 13661.37,16570.45
edge:declared:db.HrmEmpUserInvitationInvitee:invitation	7410.51,18161.48 7234.92,17926.11
edge:declared:db.HrmEmpWorkAssignment:work	7824.91,18892.64 7017.88,18905.85
edge:declared:db.HrmEmpWorkLocationAssignment:work_location	8466.89,16143.72 8090.38,15541.47
edge:declared:db.HrmEmpWorkLocationAssignment:work_location_config	8503.92,16217.72 8455.36,16627.44
edge:declared:db.HrmEmpWorkLocationConfig:work_location_set	8437.35,16627.44 8054.38,15541.47
edge:declared:db.HrmFixedWorkSchedule:fixed_work	7004.76,18678.19 6951.42,18720.21
edge:declared:db.HrmLeaveGrant:grantable_leave	8369.44,19261.45 8119.79,20169.05
edge:declared:db.HrmLeaveUsage:leave	10330.79,18483.57 7962.62,20891.87
edge:declared:db.HrmLeaveUsageAttachment:usage	10614.44,19332.28 10401.16,18483.57
edge:declared:db.HrmLeaveUsageItem:emp	9006.39,19058.94 8903.59,18277.71
edge:declared:db.HrmOngoingAttendanceClockedSchedule:ongoing_attendance	10442.18,17144.97 10062.73,17340.6
edge:declared:db.HrmPersonalLocation:work_location_config	9931.64,16771.49 9901.24,15615.82
edge:declared:db.HrmRequestor:dept	6345.69,19145.04 5686.66,18055.13
edge:declared:db.HrmStaggeredWorkSchedule:staggered_work	6575.9,20425.06 6137.63,19581.01
edge:declared:db.HrmStandardWorkSchedule:standard_work	4544.5,17649.62 4867.73,16959.18
edge:declared:db.HrmWorkAutoClockOutConfig:work	6516.95,18959.73 6757.88,18934.72
edge:declared:db.HrmWorkIndividualApprovalTemplateRelation:work	7880.38,19481.45 7017.88,18916.03
edge:declared:db.HrmWorkLocationGpsConfig:work_location	9775.99,15594.66 8161.1,15468.94
edge:declared:db.HrmWorkOvertime:work	6534.2,18864.64 6769.61,18894.18
edge:declared:db.IBKSignupChannel:ibk_user_login_token	24052.24,14567.08 24030.86,14517.72
edge:declared:db.IBKUserLoginToken:ibk_user	24023.56,14443.72 24062.71,14401.7
edge:declared:db.IaAccountInfo:investment_association	29875.01,18264.68 27521.38,16770.38
edge:declared:db.IaCertificateOfInvestmentDocumentRecipient:certificate_of_investment_document_email	3845.59,20069.67 3826.2,20147.16
edge:declared:db.IaConsentForm:consent_form_or_meeting	31200.49,18625.48 29386.38,19225.35
edge:declared:db.IaConsentFormOrMeetingDocumentGeneration:consent_form_or_meeting	29658.24,19221.23 29418.6,19253.55
edge:declared:db.IaConsentFormOrMeetingDocumentGenerationItem:document	30630.03,19194.59 30904.68,19294.71
edge:declared:db.IaConsentFormOrMeetingDocumentGenerationItem:generation	30334,19180.93 30001.24,19178.05
edge:declared:db.IaConsentFormOrMeetingElectronicSignatureRequest:document	29043.95,21068.92 29511.58,19995.96
edge:declared:db.IaConsentFormOrMeetingElectronicSignatureRequestModusignDocument:electronic_signature_request	25915.93,21129.89 28826.7,21103.26
edge:declared:db.IaConsentFormOrMeetingElectronicSignatureRequestModusignEmbeddedDraft:electronic_signature_request	26704.91,21384.33 28826.7,21144.32
edge:declared:db.IaConsentFormOrMeetingElectronicSignatureRequestStatusHistory:electronic_signature_request	28897.36,21472.29 28978.13,21174.92
edge:declared:db.IaConsentFormOrMeetingElectronicSignatureRequestUploadedModusignDocument:electronic_signature_request	26479.34,21187.34 28826.7,21111.02
edge:declared:db.IaConsentFormOrMeetingElectronicSignatureRequiredDocument:consent_form_or_meeting	29507.07,19889.96 29249.85,19331.35
edge:declared:db.IaConsentFormOrMeetingElectronicSignatureRequiredDocument:partner	29650.78,19889.96 33524.98,18331.81
edge:declared:db.IaConsentFormOrMeetingEsigRequiredDocumentPageRange:esig_required_document	30284.45,19427.67 29606.33,19889.96
edge:declared:db.IaConsentFormOrMeetingEsigRequiredDocumentPageRange:page_range_document	30535.15,19364.43 30904.68,19363.56
edge:declared:db.IaConsentFormOrMeetingGuideEmail:consent_form_or_meeting	29645.69,18923.28 29293.34,19225.35
edge:declared:db.IaConsentFormOrMeetingGuideEmailRecipient:consent_form_or_meeting_guide_email	29663.61,18710.1 29686.54,18849.28
edge:declared:db.IaDocumentArchiveAttachment:ia_document_archive	28521.97,15099 28679.15,15038.08
edge:declared:db.IaFoundingProgressStatus:investment_association	28312.45,17589.15 27521.38,16770.46
edge:declared:db.IaGpAppointmentEvent:partner	31033.61,17898.96 33524.98,18250.54
edge:declared:db.IaGpTerminationEvent:appointment_event	31114.98,18154.32 30941.42,17930.56
edge:declared:db.IaGpTerminationEvent:partner	31270.78,18190.64 33524.98,18268.36
edge:declared:db.IaInvestmentCertificateRegistrationRequest:partner	33727.96,19785 33685.28,18375.44
edge:declared:db.IaMeeting:consent_form_or_meeting	29941.57,20960.99 29248.64,19331.35
edge:declared:db.IaMeetingAgenda:meeting	30808.26,20566.87 30080.2,20960.99
edge:declared:db.IaMeetingAgendaVote:agenda	30681.11,22522.07 30879.6,20566.87
edge:declared:db.IaMeetingAgendaVote:electronic_signature	30624.13,22522.07 29092.68,21174.92
edge:declared:db.IaMeetingAgendaVote:partner	30705.39,22522.07 33605.74,18375.44
edge:declared:db.IaMeetingConvocationNoticeEmail:ia_meeting	30492.73,22199.22 29994.73,21082.99
edge:declared:db.IaMeetingConvocationNoticeRecipient:convocation_notice_email	30413.23,21282.65 30505.37,22199.22
edge:declared:db.IaMeetingMinutesDocument:meeting	30558.61,20062.33 30005.08,20960.99
edge:declared:db.IaMeetingNoticeDocument:meeting	30349.33,19946.31 29989.16,20960.99
edge:declared:db.IaMeetingSealedNoticeDocumentFile:ia_meeting	28366.7,19773.35 29889.31,20960.99
edge:declared:db.IaOperation:ia_operation_management	30319.53,16455.13 30209.97,16599.06
edge:declared:db.IaPartnerInvestmentConfirmation:partner	30837.06,17130.86 33524.98,18208.98
edge:declared:db.IaPartnerInvestmentConfirmationEmailRecipient:ia_partner_investment_confirmation_email	14082.71,5684.64 14031.45,5727.04
edge:declared:db.IaPfCompany:investment_association	27480.86,17196.17 27521.3,16770.46
edge:declared:db.IaPfCompanyInvestmentSalesIntent:ia_pf_company_investment	29459.9,21674.01 28366.21,20211.39
edge:declared:db.IaPfCompanyInvestmentStock:ia_pf_company_investment	27979.69,20426.96 28230.24,20211.39
edge:declared:db.IaRule:address	24916.92,19184.02 22871.75,18866.74
edge:declared:db.IaRuleCompensation:rule	25574.11,19421.71 25176.92,19290.75
edge:declared:db.IaRuleDocument:rule	28348.28,19319.6 25176.92,19247.9
edge:declared:db.IaRuleInvestment:rule	25762.48,18857.87 25162.27,19184.02
edge:declared:db.IaRuleMeeting:rule	24650.48,19576.9 24975.92,19306.02
edge:declared:db.IaRulePartner:rule	25215.93,19448.06 25095.59,19306.02
edge:declared:db.IaUserInvitationInvitee:invitation	31925.36,16643.88 29924.2,16806.51
edge:declared:db.IaUserInvitationInvitee:legal_representative	32049.99,16682.8 32054.05,16996.6
edge:declared:db.IaUserInvitationInvitee:partner	32103.93,16682.8 33565.04,18157.44
edge:declared:db.ImAttachment:investor_matching	28697.54,11200.09 25881.4,10977.18
edge:declared:db.ImAttachmentDownloadLog:attachment	30403.71,11798.71 28945.54,11250.54
edge:declared:db.ImAttachmentPdfEvent:attachment	30302.79,11681.54 28945.54,11242.61
edge:declared:db.ImAttachmentPdfEvent:pdf_event	30302.79,11661.69 29990.68,11484.51
edge:declared:db.ImConsultingRequest:investor_matching	24816.18,9357.14 25679.04,10857.81
edge:declared:db.ImDay:recipients	29464.6,10968.06 29321.8,10572.06
edge:declared:db.ImDayParticipation:im_day	29267.85,10811.86 29441.68,10968.06
edge:declared:db.ImDayParticipation:investor_matching	29107.13,10768.29 25881.4,10944.6
edge:declared:db.ImDayParticipationAttachment:participation	28825.15,10282.21 29182.2,10713.86
edge:declared:db.ImDaySurvey:im_day	27708.84,10906.27 29354.4,11016.93
edge:declared:db.ImDaySurvey:investor_matching	27472.84,10894.99 25881.4,10964.26
edge:declared:db.ImDisclosing:investor_matching	26435.72,9787.51 25811.04,10857.81
edge:declared:db.ImIrPartnerBrokerOwnerRelation:im_ir_partner_broker	27485.43,12162.88 27631.2,12117.18
edge:declared:db.ImNote:investor_matching	26199.41,10418.95 25853.46,10857.81
edge:declared:db.ImTag:investor_matching_set	27290.44,10426.18 25881.4,10930.25
edge:declared:db.IncorporationRequest:address	21122.33,16079.89 22563.79,18818.25
edge:declared:db.IncorporationRequest:company_question_thread	20994.22,15869.89 19191.61,14388.59
edge:declared:db.IncorporationRequestAoiFile:incorporation_request	21334.45,15809.19 21249.87,15869.89
edge:declared:db.IncorporationRequestPurpose:incorporation_request	20793.13,16070.03 20968.27,15991.2
edge:declared:db.IndividualInvestorCompanyName:non_unified_share_company	30256.29,25145.4 28632.14,25121.65
edge:declared:db.IndividualInvestorCompanyParValue:non_unified_share_company	27921.85,25158.4 28372.14,25125.97
edge:declared:db.IndividualInvestorCompanyShareClass:non_unified_share_company	28392.74,27213.61 28498.72,25185.96
edge:declared:db.IndividualInvestorEvent:company	31869.84,27948.39 28579.97,25185.96
edge:declared:db.IndividualInvestorUser:address	23829.64,20218.26 22822.16,19068.25
edge:declared:db.IndividualStockOption:company	27167.45,23233.43 28456.54,25055.96
edge:declared:db.IndividualStockOption:create_request	27257.47,23149.45 27819.5,23032.84
edge:declared:db.IndividualStockOption:grantee	27111.86,23119.43 26842.92,22137.34
edge:declared:db.IndividualStockOptionCreateRequestEtcFile:create_request	28663.78,22974.77 28133.5,22994.45
edge:declared:db.IndividualStockOptionGrantContract:individual_stock_option	26858.6,22886.43 27074.62,23119.43
edge:declared:db.IndividualStockOptionResumeEvent:pause_event	29336.19,29352.56 28775.31,27312.26
edge:declared:db.IndividualStockOptionSalesIntent:individual_stock_option	29511.75,23102.1 27257.47,23172.37
edge:declared:db.IndividualStockOptionVesting:individual_stock_option	27651.64,23542.36 27209.12,23233.43
edge:declared:db.IndividualStockOptionVestingItem:individual_stock_option_vesting	27781.35,23405.21 27720.94,23542.36
edge:declared:db.IndividualStockOptionVestingTraceable:individual_stock_option	27420.3,22840.59 27177.17,23119.43
edge:declared:db.InputSignupChannel:input_channel	24143.92,15114.74 24509.07,15270.73
edge:declared:db.InstitutionStakeholderManager:institution_stakeholder	12735.23,21567.98 12752.04,21198.17
edge:declared:db.InternetRegistryOfficeOtp:director	17594.78,16319.67 17497.77,16389.95
edge:declared:db.InternetRegistryOfficeOtpReturnRequest:internet_registry_office_otp	21886.63,20036.24 17771.43,16237.67
edge:declared:db.InternetRegistryOfficeOtpReturnRequest:recipient_address	22019.61,19962.24 22563.75,19060.25
edge:declared:db.InvestmentAssociationEvent:investment_association	29428.48,17616.12 27521.38,16770.34
edge:declared:db.InvestmentAssociationOrganizationPartnerCeo:organization_partner	33345.39,16772.03 32778.71,16174.74
edge:declared:db.InvestmentAssociationOrganizationPartnerCorporationSignerCeo:corporation	33187.27,14974.87 33120.14,14920.73
edge:declared:db.InvestmentAssociationOrganizationPartnerManager:organization_partner	30597.68,15493.46 32566.8,16076.74
edge:declared:db.InvestmentAssociationOrganizationPartnerSigner:_deprecated_manager	32381.09,15142.34 30670.77,15423.87
edge:declared:db.InvestmentAssociationOrganizationPartnerSigner:organization_partner	32585.87,15154.75 32724.83,16076.74
edge:declared:db.InvestmentAssociationPartner:address	33524.98,18291.79 22871.75,18866.7
edge:declared:db.InvestmentAssociationPartnerResume:partner	34752.55,16751.8 33765.38,18157.44
edge:declared:db.InvestmentAssociationPartnerResume:signer	34728.63,16669.8 32641.09,15154.75
edge:declared:db.InvestmentAssociationPartnerResumeItem:resume	34894.64,16384.37 34798.88,16669.8
edge:declared:db.InvestmentAssociationPartnerSalesIntent:partner	31946.11,21784.4 33628.2,18375.44
edge:declared:db.InvestmentRoundNewIssueEvent:investment_round	17125.52,10008.45 16973.76,10280.09
edge:declared:db.InvestmentRoundNewIssueEvent:new_issue_event	17159,9934.45 17178.95,9876.83
edge:declared:db.InvestmentSimulationInitialOption:option_grantee	13678.32,6684.49 13998.29,6777.98
edge:declared:db.InvestmentSimulationInitialOptionGrantee:simulation	14303.92,6818.57 16591.26,6864.44
edge:declared:db.InvestmentSimulationInitialShareholder:simulation	12759.37,6016.47 16591.26,6840.27
edge:declared:db.InvestmentSimulationInitialStock:shareholder	11230.57,4013.06 12565.78,5943.35
edge:declared:db.InvestmentSimulationInvestor:simulation_round	18462.65,3990.83 15719.43,6339.4
edge:declared:db.InvestmentSimulationNewIssueInvestment:investor	18148.56,5392.95 18500.26,3990.83
edge:declared:db.InvestmentSimulationPurchaseInvestment:investor	20670.15,5638.31 18562.98,3990.83
edge:declared:db.InvestmentSimulationPurchaseSellStock:seller	20970.64,5233.09 20738.65,5638.31
edge:declared:db.InvestmentSimulationRound:simulation	15754.58,6413.4 16619.94,6821.93
edge:declared:db.InvestorInterest:venture_capital	33649.42,13520.21 32707.9,12660.52
edge:declared:db.InvitationSeat:allocated_seat	11634.08,13577.94 11569.8,14694.81
edge:declared:db.InvitationSeat:invitation_seat_request	11753.92,13503.94 12765.99,11325.38
june-hub:_louv_65	27394.46,7090.63 27343.93,7455.18
edge:declared:db.IrAiAnalysisLike:ai_analysis	28242.03,6723.17 27930.82,7082.64
edge:declared:db.IrApprovalNotificationDismiss:ir_approval	27480.29,6753.53 27411.32,7016.63
edge:declared:db.IrBrokerActivity:vc_user_relations	27765.22,9150.92 29244.7,10482.06
edge:declared:db.IrFeedAccessLog:ir_feeds	26930.57,7846.03 26713.5,7796.49
edge:declared:db.IrFeedRating:ir_feed	26713.39,7588.32 26676.18,7706.49
edge:declared:db.IrFundRaisingMemo:fund_raising	30726.64,7814.21 31199.87,7624.92
edge:declared:db.IrFundRaisingStageLog:fund_raising	30852.05,5291.39 31303.32,7534.92
edge:declared:db.IrInsightClub:pitching_day_hall	31064.5,8810.72 30906.43,8766.09
edge:declared:db.IrInsightClubParticipation:ir_insight_club	30640.97,8121.12 31157.52,8804.73
edge:declared:db.IrInsightClubParticipationAttendee:ir_insight_club_participation	30323.72,7756.06 30567.15,8031.12
edge:declared:db.IrInsightClubSurvey:ir_insight_club_participation	30876.12,8129.72 30736.47,8101.91
edge:declared:db.IrInvestorFeedback:venture_capital	32644.95,12737.7 32582.64,12660.52
edge:declared:db.LawtalkSignupAttachment:lawtalk_signup	18384.37,14928.08 18447.46,14823.57
edge:declared:db.ManualOptionVestingItem:manual_option_vesting	15790.71,18730.99 15889.55,18627.34
edge:declared:db.Meeting:employee_attorney	18032.2,17469.51 18174.64,17438.92
edge:declared:db.MeetingDocument:directors_meeting	16238.82,25731.72 16412.48,20399.12
edge:declared:db.MeetingDocument:shareholders_meeting	16253.93,25731.72 16774.44,22777.48
edge:declared:db.MeetingDocumentGenerationItem:meeting_document	21087,26389.75 16359.35,25892.57
edge:declared:db.MeetingDocumentGenerationItem:meeting_document_generation	21214.55,26315.75 20307.39,21161.79
edge:declared:db.MeetingDraftAgendaDirectorChange:meeting_draft	16958.65,19557.54 17247.5,20405.34
edge:declared:db.MeetingDraftAgendaDirectorCompensation:meeting_draft	15207.46,19892.72 17136.9,20497.84
edge:declared:db.MeetingDraftAgendaDirectorCompensationItem:director_compensation	14715.37,19755.95 14894.03,19818.72
edge:declared:db.MeetingDraftRegistrationAssistance:meeting_draft	17389.42,21015.5 17325.74,20695.34
edge:declared:db.MeetingDraftSchedule:meeting_draft	16799.16,20378.74 17136.9,20405.34
edge:declared:db.MembershipContentAuthorRelation:author	25366.27,25502.69 25239.58,25321
edge:declared:db.ModusignApiLog:modusign_account	21467.12,20066.02 21441.19,20414.37
edge:declared:db.ModusignAuthentication:modusign_account	21405.44,20150.44 21437.55,20414.37
edge:declared:db.ModusignDocument:_option_grant_contract	22395.42,20553.46 20503.29,19049.34
edge:declared:db.ModusignDocumentActionHistory:modusign_document	22811.87,20536.73 22623.86,20553.46
edge:declared:db.ModusignDocumentActionHistory:modusign_document_participant	22854.17,20462.73 22737.91,20217.13
edge:declared:db.ModusignDocumentModusignAccountRelation:modusign_account	21681.09,20336.33 21531.48,20414.37
edge:declared:db.ModusignDocumentModusignAccountRelation:modusign_document	21833.82,20336.33 22356.93,20572.94
edge:declared:db.ModusignDocumentModusignApiKeyRelation:modusign_api_key	22007.62,20853.06 21883.68,21022.47
edge:declared:db.ModusignDocumentModusignApiKeyRelation:modusign_document	22109.25,20779.06 22356.93,20656.14
edge:declared:db.ModusignDocumentParticipant:modusign_document	22701.87,20217.13 22533.48,20553.46
edge:declared:db.ModusignEmbeddedDraft:modusign_account	21937.15,21859.75 21455.08,20512.37
edge:declared:db.ModusignEmbeddedDraft:modusign_api_key	21949.93,21859.75 21860.92,21096.47
edge:declared:db.ModusignEmbeddedDraft:modusign_document	21978.37,21859.75 22458.91,20715.46
edge:declared:db.ModusignIaUserConnection:investment_association	27565.26,15850.23 27521.34,16504.46
edge:declared:db.NaverWorkplaceEmployee:naver_workplace_company	24788.93,14953.88 24902.06,15026.81
edge:declared:db.NcpSignupChannel:naver_workplace_company	24750.85,15044.07 24841.45,15052.64
edge:declared:db.NewIssueNoticeEmail:new_issue	15089.92,20744.98 16920.03,22177.52
edge:declared:db.NewIssueNoticeEmailRecipient:email	15145.95,20483.87 15201.26,20663
edge:declared:db.NewIssueNoticeEmailRecipient:shareholder	15098.71,20483.87 13258.04,22666.06
edge:declared:db.NonUnifiedShareCreateRequest:stock_unissued_confirmation_file	27810.89,28126.38 27970.87,29156.25
edge:declared:db.NonUnifiedShareEtcFile:create_request	27606.33,27333.33 27792.02,28036.38
edge:declared:db.NonUnifiedShareEtcFile:management_history	27564.44,27259.33 27186.31,26823.87
edge:declared:db.NonUnifiedShareManagementHistory:create_request	27167.13,26823.87 27781.11,28036.38
edge:declared:db.NonUnifiedShareManagementHistory:renew_request	27104.15,26717.87 26144.52,25310.38
edge:declared:db.NonUnifiedShareManagementHistory:stock_unissued_confirmation_file	27158.55,26823.87 27962.35,29156.25
edge:declared:db.NonUnifiedShareSucPoaDocument:modusign_document	23853.13,21549.76 23429.61,21064.3
edge:declared:db.NonUnifiedShareSucPoaDocument:request	23980.18,21631.76 26087.42,25220.38
edge:declared:db.NonUnifiedShareSucPoaDocument:user_address	23937.42,21549.76 22774.69,19068.25
edge:declared:db.NonUnifiedShareSucRenewRequest:renew_stock_unissued_confirmation_file	26135.15,25310.38 27956.55,29156.25
edge:declared:db.NotarizationPoA:meeting	16630.53,22844.69 16733.46,22777.48
edge:declared:db.NotarizationPoaDirectorSigner:director	16248.29,22679.6 15914.71,22408.19
edge:declared:db.NotarizationPoaDirectorSigner:notarization_poa	16357.82,22753.6 16515.49,22844.69
edge:declared:db.NotarizationPoaShareholderSigner:notarization_poa	17013.99,23009.44 16710.46,22919.26
edge:declared:db.NotarizationPoaShareholderSigner:shareholder	17263.3,23083.44 17476.87,23110.63
edge:declared:db.OptionExerciseClaim:financial_account	13639.95,17727.6 13707.94,16944.15
edge:declared:db.OptionExerciseClaimAttachment:attachment_setting_item	14650.86,17500.22 14629.49,17440.09
edge:declared:db.OptionExerciseClaimAttachment:option_exercise_claim	14523.7,17500.22 13764.72,17744.16
edge:declared:db.OptionExerciseClaimCandidate:option_exercise_claim	14035.02,17616.18 13764.72,17735.31
edge:declared:db.OptionExerciseClaimCandidate:option_exercise_management	14166.44,17526.18 15070.02,16139.59
edge:declared:db.OptionExerciseClaimCandidate:option_grantee	14175.55,17616.18 15454.25,19113.35
edge:declared:db.OptionExerciseClaimDocumentSetting:management	15021.68,16674.74 15102.56,16139.59
edge:declared:db.OptionExerciseClaimEventRelation:_deprecated_payment	13666.24,18238.64 13832.92,18174.25
edge:declared:db.OptionExerciseClaimEventRelation:claim	13583.52,18238.64 13626.76,17857.6
edge:declared:db.OptionExerciseClaimEventRelation:event	13577.9,18320.64 13577.26,18362.66
edge:declared:db.OptionExerciseClaimMeetingDocument:exercise_claim	14951.43,21439.53 14604.78,20857.07
edge:declared:db.OptionExerciseClaimMeetingDocument:grantee	15138.83,21483.4 15252.84,21485.41
edge:declared:db.OptionExerciseClaimOption:option_exercise_claim	13868.18,17822.12 13764.72,17803.74
edge:declared:db.OptionExerciseClaimOptionTaxation:_deprecated_claim	13995.38,17937.62 13764.72,17841.43
edge:declared:db.OptionExerciseClaimOptionTaxation:claim_option	14066.37,17937.62 14015.68,17869.4
edge:declared:db.OptionExerciseClaimPayment:option_exercise_claim	13878.21,18100.25 13694.26,17857.6
edge:declared:db.OptionExerciseManagement:excluded_institution_set	14982.38,16125.09 13835.84,16570.45
edge:declared:db.OptionExerciseManagementAttachmentSetting:management	14614.11,17188.75 15083.31,16139.59
edge:declared:db.OptionExerciseManagementAttachmentSettingItem:setting	14613.3,17366.09 14601.71,17262.75
edge:declared:db.OptionExerciseManagementEmail:option_exercise_management	15338.89,16518.42 15145.55,16139.59
edge:declared:db.OptionExerciseManagementReminderSetting:management	15317.76,16000.3 15242.38,16042.66
edge:declared:db.OptionExerciseManagementTaxation:management	14921.24,16035.11 14982.38,16046.46
edge:declared:db.OptionGrantContract:_deprecated_template	20385.63,18935.34 19425.65,16229.84
edge:declared:db.OptionGrantContract:_grantee	20274.97,18948.41 16003.62,19161.28
edge:declared:db.OptionGrantContract:template_revision	20397.14,18935.34 20077.75,16767.7
edge:declared:db.OptionGrantContractModusignDocument:option_grant_contract	21023.67,19520.4 20500.06,19049.34
edge:declared:db.OptionGrantContractModusignEmbeddedDraft:option_grant_contract	21263.92,20917.71 20430.4,19049.34
edge:declared:db.OptionGrantContractTemplate:_deprecated_stakeholder	19499.01,16123.84 19233.93,15426.03
edge:declared:db.OptionGrantContractTemplateDraft:stakeholder_set	18657.61,14639.19 19180.92,15320.03
edge:declared:db.OptionGrantContractTemplateRevision:stakeholder_set	20043.24,16677.7 19255.04,15426.03
edge:declared:db.OptionGrantContractTemplateRevision:template	20013.1,16677.7 19476.53,16229.84
edge:declared:db.OptionGrantEvent:_deprecated_grantee	16175.99,18599.5 15564.14,19113.35
edge:declared:db.OptionGrantEvent:share_class	16281.75,18501.5 16525.91,18279.16
edge:declared:db.OptionManagement:agenda_option_grant	16016.08,19402.87 16487.71,19592.56
edge:declared:db.OptionManagementStakeholderSeat:option_management	15243.61,19107.63 15803.34,19335.6
edge:declared:db.OptionManagementStakeholderSeat:stakeholder_seat	14959.61,19139.14 11726.59,19392.79
edge:declared:db.OptionResumeEvent:pause_event	30177.1,4403.05 30081.98,4503.89
edge:declared:db.OptionTag:category	15648.34,14261.57 15683.08,14215.6
edge:declared:db.OptionValueChange:investment_round	16694.38,10239.69 16826.85,10281.73
edge:declared:db.OptionVesting:_deprecated_grant_event	15999.86,18447.59 16154.47,18501.5
edge:declared:db.Order:seal_card	6684.15,8304.73 5310.99,8386.44
edge:declared:db.OrderPromotionRelation:order	7703.23,9590.58 6842.06,8346.35
edge:declared:db.OrderPromotionRelation:promotion	7753.59,9590.58 8146.02,9004.12
edge:declared:db.OrderStaffInChargeRelation:order	6656.86,6785.83 6803.24,8248.35
edge:declared:db.OrderStaffInChargeRelation:staff_in_charge	6526.16,6758.42 5898.24,6805.86
edge:declared:db.OrderStatusHistory:order	5934.79,9962.89 6782.45,8346.35
edge:declared:db.OtherDocumentArchiveAttachment:other_document_archive	19891.06,17080.04 19499.42,16422.89
edge:declared:db.OwnerRolePermissionRelation:owner_permission	11854.93,10680.02 11639.39,10594.96
edge:declared:db.OwnerRolePermissionRelation:owner_role	12045.45,10754.02 12242.78,11064.42
edge:declared:db.Payment:app_card	20614.02,13528.48 20761.99,13580.06
edge:declared:db.Payment:charge	20421.17,13516.34 20286.77,13601.87
edge:declared:db.Payment:credit_card	20681.17,13466.98 22822.84,13392.91
edge:declared:db.PaymentLink:payment_store	23415.92,13282.38 22859.87,14203.96
edge:declared:db.PaymentLink:question_threads	23319.07,13213.07 20615.29,12683
edge:declared:db.PaymentRefund:payment	20821.74,13373.89 20681.17,13446.75
edge:declared:db.PaymentRefund:payment_status_history	20903.35,13314.44 20854.73,13272.42
edge:declared:db.PaymentStatusHistory:payment	20768.24,13272.42 20628.34,13414.48
edge:declared:db.Payroll:setting	8892.57,4901.83 8823.74,11882.91
edge:declared:db.PayrollAnnualSalaryInfo:employee	11318.6,14692.35 11500.96,14983.39
edge:declared:db.PayrollDocumentSealStampSetting:_deprecated_ceo	16970.52,16277.22 17271.59,16405.16
edge:declared:db.PayrollDocumentSealStampSetting:seal_stamp	16905.99,16195.22 17271.68,15725.95
edge:declared:db.PayrollEmployeeMonthlyWage:hrm_emp	8545.21,18527.56 8708.82,18248.39
edge:declared:db.PayrollLedgerAttachment:payroll_ldeger	13251.07,14766.85 13553.55,15054.79
edge:declared:db.PayrollLedgerFile:payroll_ledger	13542.84,14759.97 13599.11,15054.79
edge:declared:db.PayrollLedgerFileModificationRequest:payroll_ledger_file	13837.93,14581.58 13614.86,14685.97
edge:declared:db.PayrollLedgerItemSettingRelation:ledger_item	9231.76,12114.15 8913.75,12079.4
edge:declared:db.PayrollLedgerItemSettingRelation:setting	9264.8,12086.13 8934.91,11964.91
edge:declared:db.PayrollManagementRelation:payroll	10948.83,7173.09 8946.94,4901.83
edge:declared:db.PayrollSetting:ledger_item_set	8814.9,11964.91 8803.36,12029.51
edge:declared:db.PayrollSettlement:company_question_thread_set	13673.61,9636.67 18984.81,14210.59
edge:declared:db.PayrollSettlement:payroll	13585.19,9554.67 8953.89,4901.83
edge:declared:db.PayrollSettlementAutoCreation:payroll	10028.84,6909.68 8926.66,4901.83
edge:declared:db.PayrollSettlementAutoCreation:payroll_question_help_template	10049.04,6983.68 11508.1,9080.21
edge:declared:db.PayrollSettlementProgressLog:payroll_settlement	13174.33,9723.51 13502,9630.77
edge:declared:db.PayrollStaffUserRelation:payroll	8718.58,5093.83 8851.08,4901.83
edge:declared:db.PayrollStatement:_deprecated_employee	11805.02,15727.15 11665.83,15146.87
edge:declared:db.PayrollStatement:payroll_ledger	11948.83,15738.75 13485.23,15154.92
edge:declared:db.PayrollStatementAttendance:payroll_statement	11766.46,16124.25 11810.12,15849.15
edge:declared:db.PayrollStatementDocument:payroll_statement	13100.71,15446.85 11948.83,15766.11
edge:declared:db.PayrollStatementEmail:payroll_ledger	13104.7,17159.89 13596.2,15160.79
edge:declared:db.PayrollStatementEmailRecipient:email	12758.06,18452.35 13081.53,17249.89
edge:declared:db.PayrollStatementEmailRecipient:payroll_statement	12732.96,18452.35 11839.76,15849.15
edge:declared:db.PayrollStatementPayrollInformation:payroll_statement	12172.22,15745.92 11948.83,15795.83
edge:declared:db.PayrollStatementScheduledEmail:payroll_statement_email	12785.98,17193.07 12969.63,17200.13
edge:declared:db.PayrollStatementScheduledEmailPeriodicTaskRelation:payroll_statement_scheduled_email	12626.6,17325.14 12641.86,17224.74
edge:declared:db.PeriodicOptionVestingItem:periodic_option_vesting	15607.28,18470.59 15612.91,18526.22
edge:declared:db.PhantomStock:grantee	11770.69,17203.48 12156.38,18132.18
edge:declared:db.PhantomStockGrantContract:phantom_stock	11645.28,17063.46 11697.01,17105.48
edge:declared:db.PhantomStockResumeEvent:pause_event	16414.63,16276.6 16310.15,16265.11
edge:declared:db.PhoneVerification:phone	9582.71,14002.28 8068.3,12573.25
edge:declared:db.PingpongDelivery:dropoff_address	20267.97,12508.58 22332.92,14217.22
edge:declared:db.PitchingDayHallAccessLog:pitching_day_hall	30912.53,8954.36 30808.65,8776.07
edge:declared:db.PitchingDayHallAssignedIrs:pitching_day_hall	29326.11,8067.84 30683.62,8686.07
edge:declared:db.PortfolioCompanyFund:fund	28840.45,13910.11 30004.95,13791.68
edge:declared:db.PortfolioCompanyFund:portfolio_company	28604.45,13958.21 27535.26,14269.58
edge:declared:db.PortfolioCompanyManager:portfolio_company	27233.58,15743.54 27398.2,14371.38
edge:declared:db.PortfolioCompanyUserRelation:portfolio_company	27539.57,14413.4 27481.98,14371.38
edge:declared:db.PrivacyPolicyLog:privacy_policy	5715.4,29969.49 5725.03,29876.3
edge:declared:db.PromotionAddress:promotion	8103.98,7240.24 8169.35,8930.12
edge:declared:db.PromotionCodeUsageHistory:promotion_code	24309.32,12617.97 24206.78,12411.41
edge:declared:db.PromotionCodeUsageHistory:service_fee_item	24207.69,12669.86 24081.35,12985.54
edge:declared:db.Purchase:basket	22046.88,13712.18 22279.45,13597.75
edge:declared:db.Purchase:service_fee	22046.88,13712.22 22696.14,13598.12
edge:declared:db.PurchaseItem:payment_store	22779.5,14141.7 22811.99,14203.96
edge:declared:db.PurchaseStatusHistory:purchase	21554.79,13946.25 21750.88,13778.69
edge:declared:db.Purpose:articles_of_incorporation	17841.62,14937.91 17784.04,15305.01
edge:declared:db.Purpose:industrial_code	17837.92,14863.91 17843.89,14781.14
edge:declared:db.QrReplyPasswordReset:request	23399.71,16373.08 23368.1,16647.2
edge:declared:db.QrReplyPasswordResetRequest:reply	23340.8,16721.2 23130.67,17127.35
edge:declared:db.QuarterlyReportRequest:quarterly_report	26128.7,16712.9 26631.88,16049.32
edge:declared:db.QuarterlyReportRequestAttachment:quarterly_report_request	24886.67,17200.51 25971.77,16802.9
edge:declared:db.QuarterlyReportRequestReportItem:quarterly_report_item	25366.92,16729.89 25268.39,16715.03
edge:declared:db.QuarterlyReportRequestReportItem:quarterly_report_request	25665.92,16753.84 25924.58,16756.29
edge:declared:db.QuarterlyReportSettings:quarterly_report	26450.89,15957.42 26528.6,15974.71
edge:declared:db.QuarterlyReportSignupChannel:portfolio_company	25637.87,14889.09 27275.26,14348.13
edge:declared:db.QuarterlyReportSignupChannel:quarterly_report	25549.8,14971.09 26620.05,15935.32
edge:declared:db.QuestionMessageScheduled:question_thread_message	22994.5,10941.49 22773.8,11444.75
edge:declared:db.QuestionThreadAssignment:question_thread	20249.52,13179.73 20454.13,12726.51
edge:declared:db.QuestionThreadMessage:question_thread	22518.55,11590.75 20605.71,12588.51
edge:declared:db.QuestionThreadMessagePeriodicTaskRelation:question_message_scheduled	22940.92,10786.67 23022.12,10867.49
edge:declared:db.QuestionThreadTag:question_thread_set	20525.46,12899.32 20496.75,12726.51
edge:declared:db.RegistrationAgenda:agenda_director_change	14987.43,21934.2 15075.31,22021.57
edge:declared:db.RegistrationAgenda:registration	14959.44,21844.2 15823.38,19593.3
edge:declared:db.RegistrationAssistanceReceipt:registration_assistance	20964.44,16931.58 21217.07,16708.79
edge:declared:db.RegistrationDirector:registration	16008.92,19647.24 15912.45,19593.3
edge:declared:db.RegistrationFormCaptable:agenda	18506.35,23191.97 17936.33,21522.88
edge:declared:db.RegistrationFormCaptableDocument:captable	19331.45,24056.45 18560.73,23273.97
edge:declared:db.RegistrationFormCaptableNotarizationRequestor:registration_form_captable	18236.29,23021.73 18429,23191.97
edge:declared:db.RegistrationFormCaptableNotarizationRequestor:shareholder	18030.49,23021.73 17851.87,23115.99
edge:declared:db.RegistrationHelp:company_question_thread	18982.59,14797.33 19090.05,14388.59
edge:declared:db.RsuRsa:grantee	15897.39,15317.74 14332.2,16802.21
edge:declared:db.RsuRsa:source_meeting	16169.39,15254.3 16444.1,15242.11
edge:declared:db.RsuExerciseClaim:financial_account	15051.72,15491.35 13756.38,16846.15
edge:declared:db.RsuExerciseClaimAttachment:attachment_setting_item	14711.68,15565.37 14585.31,15675.42
edge:declared:db.RsuExerciseClaimAttachment:rsu_exercise_claim	14845,15491.37 14984.05,15491.35
edge:declared:db.RsuExerciseClaimCandidate:rsu_exercise_claim	14142.46,16409.43 15050.43,15491.35
edge:declared:db.RsuExerciseClaimCandidate:rsu_exercise_management	14085.16,16409.43 13929.23,16133.29
edge:declared:db.RsuExerciseClaimCandidate:rsu_grantee	14153.35,16507.43 14239.63,16802.21
edge:declared:db.RsuExerciseClaimCandidateEmailRecipient:candidate	14245.66,16618.45 14222.78,16474.39
edge:declared:db.RsuExerciseClaimEventRelation:claim	15471.19,15601.03 15220.83,15491.35
edge:declared:db.RsuExerciseClaimEventRelation:event	15582.01,15675.03 16121.03,16431.55
edge:declared:db.RsuExerciseClaimRsu:rsu	15671.03,15277.77 15897.39,15266.88
edge:declared:db.RsuExerciseClaimRsu:rsu_exercise_claim	15444.79,15320.44 15223.85,15395.96
edge:declared:db.RsuExerciseManagement:excluded_institution_set	13899.38,16133.29 13736.73,16570.45
edge:declared:db.RsuExerciseManagementAttachmentSetting:management	14179.09,15987.03 14041.61,16038.17
edge:declared:db.RsuExerciseManagementAttachmentSettingItem:setting	14486.07,15749.42 14325.33,15913.03
edge:declared:db.RsuExerciseManagementEmail:rsu_exercise_management	14411.45,16346.43 14009.92,16133.29
edge:declared:db.RsuExtraAttachment:rsu	16323.07,14836.14 16157.39,15187.34
edge:declared:db.RsuGrantContract:rsu	16476.75,15090.18 16169.39,15208.14
edge:declared:db.RsuGrantContract:template	16718,15043.58 16757.65,14071.63
edge:declared:db.RsuGrantContractModusignDocument:rsu_grant_contract	20969.02,19235.27 16718,15086.99
edge:declared:db.RsuGrantContractTemplate:stakeholder_set	16623.57,13989.63 16600.42,13895.45
edge:declared:db.RsuMeetingAttachment:meeting	16431.39,15400.31 16530.52,15281.61
edge:declared:db.RsuResumeEvent:pause_event	16290.93,17193.22 16226.49,17194.3
edge:declared:db.RsuTag:category	16305.54,14309.18 16243.67,14267.16
edge:declared:db.RsuTag:rsu_set	16327.21,14391.18 16050.34,15187.34
edge:declared:db.RsuVestingItem:performance_condition	15499.29,14818.69 16069.13,14138.73
edge:declared:db.RtccEmail:right_to_consent_or_consult	15595.9,16927.84 15716.38,16522
edge:declared:db.RtccEmailAuthentication:rtcc_investor	16135.93,17629.54 16013.11,17706.55
edge:declared:db.RtccInvestor:right_to_consent_or_consult	15958.31,17706.55 15735.99,16522
edge:declared:db.RtccInvestorFile:investor	18050.34,18355.28 16121.97,17796.37
edge:declared:db.Safe:holder	13923.42,15642.59 13734.85,15890.16
edge:declared:db.SdContactRequest:secondary_deal	32589.63,8593.53 33306.64,6275.29
edge:declared:db.SealCardReturnRequest:seal_card	4690.12,8469.95 5062.99,8412.82
edge:declared:db.SealCardReturnStatusHistory:seal_card_return_request	5459.74,9768.15 4594.76,8529.95
edge:declared:db.SealCertificateDelivery:seal_card_pickup_delivery	19564.38,12409.2 20084.75,12449.88
edge:declared:db.SealCertificateIssueRequest:delivery	19548.86,12490.52 19497.16,12448.5
edge:declared:db.SealStamp:director	17272.88,15725.95 17399.51,16389.95
edge:declared:db.SealStampImage:seal_stamp	17912.38,16097.21 17395.12,15725.95
edge:declared:db.SealStampUsageHistory:employee	12874.14,15272.06 11784.96,15071.96
edge:declared:db.SealStampUsageHistory:payroll_statement_document	13086.69,15347.84 13156.89,15389.86
edge:declared:db.SealStampUsageHistory:seal_stamp	13122.14,15305.71 17188.98,15662.08
edge:declared:db.SealStampUsageHistory:wht_book	12874.14,15300.49 12384.65,15322.82
edge:declared:db.SealStampUsageHistory:wht_certificate	13092.28,15241.84 13219.82,15170.04
edge:declared:db.SealStampUsageHistory:wht_receipt	12943.58,15241.84 12899.85,15199.37
edge:declared:db.SelfRegistration:meeting	18202.19,17590.88 18032.2,17544.58
edge:declared:db.ServiceFee:basket	22448.14,13558.22 22279.45,13559.71
edge:declared:db.ServiceFeeItem:product	23880.52,12959.94 23217.94,12306.37
edge:declared:db.ShareholderInstitutionMember:institution	12844.21,21971.14 13073.21,22666.06
edge:declared:db.ShareholderInstitutionMember:manager	12832.15,21889.14 12746.38,21641.98
edge:declared:db.ShareholderInstitutionMemberCeo:member	12811.76,22574.59 12844.17,21971.14
edge:declared:db.ShareholdersAgreementStakeholder:stakeholder	11993.69,19095.99 12520.68,19167.58
edge:declared:db.ShareholdersMeeting:chairperson	16677.63,22660.84 15988.19,22408.19
edge:declared:db.ShareholdersMeetingAgenda:agenda_authorized_shares_change	17729.54,21513.99 17487.62,21767.11
edge:declared:db.ShareholdersMeetingAgenda:agenda_branch_change	17943.22,21248.88 18780.02,19854.43
edge:declared:db.ShareholdersMeetingAgenda:agenda_change_of_articles_of_incorporation	18049.54,21364.64 18994.28,20621.81
edge:declared:db.ShareholdersMeetingAgenda:agenda_director_change	17729.54,21414.15 15252.62,22127.57
edge:declared:db.ShareholdersMeetingAgenda:agenda_director_compensation_decision	17729.54,21389.46 16649.71,21541.69
edge:declared:db.ShareholdersMeetingAgenda:agenda_head_office_relocation	18049.54,21443.97 18576.9,21635.44
edge:declared:db.ShareholdersMeetingAgenda:agenda_new_issue	17729.54,21522.87 17180,22177.52
edge:declared:db.ShareholdersMeetingAgenda:agenda_option_cancel	17729.54,21343.89 16270.24,20960.96
edge:declared:db.ShareholdersMeetingAgenda:agenda_option_grant	17773.88,21248.87 16619.79,19682.56
edge:declared:db.ShareholdersMeetingAgenda:meeting	17729.58,21522.87 16852.83,22639.48
edge:declared:db.ShareholdersMeetingConvocationNoticeEmail:shareholders_meeting	18381.15,20754.92 16859.63,22639.48
edge:declared:db.ShareholdersMeetingConvocationNoticeEmailAttachment:convocation_notice_email	19602.89,20459.28 18606.57,20666.68
edge:declared:db.ShareholdersMeetingConvocationNoticeEmailNewIssueAttachment:email	17592.69,21824.47 18401.81,20754.92
edge:declared:db.ShareholdersMeetingConvocationNoticeEmailNewIssueAttachment:new_issue	17592.69,21898.45 17192.03,22347.44
edge:declared:db.ShareholdersMeetingConvocationNoticeRecipient:convocation_notice_email	19143.81,21329 18475.14,20754.92
edge:declared:db.ShareholdersMeetingConvocationNoticeRecipient:shareholder	19159.89,21419 17720.08,23103.23
edge:declared:db.ShareholdersMeetingShareholderAttendance:meeting	17545.6,23103.23 16926.4,22777.48
edge:declared:db.ShareholdersMeetingShareholderAttendance:original_shareholder	17476.87,23151.55 13333.21,22745.39
edge:declared:db.StakeholderAccount:account	13157.67,18206.73 13691.18,16944.15
edge:declared:db.StakeholderCustodian:stakeholder	12308.31,19254.63 12520.68,19167.62
edge:declared:db.StarredQuestionThread:question_thread	19997.31,12727.71 20355.29,12676.22
edge:declared:db.Stock:share_class	16566.96,18415.79 16577.74,18279.16
edge:declared:db.Stock:shareholder	16452.51,18497.79 13100.14,22666.06
edge:declared:db.StockDocumentAnalysis:document_ai_process_request	25820.92,27607.59 26369.22,27351.41
edge:declared:db.StockDocumentAnalysis:stock_reregistration_event	25769.97,27681.59 25875.47,27819.83
edge:declared:db.StockTransferAgreement:seller	17597.66,18687.4 13333.21,22666.06
edge:declared:db.StockTransferAgreement:stock_transfer_event	17597.66,18574.15 17400.27,18464.65
edge:declared:db.StockTransferAgreementClauses:stock_transfer_agreement	18243.98,18583.86 17869.66,18583.86
edge:declared:db.StockTransferAgreementItem:agreement	17072.4,18407.52 17597.66,18602.45
edge:declared:db.StockTransferAgreementItem:share_class	16895.07,18333.52 16707.38,18272.32
edge:declared:db.StockTransferAgreementManagement:related_tax_advices	18386.06,13160.32 20355.29,12726.51
edge:declared:db.StockTransferAgreementManagement:stock_transfer_agreement	18083.06,13196.61 17869.66,18574.15
edge:declared:db.StockTransferAgreementManagementStakeholderSeat:stakeholder_seat	9775.2,8380.31 11595.79,19362.25
edge:declared:db.StockTransferAgreementManagementStakeholderSeat:stock_transfer_agreement_management	9833.6,8380.31 18193.83,13151.61
edge:declared:db.StockTransferAgreementModusignDocument:stock_transfer_agreement	20006.31,20160.13 17849.63,18728.15
edge:declared:db.StockTransferAgreementModusignEmbeddedDraft:stock_transfer_agreement	20247.62,20554.96 17835.34,18728.15
edge:declared:db.StockTransferAgreementPurchaserInstitution:agreement	18243.85,18817.86 17869.66,18728.11
edge:declared:db.StockTransferAgreementSellerInstitution:agreement	18146.57,18747.54 17869.66,18593.59
edge:declared:db.StockTransferPrice:share_class	17220.72,18277.38 16707.38,18237.56
edge:declared:db.StockTransferPrice:stock_transfer_event	17350.12,18325.23 17369.91,18390.65
edge:declared:db.StripeCard:customer	6254.03,7287.11 6300.14,7658.11
edge:declared:db.StripePayment:card	5456.35,7938.15 6206.78,7287.11
edge:declared:db.StripePayment:order	5533.09,8007.35 6684.15,8269.15
edge:declared:db.StripePayment:seal_card_return_request	5341.29,8020.15 4633.92,8447.95
edge:declared:db.Subscription:subscription_plan	20822.87,11302.07 20316.3,12015.42
edge:declared:db.SubscriptionBonus:subscription	21487.45,11281.73 21016.39,11234.66
edge:declared:db.SubscriptionModusignDocumentUsageHistory:subscription	23692.37,13376.79 20986.05,11302.07
edge:declared:db.SubscriptionPaymentRequest:subscription	20994.39,11726.35 20898.66,11302.07
edge:declared:db.SubscriptionPeriod:subscription	21795.48,10889.5 21016.39,11171.79
edge:declared:db.SubscriptionPerk:subscription	21375.92,10952.83 21003.24,11140.07
edge:declared:db.SubscriptionPlan:permissions	20145.82,12071.71 19951.48,12041.44
edge:declared:db.SubscriptionPlanOffering:subscription_plan	20593.69,11999.5 20405.82,12096.4
edge:declared:db.SubscriptionPlanPerk:subscription_plan	20570.24,11918.8 20405.82,12057.49
edge:declared:db.SubscriptionReservation:subscription_plan	19360.6,12140.76 20145.82,12082.13
edge:declared:db.SubscriptionSuspensionHistory:subscription	20935.1,11064.02 20932.97,11140.07
edge:declared:db.TaxBookkeepingServiceRequest:incorporation_request	20440.21,14084.91 21078.71,15869.89
edge:declared:db.TaxPartnerTbkContractItem:tax_partner_tbk_contract	22659.22,14606.8 22628.74,14564.78
edge:declared:db.TbkConsulting:tax_bookkeeping_service_request	20665.39,14112.81 20562.54,14083.26
edge:declared:db.TbkConsulting:tbk_question_thread	20665.39,14159.45 19230.16,14286.97
edge:declared:db.TbkConsultingMemo:tbk_consulting	21214.43,14052.03 20913.39,14120.31
edge:declared:db.TbkConsultingRefusal:incorporation_request	20810.08,15540.71 21043.41,15869.89
edge:declared:db.TbkConsultingStatusLog:tbk_consulting	20832.53,13987.41 20802.51,14099.43
edge:declared:db.TbkContract:tbk_consulting	22065.42,15052.51 20851.61,14197.43
edge:declared:db.TbkContractBenefit:tbk_contract	22161.45,15176.53 22202.41,15134.51
edge:declared:db.TbkContractSettlement:tbk_contract	22126.47,15010.49 22185.13,15052.51
edge:declared:db.ThirdPartyArticleProviderUserRelation:article_provider	20124.45,19992.72 20121.04,19945
edge:declared:db.UserApiKeyCompanyAccess:api_key	17822.83,8189.07 18159.8,7547.8
edge:declared:db.UserApiKeyCompanyRelation:company_access	18278.7,7690.44 17837.55,8189.07
edge:declared:db.UserApiKeyRevocation:api_key	17878.2,7490 18057.35,7499.93
edge:declared:db.UserInvitationOwnerRoleRelation:owner_role	12284.7,11299.76 12356.07,11160.83
edge:declared:db.UserInvitationOwnerRoleRelation:user_invitation	12278.61,11373.76 12299.99,11917.8
edge:declared:db.UserProfileImageMapping:profile_image	21084.25,18820.79 21016.96,18855.01
edge:declared:db.UserSealCardRelation:seal_card	4982.38,8539.63 5129.45,8434.82
edge:declared:db.ValuationServiceRequest:company_question_thread	17968.74,13362.56 18968.69,14210.59
edge:declared:db.VcIrRecommendationRequestResult:request	29870.57,8872.41 31031.71,9703.84
edge:declared:db.VcLpReportRequest:alimtalk_activity	32656.78,13375.27 31509.88,14070.82
edge:declared:db.VcLpReportRequest:vc_lp_report	32651.51,13293.27 32255.61,13070.54
edge:declared:db.VcLpReportRequestRecipient:alimtalk_activity_recipient	31160.01,13937.63 30763.77,14331.59
edge:declared:db.VcLpReportRequestRecipient:fund_partner	31228.26,13855.63 31312.18,13728.25
edge:declared:db.VcLpReportRequestRecipient:vc_lp_report_request	31312.29,13855.63 32613.34,13375.27
edge:declared:db.VcNameAlias:venture_capital	33219.05,12080.24 32725.46,12435.07
edge:declared:db.VentureCapitalEmailTemplates:venture_capital	32929.78,12563.15 32725.46,12563.13
edge:declared:db.VentureCapitalQuarterlyReport:content_template	26693.75,15935.32 27018.95,14941.31
edge:declared:db.VentureCapitalQuarterlyReportItem:quarterly_report	25201.26,16650.05 26547.37,16049.32
edge:declared:db.VentureCapitalQuarterlyReportItemReply:item	23637.35,17432.44 25027.98,16732.05
edge:declared:db.VentureCapitalQuarterlyReportItemReply:reply	23374.44,17450.38 23259.21,17213.82
edge:declared:db.VentureCapitalQuarterlyReportReply:company_create_request	22949.1,17127.35 22155.48,16779.67
edge:declared:db.VentureCapitalQuarterlyReportReply:portfolio_company	23182.75,17127.35 27312.72,14371.38
edge:declared:db.VentureCapitalQuarterlyReportReply:quarterly_report	23259.21,17135.02 26528.6,16042.02
edge:declared:db.VentureCapitalSubscription:venture_capital	33108.42,11067.98 32648.33,12250.52
edge:declared:db.VentureCapitalSubscriptionPlanPermission:subscription_plan	34225.67,11247.93 33441.08,11286.65
edge:declared:db.VentureCapitalSubscriptionPlanPrice:subscription_plan	33226.5,11911.54 33291.93,11334.78
edge:declared:db.VentureCapitalUserRelation:roles	29255.36,10482.06 28104.1,9285.75
edge:declared:db.VentureComplex:address	23478.92,18512.16 22871.75,18818.25
edge:declared:db.VideoCollection:video_contents	18894.86,9480.09 19358.26,8888.25
edge:declared:db.VideoContentHistory:video_collection	19092.37,9854.84 18891.45,9570.09
edge:declared:db.VideoContentHistory:video_content	19131.88,9854.84 19379.84,8888.25
edge:declared:db.VideoContentSpeecher:video_content	19130.42,8806.23 19276.29,8806.25
edge:declared:db.WhitepaperPreviewFile:whitepaper	5849.24,6322.44 5824.47,6437.36
edge:declared:db.WhitepaperWatermarkFile:whitepaper	6724.36,5947.75 5885.84,6437.36
edge:declared:db.WhtBook:employee	12193.32,15287.47 11784.96,15132.34
edge:declared:db.WhtBook:wht_book_without_date	12210.88,15369.47 12088.98,15469.9
edge:declared:db.WhtBookWithoutDate:employee	12017.31,15469.9 11716.01,15146.87
edge:declared:db.WhtCertificate:employee	13167.54,15122.63 11784.96,15058.39
edge:declared:db.WhtReceipt:employee	12743.76,15146.29 11784.96,15065.22
edge:declared:db.YearEndTaxSettlement:payroll	10871.35,18075.82 8902.29,4901.83
edge:declared:db.YearEndTaxSettlementConfirmationSchedule:year_end_tax_settlement	10519.83,18001.66 10754.08,18079.58
edge:declared:db.YetsAssistance:employee	15432.4,30618.82 10002.77,30427.18
edge:declared:db.YetsAssistanceCreatorYetsEmployee:yets_employee	10828.26,30186.96 10002.77,30386.58
edge:declared:db.YetsAssistanceMessage:assistance	18257.82,30460 15680.4,30615.7
edge:declared:db.YetsAssistanceMessage:creator	18257.82,30442.5 14336.11,30126.15
edge:declared:db.YetsAssistanceMessageFile:message	22158.34,30015.05 18505.82,30438.15
edge:declared:db.YetsAssistanceStaffAccessLog:assistance	14936.38,30737.66 15432.4,30666.19
edge:declared:db.YetsAssistanceStaffFavoriteRelation:assistance	16046.51,30446.39 15680.4,30578.46
edge:declared:db.YetsEmail:year_end_tax_settlement	11685.37,19988.52 10897.53,18165.82
edge:declared:db.YetsEmailAuthentication:yets_employee	9383.75,30936.81 9796.61,30487.01
edge:declared:db.YetsEmployee:employee	9863.78,30357.01 11569.34,15146.87
edge:declared:db.YetsEmployee:year_end_tax_settlement	9861.67,30357.01 10874.34,18165.82
edge:declared:db.YetsEmployeeFile:employee	22592.94,31528.15 10002.77,30434.73
edge:declared:db.YetsEmployeeResult:yets_employee	11132.11,28866.74 9909.59,30357.01
edge:declared:db.YetsEmployeeResultAssistanceMessageRelation:assistance_message	14721.48,29730.99 18257.82,30428.06
edge:declared:db.YetsEmployeeResultAssistanceMessageRelation:result	14391.05,29656.99 11293.02,28853.88
edge:declared:db.YetsEmployeeResultStatusLog:result	11215.41,28930.42 11188.23,28866.74
edge:declared:db.YetsEmployeeResultWhtReceipt:result	21526.93,27736.7 11293.02,28808.75
edge:declared:db.YetsEmployeeSubmissionLog:yets_employee	9936.36,30611.15 9883.79,30487.01
edge:declared:db.YetsEmployeeUploadForm:yets_employee	11442.19,30796.03 10002.77,30456.56
edge:declared:db.YetsEmployeeUploadFormStatusLog:yets_employee_upload_form	11201.4,31511.65 11540.89,30860.86
edge:declared:db.ZuzuTaxPhoneToken:phone	8313.29,12382.39 8097.43,12499.25
edge:declared:document_ai.DocumentAiProcessResult:request	25924.52,29760.47 26440.49,27351.41
edge:declared:fi_sta.FiStaCompanyCeo:fi_sta_company	31002.88,30339.64 30296.38,32704.35
edge:declared:fi_sta.FiStaCompanySearchResult:fi_sta_company	30336.27,31501.21 30285.85,32704.35
edge:declared:fi_sta.FiStaContractDocument:participant	28616.92,33259.03 29025.14,33632.44
edge:declared:fi_sta.FiStaContractDocument:stock_transfer_agreement_document	28443.72,33243.42 26714.66,33653.23
edge:declared:fi_sta.FiStaContractDocument:stock_transfer_notice_poa_document	28582.18,33259.03 28655.86,33488.29
edge:declared:fi_sta.FiStaContractDocument:stock_unissued_confirmation_poa_document	28566.64,33169.03 28497.59,30285.88
edge:declared:fi_sta.FiStaManagement:fi_sta_company	31987.46,35037.47 30314.6,32786.35
edge:declared:fi_sta.FiStaParticipant:fi_sta_user	29192.06,33730.44 30759.02,34407.84
edge:declared:fi_sta.FiStaStockTransferAgreementDocument:starter	26714.66,33692.71 28954.71,33682.03
edge:declared:fi_sta.FiStaStockTransferNoticePoaDocument:signer	28765.13,33562.29 28954.71,33634.33
edge:declared:fi_sta.FiStaStockUnissuedConfirmationPoaDocument:signer	28502.98,30285.88 29070.4,33632.44
edge:declared:fi_sta.FiStaTransferStock:stock_transfer_agreement_document	28098.34,33904.53 26714.66,33716.61
edge:declared:fi_sta.FiStaUser:fi_sta_management	30913.38,34481.84 31946.18,35037.47
edge:declared:vertex_ai.VertexAiPredictionResult:request	33823.33,17455.89 33767.19,17538.45
edge:inheritance:db.AgendaBonusIssueNewIssueBalanceCertificateFile->db.FileAttachment	19497.82,19430.62 20057.27,18703.97
edge:inheritance:db.AgendaBonusIssueNewIssueMinutesFile->db.FileAttachment	19524.51,19249.65 20048.87,18703.97
edge:inheritance:db.Announcement->db.QuestionThread	20757.73,12219.13 20528.17,12588.51
edge:inheritance:db.BeforeunloadPdfEvent->db.PdfEvent	29278.36,11182.08 29778.86,11404.17
edge:inheritance:db.BranchAbolitionEvent->db.Event	17316.42,17827.48 16747.44,17001.34
edge:inheritance:db.BranchInstallationEvent->db.Event	18785.59,18222.72 16820.37,16969.82
edge:inheritance:db.BulkEmailCommonAttachment->db.FileAttachment	19167.12,17694.8 20048.87,18346.53
edge:inheritance:db.BulkEmailRecipientAttachment->db.FileAttachment	18993.73,18881.54 20048.87,18601.49
edge:inheritance:db.CmeBulkEmail->db.BulkEmail	18058.86,16570.99 15392.91,17250.96
edge:inheritance:db.CmeBulkEmailTemplate->db.BulkEmailTemplate	19763.55,15103.7 19368.55,15143.63
edge:inheritance:db.CompanyBulkEmailTemplate->db.BulkEmailTemplate	18782.64,14523.17 19120.55,15179.34
edge:inheritance:db.CompanyDocumentDelivery->db.DocumentDelivery	18565.24,12619.79 19426.77,12644.05
edge:inheritance:db.CompanyEndorsementFeed->db.CompanyFeed	24766.72,5438.42 26234.32,4458.76
edge:inheritance:db.CompanyFeed->db.Feed	26302.67,4458.76 26090.7,6748.96
edge:inheritance:db.CompanyIrClosingFeed->db.CompanyFeed	26361.56,6229.24 26308.37,4458.76
edge:inheritance:db.CompanyIrNewCommitFeed->db.CompanyFeed	26767.98,6088.31 26320.62,4458.76
edge:inheritance:db.CompanyIrOpenFeed->db.CompanyFeed	26889.86,5564.31 26331.55,4458.76
edge:inheritance:db.CompanyNewsFeed->db.CompanyFeed	18982.51,8616.21 26210.64,4458.76
edge:inheritance:db.CompanyOwnerAuditLog->db.AuditLog	11821.63,8082.6 17904.55,7199.93
edge:inheritance:db.CompanyPaymentLink->db.PaymentLink	21833.94,12265.61 23370.09,13192.38
edge:inheritance:db.CompanyQuestionThread->db.QuestionThread	19109.89,14210.59 20426.58,12726.51
edge:inheritance:db.ConsentFormModusignDocument->db.ModusignDocument	23364.09,26424.54 22505.12,20715.46
edge:inheritance:db.ConsentFormModusignEmbeddedDraft->db.ModusignEmbeddedDraft	21829.07,23015.56 21948.32,21965.75
edge:inheritance:db.ConsentFormOptionItem->db.ConsentFormItem	22336.29,24297.48 22851.63,26793.93
edge:inheritance:db.CustomOptionGrantContractTemplate->db.OptionGrantContractTemplate	19748.85,16161.77 19540.67,16150.58
edge:inheritance:db.CustomOptionGrantContractTemplateRevision->db.OptionGrantContractTemplateRevision	20572.83,16236.67 20220.85,16677.7
edge:inheritance:db.Director->db.Stakeholder	17271.59,16523.12 12852.68,19223.92
edge:inheritance:db.DirectorsMeetingNoticeEmail->db.BulkEmail	16627.79,19119.35 15313.62,17319.96
edge:inheritance:db.DocumentLoadedPdfEvent->db.PdfEvent	29694.76,11268.67 29825.28,11404.17
edge:inheritance:db.ESOPParticipant->db.Employee	11966.21,15951.59 11682.66,15146.87
edge:inheritance:db.Employee->db.Stakeholder	11669.89,15146.87 12606.45,19167.54
edge:inheritance:db.EmployeeOptionExerciseManagementEmail->db.BulkEmail	15068.76,15253.63 15225.05,17181.96
edge:inheritance:db.EmployeeOptionGrantee->db.Employee	12117.3,13881.67 11677.91,14944.87
edge:inheritance:db.EmployeeStockGuideEmail->db.BulkEmail	14347.17,17172.52 15132.91,17221.75
edge:inheritance:db.ExpertClientSignupChannel->db.SignupChannel	22888.51,14886.15 23308.26,14608.07
edge:inheritance:db.HrmAlpUsagePlan->db.HrmApprovable	9228.81,18328.19 7694.63,17871.3
edge:inheritance:db.HrmAnnualLeave->db.HrmLeaveBase	8299.29,21689.28 7958.98,21037.87
edge:inheritance:db.HrmAnnualLeaveFiscalBasedConfig->db.HrmAnnualLeaveConfigBase	8543.67,24949.68 8323.84,22601.42
edge:inheritance:db.HrmAnnualLeaveHireBasedConfig->db.HrmAnnualLeaveConfigBase	8257.24,24137.47 8318.89,22601.42
edge:inheritance:db.HrmAttendance->db.HrmApprovable	7896.69,17810.01 7694.63,17825.1
edge:inheritance:db.HrmDeptAbolishedEvent->db.HrmDeptStatusEventBase	5632.28,22514.08 5584.4,21408.54
edge:inheritance:db.HrmDeptCreatedEvent->db.HrmDeptStatusEventBase	5505.24,20734.4 5577.61,21326.54
edge:inheritance:db.HrmDeptNameChangedEvent->db.HrmDeptNameEventBase	4831.37,19817.27 4595.68,20045.4
edge:inheritance:db.HrmDeptNameEventBase->db.HrmDeptEventBase	4596.05,20119.4 4771.09,20287.23
edge:inheritance:db.HrmDeptParentChangedEvent->db.HrmDeptParentEventBase	5065.12,19984.28 5340.53,19998.01
edge:inheritance:db.HrmDeptParentEventBase->db.HrmDeptEventBase	5383.59,20040.9 4884.62,20287.23
edge:inheritance:db.HrmDeptStatusEventBase->db.HrmDeptEventBase	5552.25,21326.54 4837.09,20361.23
edge:inheritance:db.HrmDocument->db.HrmApprovable	6164.19,16731.6 7508.14,17785.37
edge:inheritance:db.HrmEmpAbsenceEvent->db.HrmEmpStatusEventBase	9065.51,15757 9265.9,15852.81
edge:inheritance:db.HrmEmpAffiliationChangedEvent->db.HrmEmpAffiliationEventBase	7783.43,16887.76 7876.96,16929.78
edge:inheritance:db.HrmEmpAffiliationEventBase->db.HrmEmpEventBase	7987.25,16929.78 8416.18,16873
edge:inheritance:db.HrmEmpContractModusignDocument->db.ModusignDocument	25834.82,37860 22508.64,20715.46
edge:inheritance:db.HrmEmpDepartedEvent->db.HrmEmpStatusEventBase	9635.83,15864.46 9513.9,15896.53
edge:inheritance:db.HrmEmpEmploymentTypeChangedEvent->db.HrmEmpEmploymentTypeEventBase	9059.6,17011.76 9047.29,17125.25
edge:inheritance:db.HrmEmpEmploymentTypeEventBase->db.HrmEmpEventBase	8973.14,17125.25 8528.82,16873
edge:inheritance:db.HrmEmpJobChangedEvent->db.HrmEmpJobEventBase	8116.67,16311.1 8087.22,16505.21
edge:inheritance:db.HrmEmpJobEventBase->db.HrmEmpEventBase	8150.56,16579.21 8407.75,16799
edge:inheritance:db.HrmEmpJoinedEvent->db.HrmEmpStatusEventBase	9181.76,16454.04 9368.7,15953.4
edge:inheritance:db.HrmEmpReturnToWorkEvent->db.HrmEmpStatusEventBase	9303.77,15757 9356,15847.4
edge:inheritance:db.HrmEmpStatusEventBase->db.HrmEmpEventBase	9340.39,15953.4 8510.73,16799
edge:inheritance:db.HrmFixedWork->db.HrmWorkBase	6931.96,18794.21 6898.96,18894.18
edge:inheritance:db.HrmGrantableLeave->db.HrmLeaveBase	8101.87,20243.05 7906.11,20891.87
edge:inheritance:db.HrmLeaveUsage->db.HrmApprovable	10256.84,18399.23 7694.63,17860.45
edge:inheritance:db.HrmStaggeredWork->db.HrmWorkBase	6160.22,19507.01 6802.22,19016.18
edge:inheritance:db.IBKSignupChannel->db.SignupChannel	23950.27,14601.39 23556.26,14592.4
edge:inheritance:db.IaConsentFormOrMeetingElectronicSignatureRequestModusignDocument->db.ModusignDocument	25519.93,21094.49 22628.93,20645.96
edge:inheritance:db.IaConsentFormOrMeetingElectronicSignatureRequestModusignEmbeddedDraft->db.ModusignEmbeddedDraft	26308.91,21428.75 22080.11,21898.96
edge:inheritance:db.IaConsentFormOrMeetingElectronicSignatureRequiredDocument->db.InvestmentAssociationDocument	29652.6,19889.96 30907.53,19405.62
edge:inheritance:db.IaExpertPartnerBulkEmailTemplate->db.BulkEmailTemplate	20490.42,15349.09 19368.55,15158.61
edge:inheritance:db.IaExplanationFormForElectronicSignatureDocument->db.InvestmentAssociationDocument	31587.12,19527.39 31190.68,19393.07
edge:inheritance:db.IaGpAppointmentEvent->db.InvestmentAssociationEvent	30785.61,17871.25 29428.48,17670.84
edge:inheritance:db.IaGpTerminationEvent->db.InvestmentAssociationEvent	31022.78,18158.74 29428.48,17688.51
edge:inheritance:db.IaMeetingAgendaCustom->db.IaMeetingAgenda	31117.26,20827.77 30950.68,20566.87
edge:inheritance:db.IaMeetingMinutesDocument->db.InvestmentAssociationDocument	30601.23,19988.33 31014.99,19405.62
edge:inheritance:db.IaMeetingNoticeDocument->db.InvestmentAssociationDocument	30400.09,19872.31 30985.64,19405.62
edge:inheritance:db.IaMeetingSealedNoticeDocumentFile->db.FileAttachment	28162.26,19738.5 20428.87,18467.73
edge:inheritance:db.IaModusignDocumentUsageHistory->db.BaseModusignDocumentUsageHistory	24512.23,14376.1 23529.19,14189.41
edge:inheritance:db.IaOwnerAuditLog->db.AuditLog	22957.5,4905.57 18102.73,7145.81
edge:inheritance:db.IaPartnerListDocument->db.InvestmentAssociationDocument	31065.23,19011.82 31051.77,19283.62
edge:inheritance:db.IaPaymentLink->db.PaymentLink	25190.05,13435.43 23567.07,13251.44
edge:inheritance:db.IaPfCompanyInvestmentSalesIntent->db.SalesIntent	29533.52,21748.01 30851.75,23044.03
edge:inheritance:db.IaQuestionThread->db.QuestionThread	21841.17,11503.04 20566.32,12588.51
edge:inheritance:db.IaRuleDocument->db.InvestmentAssociationDocument	28584.28,19320.46 30904.68,19346.74
edge:inheritance:db.IaSealStampImage->db.FileAttachment	21231.74,18280.68 20428.87,18447.49
edge:inheritance:db.ImAcVcBroker->db.ImZuzuBroker	26538.27,12334.43 28243.63,12230.5
edge:inheritance:db.ImIndividualGpBroker->db.ImZuzuBroker	28107.36,12375.35 28299.75,12260.3
edge:inheritance:db.ImInvestorBroker->db.ImBroker	30495.1,12327.05 28954.52,12197.63
edge:inheritance:db.ImIrPartnerBroker->db.ImBroker	27867.2,12093.3 28706.52,12186.58
edge:inheritance:db.ImPitchingDay->db.ImDay	28851.91,10871.61 29354.4,10987.71
edge:inheritance:db.ImPitchingDayParticipation->db.ImDayParticipation	27741.39,9637.82 29146.27,10713.86
edge:inheritance:db.ImZuzuBroker->db.ImBroker	28479.63,12217.53 28706.52,12206.43
edge:inheritance:db.IncorporationRequestAssistanceReceipt->db.FileAttachment	21358.68,17121.6 20428.87,18269.97
edge:inheritance:db.IndividualStakeholder->db.Stakeholder	13107.23,20459.57 12744.85,19481.54
edge:inheritance:db.IndividualStockOptionCancelEvent->db.IndividualInvestorEvent	32901.09,28652.32 31990.47,28038.39
edge:inheritance:db.IndividualStockOptionExerciseEvent->db.IndividualInvestorEvent	33206.59,29717.13 31957.22,28038.39
edge:inheritance:db.IndividualStockOptionGrantEvent->db.IndividualInvestorEvent	32029.29,26310.48 31926.55,27948.39
edge:inheritance:db.IndividualStockOptionPauseEvent->db.IndividualInvestorEvent	28910.64,27308.34 31799.72,27965.2
edge:inheritance:db.IndividualStockOptionResumeEvent->db.IndividualInvestorEvent	29414.66,29352.56 31840.65,28038.39
edge:inheritance:db.IndividualStockOptionSalesIntent->db.SalesIntent	29810.75,23095.46 30782.71,23082.59
edge:inheritance:db.InputSignupChannel->db.SignupChannel	24068.63,15040.74 23471.05,14630.57
edge:inheritance:db.InstitutionStakeholder->db.Stakeholder	12752.37,21124.17 12647.68,19481.54
edge:inheritance:db.InvestmentAssociationAssociationPartner->db.InvestmentAssociationOrganizationPartner	31653.27,15926.57 32550.72,16092.24
edge:inheritance:db.InvestmentAssociationCorporationPartner->db.InvestmentAssociationOrganizationPartner	33325.44,15978.35 32913.72,16080.65
edge:inheritance:db.InvestmentAssociationOrganizationPartner->db.InvestmentAssociationPartner	32550.72,16174.71 33631.46,18157.44
edge:inheritance:db.InvestmentAssociationOrganizationPartnerCorporationSigner->db.InvestmentAssociationOrganizationPartnerSigner	32993.2,14920.73 32677.68,15064.75
edge:inheritance:db.InvestmentAssociationOrganizationPartnerIndividualSigner->db.InvestmentAssociationOrganizationPartnerSigner	32463.44,14978.9 32539.31,15064.75
edge:inheritance:db.InvestmentAssociationPartnerSalesIntent->db.SalesIntent	31897.68,21858.4 30930.89,23044.03
edge:inheritance:db.InvestmentContractHolder->db.Stakeholder	13679.77,15964.16 12723.95,19167.54
edge:inheritance:db.InvestorRelations->db.InvestorMatching	27254.67,7713.18 25785.73,10857.81
edge:inheritance:db.IrClosingComplete->db.IrClosing	28314.92,5185.98 29089.26,6665.18
edge:inheritance:db.IrClosingExpired->db.IrClosing	29101.22,7228.66 29109.98,6747.18
edge:inheritance:db.IrClosingIncomplete->db.IrClosing	29845.06,6737.09 29234.73,6711.4
edge:inheritance:db.IrConsultingRequest->db.ImConsultingRequest	25405.77,9929.2 24821.77,9357.14
edge:inheritance:db.IrFeed->db.Feed	26603.57,7706.49 26122.07,6822.96
edge:inheritance:db.LawtalkSignupAttachment->db.FileAttachment	18335.69,15002.08 20102.65,18269.97
edge:inheritance:db.LegalPartnerSignupChannel->db.SignupChannel	22791.07,14784.31 23308.26,14590.54
edge:inheritance:db.ManualOptionVesting->db.OptionVesting	15918.27,18553.34 15937.23,18447.59
edge:inheritance:db.ManualProduct->db.Product	23002.66,12165.63 23096.55,12232.37
edge:inheritance:db.MeetingAttachment->db.FileAttachment	18781.21,17721.01 20048.87,18386.64
edge:inheritance:db.Mna->db.InvestorMatching	25452.63,10755.8 25602.64,10857.81
edge:inheritance:db.MnaConsultingRequest->db.ImConsultingRequest	24456.44,9359.53 24665.57,9314.15
edge:inheritance:db.NcpSignupChannel->db.SignupChannel	24520.34,14995.9 23556.26,14630.34
edge:inheritance:db.NewIssueNoticeEmail->db.BulkEmail	15337.92,20663.45 15304.48,17319.96
edge:inheritance:db.NewIssueStockAllocationRecordDateNoticeDocument->db.MeetingDocument	18296.67,24975.96 16359.35,25834.83
edge:inheritance:db.NonUnifiedShareManagementSalesIntent->db.SalesIntent	28928.63,24744.1 30856.84,23118.03
edge:inheritance:db.NonUnifiedShareSucPoaModusignDocument->db.ModusignDocument	23242.4,20990.3 22628.93,20687.83
edge:inheritance:db.OptionExerciseClaimAttachment->db.FileAttachment	14804.7,17526.28 20048.87,18601.37
edge:inheritance:db.OptionExerciseClaimMeetingDocument->db.MeetingDocument	15090.39,21521.53 16128.09,25731.72
edge:inheritance:db.OptionExerciseManagementEmail->db.BulkEmail	15439.34,16592.42 15392.91,17181.96
edge:inheritance:db.OptionGrantContractCeo->db.OptionGrantContractStakeholder	19550.71,15418.83 19366.16,15393.14
edge:inheritance:db.OptionGrantContractFirstRefusalRightHolder->db.OptionGrantContractStakeholder	19514.34,15340.68 19366.16,15357.06
edge:inheritance:db.OptionGrantContractModusignDocument->db.ModusignDocument	21117.76,19594.4 22377.31,20553.46
edge:inheritance:db.OptionGrantContractModusignEmbeddedDraft->db.ModusignEmbeddedDraft	21306.52,20991.71 21918.73,21859.75
edge:inheritance:db.OptionGrantEvent->db.Event	16241.73,18501.5 16643.2,17001.34
edge:inheritance:db.OptionGrantee->db.Stakeholder	15372.93,19177.47 12852.68,19315.45
edge:inheritance:db.OtherDocumentArchiveAttachment->db.FileAttachment	20059.32,17121.04 20238.87,18269.97
edge:inheritance:db.PageNumberUpdatedPdfEvent->db.PdfEvent	30137.7,11513.58 29990.68,11445.89
edge:inheritance:db.PayrollStatementEmail->db.BulkEmail	13217.63,17207.3 15132.91,17316.42
edge:inheritance:db.PerformanceRsuVestingItem->db.RsuVestingItem	15880.64,14833.98 15585.58,14854.9
edge:inheritance:db.PeriodPhantomStockVestingItem->db.PhantomStockVestingItem	11802.28,18299.51 11639.24,18016.66
edge:inheritance:db.PeriodRsuVestingItem->db.RsuVestingItem	15849,14742.25 15585.58,14824.82
edge:inheritance:db.PeriodicOptionVesting->db.OptionVesting	15695.98,18526.22 15864.55,18447.59
edge:inheritance:db.PhantomStockGrantee->db.Stakeholder	12053.74,18206.18 12520.68,19167.54
edge:inheritance:db.PhantomStockPauseEvent->db.Event	16178.17,16280.19 16524.45,16783.34
edge:inheritance:db.PhantomStockResumeEvent->db.Event	16542.1,16335.52 16644.47,16783.34
edge:inheritance:db.PingpongDeliveryAddress->db.Address	22390.65,14307.22 22708.74,18818.25
edge:inheritance:db.QuarterlyReportRequestAttachment->db.FileAttachment	24931.19,17274.51 20428.87,18341.59
edge:inheritance:db.QuarterlyReportSignupChannel->db.SignupChannel	25373.2,14921.46 23556.26,14597.38
edge:inheritance:db.QuestionMessageAttachment->db.FileAttachment	19728.47,18859.71 20048.87,18625.72
edge:inheritance:db.RegistrationAssistanceReceipt->db.FileAttachment	20864.26,17005.58 20428.83,18269.97
edge:inheritance:db.RegistrationFormCaptableDocument->db.MeetingDocument	19303.65,24130.45 16359.35,25826.2
edge:inheritance:db.RegularProduct->db.Product	23037.96,12400.11 23117.29,12306.37
edge:inheritance:db.RsuExerciseEvent->db.Event	16029.39,16505.55 16524.37,16783.34
edge:inheritance:db.RsuExerciseManagementEmail->db.BulkEmail	14514.65,16420.43 15220.17,17181.96
edge:inheritance:db.RsuGrantContractModusignDocument->db.ModusignDocument	21047.99,19309.27 22404.61,20553.46
edge:inheritance:db.RsuGrantee->db.Stakeholder	14205.29,16884.21 12793.09,19167.54
edge:inheritance:db.RsuPauseEvent->db.Event	16176.25,17159.26 16524.37,16969.16
edge:inheritance:db.RsuResumeEvent->db.Event	16441.54,17154.26 16576.31,17001.34
edge:inheritance:db.RtccEmail->db.BulkEmail	15723.42,17001.84 15392.91,17181.96
edge:inheritance:db.RtccInvestorFile->db.FileAttachment	18346.71,18429.28 20048.87,18601.41
edge:inheritance:db.SafeCreateEvent->db.Event	17316.31,17464.71 16795,17001.34
edge:inheritance:db.SealStampImage->db.FileAttachment	18087.72,16171.21 20048.87,18270.01
edge:inheritance:db.Shareholder->db.Stakeholder	13100.12,22666.06 12710.49,19481.54
edge:inheritance:db.ShareholdersAgreementModusignDocument->db.ModusignDocument	21849.29,20600.8 22356.93,20627.35
edge:inheritance:db.ShareholdersAgreementModusignEmbeddedDraft->db.ModusignEmbeddedDraft	21603.37,21988.07 21832.11,21939.23
edge:inheritance:db.ShareholdersMeetingConvocationNoticeEmail->db.BulkEmail	18297.68,20656.92 15325.92,17319.96
edge:inheritance:db.ShareholdersMeetingConvocationNoticeEmailAttachment->db.FileAttachment	19789.39,20385.28 20187.49,18703.97
edge:inheritance:db.ShareholdersMeetingConvocationNoticeWrittenRecipient->db.ShareholdersMeetingConvocationNoticeRecipient	19315.46,21683.89 19213.54,21419
edge:inheritance:db.StockTransferAgreementModusignDocument->db.ModusignDocument	20233.53,20227.98 22356.93,20609.99
edge:inheritance:db.StockTransferAgreementModusignEmbeddedDraft->db.ModusignEmbeddedDraft	20342.97,20628.96 21889.51,21859.75
edge:inheritance:db.SubscriptionModusignDocumentUsageHistory->db.BaseModusignDocumentUsageHistory	23695.14,13450.79 23424.1,14135.45
edge:inheritance:db.UserProfileImage->db.FileAttachment	20768.96,18889.59 20428.87,18703.97
edge:inheritance:db.VentureCapitalPaymentLink->db.PaymentLink	28418.8,12631 23567.07,13222.27
edge:inheritance:db.Whitepaper->db.MembershipContent	5781.19,6437.36 4651.76,5092.71
edge:inheritance:db.YetsAssistanceCreatorUser->db.YetsAssistanceCreator	13957.16,30303.78 14166.52,30153.63
edge:inheritance:db.YetsAssistanceCreatorYetsEmployee->db.YetsAssistanceCreator	11105.26,30151.89 14100.11,30117.97
edge:inheritance:db.YetsAssistanceMessageFile->db.FileAttachment	22271.78,29964.15 20277.31,18703.97
edge:inheritance:db.YetsEmail->db.BulkEmail	11748.85,19988.52 15174.34,17319.96
edge:inheritance:db.YetsEmployeeFile->db.FileAttachment	22705.93,31501.57 20280.01,18703.97
edge:inheritance:db.YetsEmployeeResultWhtReceipt->db.FileAttachment	21655.73,27685.61 20272.3,18703.97
edge:inheritance:db.ZuzuOptionGrantContractTemplate->db.OptionGrantContractTemplate	19781.36,15969.57 19501.59,16123.84
edge:inheritance:db.ZuzuOptionGrantContractTemplateRevision->db.OptionGrantContractTemplateRevision	20168.25,16333.5 20089.17,16677.7
edge:declared:db.AgendaOptionCancelOptionDistribution:option	15943.61,21176.56 15831.61,21098.56
edge:declared:db.BulkEmail:sender_mail_integration	15262.91,17181.96 15262.91,16987.96
edge:declared:db.Company:sso_configuration	16774.62,12466.51 16632.62,12482.51
edge:declared:db.CompanyDocumentAIAnalysis:file	18872.21,16411.27 20096,18269.97
edge:declared:db.CompanySsoEmailDomain:configuration	15938.19,12490.24 16384.62,12484.19
edge:declared:db.CompanySsoIdentity:configuration	15926.77,12627.66 16384.62,12513.44
edge:declared:db.HrmAttendanceLocation:attendance_item	9390.47,17160.72 9368.06,17630.85
edge:declared:db.HrmAttendanceLocation:ongoing_attendance	9504.02,17160.72 9926.85,17340.6
edge:declared:db.HrmAttendanceLocation:personal_location	9436.04,17062.72 9897.26,16861.49
edge:declared:db.HrmAttendanceLocation:work_location	9351.09,17062.72 8161.1,15480.34
edge:declared:db.HrmSelectiveWorkPlanConfig:selective_work	6887.88,19518.18 6951.88,19236.18
edge:declared:db.HrmSelectiveWorkPlanItem:plan	7694.67,17512.96 7670.92,17555.83
edge:declared:db.HrmSelectiveWorkSchedule:selective_work	7209.88,19255.18 7075.88,19191.18
edge:declared:db.HrmSelectiveWorkSettlementConfig:selective_work	6502.15,19518.18 6885.88,19236.18
edge:declared:db.HrmSlackChannelConfig:integration	4986.69,16450.02 4983.08,16648.71
edge:declared:db.HrmSlackIntegration:hrm	5006.76,16648.71 5264.62,16256.84
edge:declared:db.IaPartnerWithdrawalEvent:partner	33681.98,18003.44 33681.98,18157.44
edge:declared:db.IncorporationRequestPromoterCustodian:address	22044.75,17817.49 22660.28,18818.25
edge:declared:db.OptionExerciseManagementCommonSetting:management	15112.38,15811.59 15129.36,16009.59
edge:declared:db.OptionExerciseManagementPaymentBankSetting:company	15612.96,13315.9 16774.62,12594.06
edge:declared:db.RsuRsaSealedContractFile:grant_contract	16494.76,14619.6 16558.89,15000.18
edge:declared:db.RtccConsentSummary:source_result	15127.24,10679.36 15252.66,9548.36
edge:declared:db.RtccSummaryAnalysisRequestDocument:request	15675.15,10189.6 15312.85,9194.65
edge:declared:db.RtccSummaryAnalysisResult:request	15261.9,9466.36 15292.96,9194.65
edge:declared:db.RtccSummaryAnalysisResultDocument:result	15558.51,10381.35 15271.34,9548.36
edge:inheritance:db.HrmAttendanceLocation->db.HrmApprovable	9268.8,17066.6 7694.63,17785.37
edge:inheritance:db.HrmPersonalLocation->db.HrmApprovable	9812.97,16771.49 7642.9,17785.37
edge:inheritance:db.HrmSelectiveWork->db.HrmWorkBase	6951.88,19146.18 6887.88,19016.18
edge:inheritance:db.HrmSelectiveWorkPlan->db.HrmApprovable	7634.82,17637.83 7586.63,17785.37
edge:inheritance:db.RsaForfeitEvent->db.Event	16350.37,16892.34 16524.37,16892.34
edge:inheritance:db.RsaVestConfirmEvent->db.Event	16911.37,16605.91 16763.32,16783.34
leaf-connection:["db.MeetingDraft","leaf-card:29"]	17852.1,19979.96 17438.04,20405.34
leaf-connection:["db.RegistrationAgenda","leaf-card:43"]	14818.17,21907.68 14723.45,21921.8
leaf-connection:["db.DirectorsMeetingAgenda","leaf-card:32"]	16366.19,21103.8 14995.23,22392.95
leaf-connection:["db.ShareholdersMeetingAgenda","leaf-card:31"]	17989.62,21522.88 18994.58,22898.63
leaf-connection:["db.Company","leaf-card:9"]	22483.33,9860.01 17154.62,12376.77
leaf-connection:["db.CompanyPromotionPrizeType","leaf-card:0"]	15537,7879.45 16506.76,8105.14
leaf-connection:["db.AgendaNewIssue","leaf-card:21"]	18038.93,23768.73 17111.5,22347.52
leaf-connection:["db.BranchInstallationEvent","leaf-card:13"]	18881.92,18170.67 18849.89,18222.72
leaf-connection:["db.BulkEmailRecipientAttachment","leaf-card:14"]	19054.11,18955.54 18396.61,19300
leaf-connection:["db.VentureBusinessCertificationExpirationNotificationLog","leaf-card:42"]	18487.99,15619.4 18536.61,15563.32
leaf-connection:["db.Event","leaf-card:46"]	16191.02,16136.57 16605.14,16783.34
leaf-connection:["db.VentureCapital","leaf-card:39"]	27372.98,8537.52 32357.46,12317.91
leaf-connection:["db.ArticlesOfIncorporation","leaf-card:36"]	17676.93,15250.08 17725.11,15305.01
leaf-connection:["db.AgendaNewIssueItem","leaf-card:22"]	18749.6,25375.57 18873.84,25359.03
leaf-connection:["db.DirectorsMeetingDirectorAttendance","leaf-card:48"]	16116.3,20579.06 16030.73,20485.18
leaf-connection:["db.Employee","leaf-card:15"]	13693.87,14023.1 11784.96,14975.06
leaf-connection:["db.SealCardReturnStatusHistory","leaf-card:16"]	5515.83,9898.63 5500.96,9850.15
leaf-connection:["db.HrmEmpStatusEventBase","leaf-card:20"]	9697.62,16227.63 9420.32,15953.4
leaf-connection:["db.Hrm","leaf-card:5"]	5212.69,15753.55 5242.68,15974.84
leaf-connection:["db.HrmEmpJob","leaf-card:19"]	7261.29,16681.43 7086.3,16634.94
leaf-connection:["db.HrmLeaveBase","leaf-card:6"]	7507.41,20952.84 7754.84,20960.6
leaf-connection:["db.IaConsentForm","leaf-card:25"]	31558.75,18576.66 31457.88,18578.4
leaf-connection:["db.IaSealStampImage","leaf-card:24"]	21467.74,18260.82 21633.24,18267.36
leaf-connection:["db.IaUserInvitation","leaf-card:23"]	29821.8,16857.58 30072.81,17334.16
leaf-connection:["db.IaPartnerDataCollection","leaf-card:10"]	23831.49,17879.66 24623.96,17756.54
leaf-connection:["db.InvestmentAssociationIndividualPartnerLegalRepresentative","leaf-card:26"]	31856.52,17056.69 31755.5,17068.48
leaf-connection:["db.ImContactRequestIntention","leaf-card:28"]	27183.83,11377.17 27268.11,11490.89
leaf-connection:["db.InvestorMatching","leaf-card:27"]	26414.37,11620 25833.2,11043.81
leaf-connection:["db.AgendaDirectorChange","leaf-card:45"]	14031.14,22420.33 15004.62,22120.46
leaf-connection:["db.IncorporationRequest","leaf-card:33"]	21353.64,16012.02 21264.27,15998.04
leaf-connection:["db.IncorporationRequestPromoterCustodian","leaf-card:11"]	22016.72,17743.49 22085.56,17499.56
leaf-connection:["db.IndividualInvestorCompanyCeo","leaf-card:12"]	25109.08,22006.65 24986.18,22152.54
leaf-connection:["db.IndividualInvestorCompany","leaf-card:34"]	28109.99,25361.04 28395.97,25185.96
leaf-connection:["db.IrAlertInvestorRelations","leaf-card:47"]	29828.51,9265.77 30483.87,9905.18
leaf-connection:["db.InvestorRelations","leaf-card:4"]	28401.38,7538.27 27472.95,7577.65
leaf-connection:["db.Stakeholder","leaf-card:35"]	11674.77,22873.64 12641.92,19481.54
leaf-connection:["db.LegalPartner","leaf-card:3"]	21800.8,15326.88 21694.64,15154.31
leaf-connection:["db.MeetingDocument","leaf-card:7"]	18266.45,26328.05 16359.35,25962.81
leaf-connection:["db.MembershipContent","leaf-card:2"]	4500.59,4801.81 4593.21,5002.71
leaf-connection:["db.Event","leaf-card:8"]	16807.16,13516.18 16676.72,16783.34
leaf-connection:["db.PhantomStockVestingItem","leaf-card:41"]	11660.58,17859.49 11637.53,17934.66
leaf-connection:["db.QuestionThreadMessage","leaf-card:1"]	23213.68,11536.85 22781.96,11525.64
leaf-connection:["db.AgendaHeadOfficeRelocation","leaf-card:17"]	20085,23241.23 18755.13,21735.46
leaf-connection:["db.RsuVestingItem","leaf-card:40"]	15337.58,14865.99 15254.82,14867.53
leaf-connection:["db.SecondaryDeal","leaf-card:18"]	33190.07,6050.45 33112.43,5998.1
leaf-connection:["db.ShareholdersMeetingAgenda","leaf-card:30"]	17760.07,22018 17861.48,21522.88
leaf-connection:["db.ShareholdersMeetingShareholderAttendance","leaf-card:44"]	17381.03,23384.6 17513.96,23241.23
leaf-connection:["db.Subscription","leaf-card:37"]	20744.39,11276.29 19927.81,11607.85
leaf-connection:["db.VideoCollection","leaf-card:38"]	18819.29,9982.77 18855.66,9570.09
