db.Address	52654.692	14716.135
db.AgendaAuthorizedSharesChange	32095.598	27283.520
db.AgendaBonusIssue	37641.734	24113.570
db.AgendaBonusIssueNewIssueBalanceCertificateFile	37752.183	23156.279
db.AgendaBonusIssueNewIssueMinutesFile	37873.910	24213.570
db.AgendaBonusIssueSharesToIssue	34002.445	23160.719
db.AgendaBorrowCapital	31076.959	24904.076
db.AgendaBranchChange	43555.526	28619.654
db.AgendaCashDividends	31187.988	26114.797
db.AgendaCeoAddressChange	31007.124	25995.013
db.AgendaCeoAddressChangeItem	30131.113	25652.832
db.AgendaChangeOfAoiClassStock	35909.168	23148.100
db.AgendaChangeOfAoiCustom	37312.891	21308.492
db.AgendaChangeOfAoiDirectorCompensationRule	36905.496	23704.492
db.AgendaChangeOfAoiNumberOfDirectors	37103.625	23027.383
db.AgendaChangeOfAoiThirdPartyAllocation	37592.164	23694.652
db.AgendaChangeOfArticlesOfIncorporation	36523.145	23778.930
db.AgendaCoCeoSystemChange	34282.758	26002.295
db.AgendaCompanyNameChange	33488.047	26017.977
db.AgendaCustom	34200.973	25493.156
db.AgendaDirectorChange	31774.058	26973.463
db.AgendaDirectorCompensation	34480.586	26749.199
db.AgendaDirectorCompensationItem	31565.996	27197.953
db.AgendaDirectorCompensationRule	33360.117	26260.949
db.AgendaFinancialStatements	34788.352	25101.660
db.AgendaHeadOfficeRelocation	34844.544	26800.643
db.AgendaHeadOfficeRelocationAoiChange	33907.760	26195.092
db.AgendaMethodOfGivingPublicNoticeChange	32008.573	25658.116
db.AgendaNewIssue	43777.059	28803.941
db.AgendaNewIssueItem	36104.352	29731.248
db.AgendaNewIssueItemFromConversion	37663.169	29162.154
db.AgendaNewIssueItemFromPayment	35468.466	29061.355
db.AgendaNewIssueItemInstitutionMember	39173.418	32723.490
db.AgendaNewIssueItemInstitutionMemberCeo	36348.359	33385.176
db.AgendaNewIssueItemShareClass	36416.352	29718.150
db.AgendaNewIssueItemShareholder	39822.750	31402.945
db.AgendaNewIssueNewShareClass	39698.348	28706.039
db.AgendaNewOptionsRule	32624.881	25937.447
db.AgendaNewOrChangeRsuRule	33581.188	26354.730
db.AgendaOptionCancel	31994.984	25118.055
db.AgendaOptionCancelGrantee	31111.551	24585.105
db.AgendaOptionCancelOption	32514.707	25241.711
db.AgendaOptionExercise	30825.025	27833.203
db.AgendaOptionExerciseClaim	28438.921	27904.319
db.AgendaOptionExerciseGrantee	30794.260	27989.695
db.AgendaOptionExerciseGranteeOption	29794.260	27989.695
db.AgendaOptionGrant	31858.262	26269.963
db.AgendaOptionGrantGrantee	29862.530	23747.929
db.AgendaPurposeChange	33095.508	26075.877
db.AgendaPurposeChangeItem	32671.004	25837.447
db.AgendaRsuGrant	32931.622	26572.914
db.AgendaRsuGrantGrantee	26676.534	25871.385
db.AgendaShareholdersMeetingConvocation	35471.621	25647.852
db.AgendaSubsidiaryEstablishment	34223.842	25863.948
db.AgendaTemplate	11636.764	11554.021
db.AiAnalysisFeedback	29630.555	4431.360
db.AiPayrollLedger	31195.422	9281.106
db.AlimtalkActivity	21297.443	29009.230
db.AlimtalkActivityRecipient	19191.221	29835.305
db.AlimtalkActivityRecipientStatusHistory	20496.500	29474.262
db.AllocatedSeat	27773.219	20945.324
db.Announcement	13909.823	12260.909
db.AnnualSalary	31873.324	7363.552
db.AppCard	28689.732	16944.977
db.AppointedDirectorCertificateOfSealDocument	28537.945	28270.320
db.AppointedDirectorResidentRegistrationDocument	30262.598	29597.365
db.Article	40114.444	13709.309
db.ArticlePublishHistory	41191.711	13805.213
db.ArticlesOfIncorporation	27506.763	17878.005
db.ArticlesOfIncorporationAfterChangeDocument	28673.016	28370.320
db.ArticlesOfIncorporationAnalyzationRequest	13047.492	11298.416
db.ArticlesOfIncorporationAnalyzationResult	12154.838	14110.950
db.ArticlesOfIncorporationBeforeChangeDocument	32854.957	29429.371
db.ArticlesOfIncorporationDocument	29729.385	28852.219
db.ArticlesOfIncorporationInputterMemo	26768.533	18024.465
db.AuditLog	35476.078	6105.161
db.AuditReportDocument	30798.352	29198.643
db.AvailableModusignRequest	22786.787	11832.110
db.BalanceCertificateDocument	34286.915	28329.881
db.BaseModusignDocumentUsageHistory	29593.247	16413.848
db.Basket	28214.883	16600.541
db.BeforeunloadPdfEvent	76352.328	1863.275
db.BigNumberValueWithVisibility	13693.025	26431.824
db.BonusIssueEvent	78778.453	2333.905
db.BranchAbolitionEvent	49042.733	25722.177
db.BranchChangeEvent	52568.042	21678.080
db.BranchInstallationEvent	53770.492	24835.070
db.BulkEmail	42150.059	33987.184
db.BulkEmailCommonAttachment	33585.410	34215.543
db.BulkEmailRecipient	35855.449	32891.891
db.BulkEmailRecipientAttachment	31108.668	33613.398
db.BulkEmailTemplate	43265.465	36203.961
db.BulkEmailTemplateRevision	41336.680	35555.641
db.BusinessPlan	27139.857	6533.930
db.BusinessPlanAiAnalysis	29891.004	4549.601
db.BusinessPlanAiAnalysisItem	29848.693	4331.360
db.BusinessPlanAiAnalysisItemImprovement	28510.641	5443.466
db.BusinessPlanAiReview	28602.059	5023.724
db.BusinessRegistrationCertificate	12846.574	12399.988
db.CalendarEvent	77783.016	3362.296
db.CapitalChangeEvent	77856.703	809.338
db.CapitalReductionEvent	76851.250	3295.183
db.CaptableAfterNewIssueDocument	28373.984	29183.156
db.CaptableAtRecordDateDocument	27149.602	27344.121
db.CaptableBeforeNewIssueDocument	26096.121	29528.621
db.CaptableRequest	26625.942	12990.159
db.CashIncentive	31154.799	7501.811
db.CashIncentiveCategory	27833.900	7890.515
db.CashIncentiveItem	29578.661	6859.361
db.CashPayment	28123.369	17440.049
db.CeoAddressChangeEvent	35873.316	12615.099
db.CeoConfirmationDocument	29695.350	29192.992
db.CeoTypeChangedCeoResidentRegistrationDocument	29989.188	29800.492
db.CertificateOfCorporateSealDocument	28111.102	29487.598
db.CertificateOfSealNotarizationPoaDocument	31498.619	29140.701
db.Charge	26950.350	17035.229
db.CmeBulkEmail	31614.632	9194.053
db.CmeBulkEmailRecipient	31093.578	8663.774
db.CmeBulkEmailTemplate	30724.432	9048.611
db.CmeCompany	28020.762	7990.515
db.CmeCompanyContact	28500.404	8443.696
db.CmeCompanyContactNotificationSettings	27541.121	8137.333
db.CmeCompanyDirectorTermManagement	30280.576	9448.328
db.CmeCompanyNote	32252.117	8374.387
db.CmeCompanyRegistration	33033.074	9919.736
db.CmeCompanyRegistrationFile	32337.457	9867.738
db.CmeContact	30613.664	10085.747
db.CmeMemberRelation	30696.258	9669.338
db.CoCeoSystemChangeEvent	78035.844	1419.980
db.CommonAddress	77106.516	5002.075
db.Company	14519.886	8569.432
db.CompanyAddressChangeEvent	50628.407	17085.218
db.CompanyAppointedTransferAgentChange	13134.012	10725.543
db.CompanyAuthorizedSharesChange	11070.430	11715.140
db.CompanyBenefit	12518.500	10641.447
db.CompanyBulkEmailTemplate	13249.168	9541.883
db.CompanyCreateAssignmentReadiness	14462.584	11684.675
db.CompanyCreateProgress	32799.738	16990.938
db.CompanyCreateRequest	31411.477	17492.438
db.CompanyDepartment	30022.621	6639.635
db.CompanyDepartmentCode	30152.377	7047.021
db.CompanyDocumentDelivery	11441.955	10920.641
db.CompanyEndorsement	12731.492	11306.106
db.CompanyEndorsementFeed	13540.502	10778.541
db.CompanyExpertClientRelation	21470.729	9540.307
db.CompanyFeed	13239.135	20179.668
db.CompanyFeedAccessLog	13547.006	21422.586
db.CompanyFeedRating	15284.266	22071.660
db.CompanyGuideState	14648.049	10139.336
db.CompanyInvestmentContractInfo	12294.422	11130.779
db.CompanyInvestorInterest	14234.352	16205.618
db.CompanyInvitation	12502.316	10841.447
db.CompanyIrClosingFeed	15605.053	27708.221
db.CompanyIrNewCommitFeed	16140.830	28096.621
db.CompanyIrOpenFeed	15680.891	28156.453
db.CompanyIrSetting	11118.906	10982.542
db.CompanyLegalPartnerRelation	29453.822	14891.133
db.CompanyManagementAssignment	14580.426	10260.115
db.CompanyManagingEntity	31535.686	9724.333
db.CompanyMethodOfGivingPublicNoticeChange	23027.991	15830.505
db.CompanyMnaSetting	11502.189	11654.021
db.CompanyNameChange	11424.859	11269.936
db.CompanyNews	13700.391	6374.646
db.CompanyNewsFeed	11717.768	8032.295
db.CompanyNewsLink	14323.121	7482.979
db.CompanyNotificationSetting	19972.617	3820.083
db.CompanyNotificationTrigger	19211.676	4618.298
db.CompanyOptionRule	12338.004	11635.012
db.CompanyOverview	11547.389	10354.580
db.CompanyOwnerAddRequest	15305.309	10776.970
db.CompanyOwnerAuditLog	14505.662	18902.133
db.CompanyOwnerAuditLogOwnerRoleRelation	14722.588	19170.783
db.CompanyOwnerNotificationTrigger	17452.527	4361.285
db.CompanyParValueChange	24992.918	16346.482
db.CompanyPaymentLink	13176.348	10451.572
db.CompanyPolicyFile	12315.008	9776.283
db.CompanyProfileAccessLog	13793.175	16186.295
db.CompanyPromotionInfo	14241.369	5749.039
db.CompanyPromotionPrizeType	14591.981	7011.615
db.CompanyPromotionWinLog	14726.307	3947.643
db.CompanyPurposeChange	23093.018	17048.713
db.CompanyPurposeChangeItem	22332.258	16613.580
db.CompanyQuestionThread	30794.609	12688.027
db.CompanyRegistrationAssignment	9930.561	12723.686
db.CompanyRegistrationAssignmentLog	13170.711	10103.835
db.CompanyRegistrationStaffStatus	77314.461	475.596
db.CompanyRsuRule	23555.494	15105.812
db.CompanyStockTransferRestrictedChange	10113.143	11696.738
db.CompanyStockValue	11862.854	11612.008
db.CompanyTag	9521.750	10904.513
db.CompanyTanTableView	13546.668	10361.900
db.CompanyTodo	11333.365	10776.656
db.CompanyUpdateRequest	27624.238	13283.607
db.CompanyUserRelation	23333.160	20760.908
db.CompanyUserRelationOwnerRoleRelation	20365.840	20628.396
db.ConsentForm	48613.752	40874.086
db.ConsentFormItem	48586.709	41048.258
db.ConsentFormModusignDocument	49398.983	42189.377
db.ConsentFormModusignEmbeddedDraft	48589.805	41602.404
db.ConsentFormOptionItem	75806.297	1898.564
db.CorporateRegistration	29759.741	16712.441
db.CorporateRegistrationChangeConfirmation	31604.051	13098.561
db.CorporateRegistrationChangeDetection	26155.237	12212.261
db.CorporateRegistrationChangeDetectionParseResult	29448.454	12908.322
db.CorporateRegistrationDocument	30060.082	28753.742
db.CorporateRegistrationExtractionLog	30910.609	13114.960
db.CorporateRegistrationIssueCoupon	24028.991	14351.775
db.CorporateRegistrationIssueCouponIssueLog	23233.360	14491.094
db.CorporateRegistrationIssueCouponUseRequest	24783.202	13795.197
db.CorporateRegistrationIssueCouponUseResult	27785.433	14266.642
db.CorporateRegistrationIssueLog	30855.941	13936.738
db.CorporateRegistrationIssueMaintenance	51412.820	34081.984
db.CorporateRegistrationIssueRequest	24994.627	13378.580
db.CorporateRegistrationPaidIssue	28826.266	16503.396
db.CorporationPostRegistrationEmail	21408.684	3653.234
db.CorporationPostRegistrationScheduledEmail	22116.578	3402.365
db.CorporationPostRegistrationScheduledEmailPeriodicTaskRelation	22408.686	2676.012
db.Credit	25102.432	15843.282
db.CreditCard	25840.121	16471.113
db.CreditUse	26574.511	17898.984
db.CsAgentResponse	20903.350	17370.811
db.CsAgentResponseFeedBack	21943.953	17312.773
db.CustomOptionGrantContractTemplate	77817.578	-4553.484
db.CustomOptionGrantContractTemplateRevision	76642.344	802.545
db.DailyNewspaper	27788.503	18929.603
db.DataPortalAddressInformationCache	75569.641	1266.133
db.DebtConfirmationAndOffsetContractDocument	33255.086	29097.535
db.DemoCompanyCreationLog	77811.141	-316.023
db.Department	3728.434	37817.504
db.DepartmentStaffUserRelation	4351.188	38785.086
db.Director	35913.961	13011.123
db.DirectorAppointmentEvent	36232.219	11346.090
db.DirectorCompensationDecisionEvent	34580.621	12977.029
db.DirectorCompensationLimitEvent	34283.402	13178.227
db.DirectorDecisionDocument	31646.020	28458.266
db.DirectorResidentRegistrationWithAddressChangeHistoryDocument	28839.846	28465.879
db.DirectorTermEndEvent	35762.758	12516.740
db.DirectorVote	34211.250	25232.035
db.DirectorVotingRightsPerAgenda	33906.864	25510.877
db.DirectorsMeeting	33421.782	23422.179
db.DirectorsMeetingAgenda	34706.008	25201.660
db.DirectorsMeetingDirectorAttendance	32896.184	24172.655
db.DirectorsMeetingMinutesDocument	28095.264	28539.715
db.DirectorsMeetingNoticeDocument	33492.051	29672.293
db.DirectorsMeetingNoticeEmail	32507.676	23889.835
db.DirectorsMeetingNoticeEmailRecipient	33900.510	24364.017
db.DirectorsMeetingSkipNoticeDocument	30743.203	29713.076
db.DivaFund	77157.227	2346.899
db.DocumentDelivery	24911.353	15587.408
db.DocumentDeliveryQuestionThreadRelation	25651.482	16625.965
db.DocumentLoadedPdfEvent	74424.867	5149.788
db.DocumentParseResult	25823.926	8570.288
db.DormantConversionNotifiedActivity	76824.703	-2675.301
db.DormantUser	53907.227	35711.242
db.DormantUserEmail	53663.062	35750.957
db.DormantUserPhone	55153.207	35169.777
db.DormantUserReactivationToken	54187.281	34936.688
db.ESOP	23340.567	26999.304
db.ESOPParticipant	24138.264	27224.396
db.EditableCompanyOwnerAuditLog	14083.869	11322.217
db.ElectronicCertificate	36434.264	6291.210
db.ElectronicCertificateApplicationFormDocument	27758.668	28854.848
db.ElectronicCertificateCaseReportDocument	30316.752	29437.297
db.ElectronicCertificateFileDownloadHistory	34846.955	4110.401
db.ElectronicCertificateFileUploadRequest	35707.822	6236.700
db.ElectronicCertificateFileUploaded	34929.638	4708.152
db.ElectronicCertificateReturnRequest	39738.478	10314.791
db.Email	74385.578	34577.918
db.EmailActivity	30773.398	32158.922
db.EmailActivityRecipient	30501.238	32960.799
db.EmailActivityRecipientStatusHistory	26605.203	31018.084
db.EmailVerification	73912.078	34663.336
db.Employee	33199.559	7670.657
db.EmployeeDepartmentCodeRelation	27334.523	7770.088
db.EmployeeGroup	23709.722	8120.044
db.EmployeeNumber	23506.535	7898.244
db.EmployeeOption	22500.141	2301.149
db.EmployeeOptionExerciseCandidate	22409.832	3795.487
db.EmployeeOptionExerciseCandidateFile	22599.844	4149.620
db.EmployeeOptionExerciseClaim	19743.531	5016.461
db.EmployeeOptionExerciseClaimOption	21886.732	3224.469
db.EmployeeOptionExerciseEvent	74902.500	2169.711
db.EmployeeOptionExerciseManagement	24795.812	4314.718
db.EmployeeOptionExerciseManagementEmail	23352.012	3085.160
db.EmployeeOptionGrantee	20908.119	3207.329
db.EmployeeOptionVesting	20606.863	2541.586
db.EmployeeOptionVestingItem	17406.049	4571.195
db.EmployeeOptionVestingTraceable	22013.156	3506.020
db.EmployeeStock	23394.133	28782.617
db.EmployeeStockDepositEvent	75338.000	2826.950
db.EmployeeStockGuide	24495.332	27071.125
db.EmployeeStockGuideAudience	24140.199	27324.396
db.EmployeeStockGuideEmail	24551.260	26517.617
db.EmployeeStockTag	23599.093	27907.067
db.EmployeeStockTagCategory	20303.598	25587.005
db.EmployeeStockWithdrawEvent	74568.641	3112.631
db.EmployeeStockWithdrawRequest	24743.217	26617.617
db.EmploymentCertificateDocumentRequest	28490.641	5978.454
db.EmploymentStatusHistory	31420.398	3333.898
db.Event	25125.504	5663.395
db.EventAttachment	24688.965	5357.535
db.ExpertClient	28121.572	10511.181
db.ExpertClientIncorporationSupport	30669.745	11112.168
db.ExpertClientSignupChannel	27164.908	11354.800
db.ExpertClientTaxServiceSettings	30375.829	13475.016
db.ExpressDelivery1	31469.496	38615.195
db.ExternalStockInfo	13030.049	10587.162
db.FABContent	38795.586	17931.486
db.Faq	79368.078	-729.986
db.FaqLink	77760.070	2535.037
db.FeeReceiptDocument	30190.689	28042.043
db.Feed	77022.328	4218.011
db.FileAttachment	39156.262	16986.622
db.FileValueWithVisibility	10590.438	24005.703
db.FinanceAndInsurance	77131.328	2601.200
db.FinancialAccount	24280.467	25060.492
db.FinancialInstitution	21284.262	23911.668
db.FinancialStatementsDocument	30149.461	29052.219
db.FinancialStatementsForNewIssueFromConversionDocument	36499.967	29285.327
db.Fund	15995.461	23605.863
db.FundPartner	16081.203	25812.236
db.FundingNewsDistributionServiceRequest	29429.711	14020.819
db.HelpTemplate	32410.855	12618.797
db.HoldingCompany	30447.184	9348.328
db.Holiday	78184.797	592.002
db.Hrm	35688.008	978.098
db.HrmAnnualLeave	17562.900	35714.406
db.HrmAnnualLeaveAdjustment	47817.855	10356.690
db.HrmAnnualLeaveConfigBase	12420.160	34171.801
db.HrmAnnualLeaveFiscalBasedConfig	75880.781	956.602
db.HrmAnnualLeaveHireBasedConfig	74274.594	1283.350
db.HrmApprovable	52077.914	8446.586
db.HrmApproval	52542.891	7750.815
db.HrmApprovalLine	52297.625	8448.206
db.HrmApprovalReview	55533.508	8254.691
db.HrmApprovalTemplate	47442.191	3490.537
db.HrmApprovalTemplateLine	51227.234	4298.878
db.HrmApprovalTemplateReview	48988.742	5506.289
db.HrmApprover	49945.160	5123.397
db.HrmAttendance	49042.969	7132.020
db.HrmAttendanceItem	44035.297	7129.555
db.HrmCertificateConfig	40855.102	2690.576
db.HrmCertificateConfigIndividualApprovalTemplateRelation	39914.266	3244.996
db.HrmCertificateIssue	43913.652	7992.273
db.HrmCompensatoryLeave	78628.094	1056.936
db.HrmConciergeRequest	9992.973	12060.420
db.HrmCustomLeave	76610.477	2580.849
db.HrmDailyLeaveUsageItem	75952.469	1798.564
db.HrmDept	45476.927	3923.858
db.HrmDeptAbolishedEvent	74347.562	2780.054
db.HrmDeptCreatedEvent	79082.492	2144.193
db.HrmDeptEventBase	75601.102	3313.746
db.HrmDeptName	48983.809	2444.326
db.HrmDeptNameChangedEvent	75318.062	2434.919
db.HrmDeptNameEventBase	49110.715	1250.939
db.HrmDeptParent	44642.633	3454.970
db.HrmDeptParentChangedEvent	77700.117	1002.967
db.HrmDeptParentEventBase	45036.164	4906.644
db.HrmDeptReorg	36211.531	1162.672
db.HrmDeptStatus	44387.039	3885.950
db.HrmDeptStatusEventBase	44094.844	4550.222
db.HrmDocument	42102.605	5463.669
db.HrmDocumentDraft	42316.292	5154.970
db.HrmDocumentDraftFieldAttachment	40155.141	3914.776
db.HrmDocumentDraftFieldMultiSelectValue	40584.016	3916.176
db.HrmDocumentDraftFieldValue	40299.875	4014.776
db.HrmDocumentFieldAttachment	39747.918	4637.559
db.HrmDocumentFieldMultiSelectValue	37743.570	3873.475
db.HrmDocumentFieldValue	40124.547	5204.979
db.HrmDocumentForm	38562.533	4174.736
db.HrmDocumentFormFieldDefinition	39263.715	3930.559
db.HrmDocumentFormFieldSelectOption	38633.590	3493.429
db.HrmDocumentFormIndividualApprovalTemplateRelation	43679.845	4520.442
db.HrmEmp	50724.945	9113.875
db.HrmEmpAbsenceEvent	73694.461	35094.816
db.HrmEmpAffiliation	47816.852	5019.713
db.HrmEmpAffiliationChangedEvent	74239.898	2558.694
db.HrmEmpAffiliationDept	45753.230	4331.711
db.HrmEmpAffiliationEventBase	46700.961	4372.240
db.HrmEmpContract	43374.363	6065.590
db.HrmEmpContractCommonVar	35118.883	2479.989
db.HrmEmpContractMgmt	40604.397	3622.220
db.HrmEmpContractModusignDocument	44305.855	6989.414
db.HrmEmpContractTemplate	39290.477	3176.037
db.HrmEmpContractTemplateRevision	42300.820	3822.971
db.HrmEmpContractTemplateRevisionSigner	43079.402	4244.368
db.HrmEmpDepartedEvent	76264.781	3874.748
db.HrmEmpEmploymentType	40340.531	14609.529
db.HrmEmpEmploymentTypeChangedEvent	77064.641	1492.896
db.HrmEmpEmploymentTypeEventBase	42846.566	15123.335
db.HrmEmpEventBase	76225.328	2357.225
db.HrmEmpJob	50397.280	-7381.252
db.HrmEmpJobChangedEvent	74628.336	887.342
db.HrmEmpJobEventBase	50606.296	-5524.339
db.HrmEmpJobLevel	40187.590	330.871
db.HrmEmpJobPosition	39719.883	517.426
db.HrmEmpJobRole	41136.062	384.148
db.HrmEmpJobTitle	39114.051	-183.891
db.HrmEmpJoinedEvent	77915.875	2031.994
db.HrmEmpMov	39997.242	2098.676
db.HrmEmpReturnToWorkEvent	74471.516	34477.918
db.HrmEmpStatus	43447.836	7282.337
db.HrmEmpStatusEventBase	39165.887	6323.087
db.HrmEmpUserInvitation	37782.200	5278.606
db.HrmEmpUserInvitationInvitee	42733.648	5743.844
db.HrmEmpWorkAssignment	49212.977	8788.021
db.HrmFamilyCareLeave	75790.734	2073.051
db.HrmFixedWork	13677.396	38784.406
db.HrmFixedWorkSchedule	14764.459	38100.523
db.HrmGrantableLeave	46158.273	10932.457
db.HrmHourlyLeaveUsageItem	78695.891	1477.693
db.HrmInfertilityTreatmentLeave	77510.734	1123.834
db.HrmLeaveBase	44692.055	4162.562
db.HrmLeaveCommonConfig	45794.566	4495.015
db.HrmLeaveGrant	48819.914	12819.447
db.HrmLeaveIndividualApprovalTemplateRelation	43894.344	4140.346
db.HrmLeaveUsage	47913.078	6683.886
db.HrmLeaveUsageAttachment	44234.039	6010.788
db.HrmLeaveUsageItemBase	49778.383	5419.980
db.HrmMaternityLeave	78812.875	-927.100
db.HrmMenstrualLeave	77610.781	622.340
db.HrmMiscarriageLeave	77639.062	1989.086
db.HrmOngoingAttendance	50562.874	9539.074
db.HrmOngoingAttendanceClockedSchedule	51832.600	11234.261
db.HrmPaternityLeave	76653.828	1667.253
db.HrmRequestor	47588.609	7248.556
db.HrmReserveTrainingLeave	76594.953	2044.805
db.HrmSigner	34488.922	1536.389
db.HrmStaffNote	35813.141	1311.621
db.HrmStaggeredWork	58254.621	33969.008
db.HrmStaggeredWorkSchedule	57549.688	35621.352
db.HrmTag	36349.344	1030.131
db.HrmWorkAutoClockOutConfig	37584.679	6065.673
db.HrmWorkBase	37425.273	6613.505
db.HrmWorkIndividualApprovalTemplateRelation	37162.527	7174.288
db.HrmWorkOvertime	35595.426	5319.860
db.IBKSignupChannel	75042.859	34201.117
db.IBKUser	76074.805	34339.031
db.IBKUserLoginToken	76196.078	34161.055
db.IaAccountInfo	42028.407	23647.109
db.IaCertificateOfInvestmentDocument	45328.795	22949.738
db.IaCertificateOfInvestmentDocumentEmail	67000.172	33626.102
db.IaCertificateOfInvestmentDocumentRecipient	68396.016	33314.793
db.IaConfirmationRequest	39517.816	19898.570
db.IaConsentForm	45549.508	19266.443
db.IaConsentFormDocument	45572.750	21017.309
db.IaConsentFormOrMeeting	45587.047	18476.578
db.IaConsentFormOrMeetingDocumentGeneration	43399.648	19226.104
db.IaConsentFormOrMeetingDocumentGenerationItem	42930.324	19102.160
db.IaConsentFormOrMeetingElectronicSignatureRequest	44204.996	20522.746
db.IaConsentFormOrMeetingElectronicSignatureRequestModusignDocument	43795.848	20933.842
db.IaConsentFormOrMeetingElectronicSignatureRequestModusignEmbeddedDraft	44140.723	20176.516
db.IaConsentFormOrMeetingElectronicSignatureRequestStatusHistory	45264.031	20816.764
db.IaConsentFormOrMeetingElectronicSignatureRequestUploadedModusignDocument	44459.621	21615.061
db.IaConsentFormOrMeetingElectronicSignatureRequiredDocument	43271.814	20689.892
db.IaConsentFormOrMeetingEsigRequiredDocumentPageRange	42388.055	20343.639
db.IaConsentFormOrMeetingGuideEmail	48196.531	18129.764
db.IaConsentFormOrMeetingGuideEmailRecipient	48733.887	18328.412
db.IaDocumentArchive	40962.609	21727.701
db.IaDocumentArchiveAttachment	41041.820	22150.453
db.IaExpertPartnerBulkEmailTemplate	30633.898	16544.299
db.IaExplanationFormForElectronicSignatureDocument	76356.031	-1078.777
db.IaFoundingMeetingEvent	75019.641	4026.801
db.IaFoundingProgressStatus	42559.540	23197.177
db.IaGpAppointmentEvent	44898.422	24810.205
db.IaGpTerminationEvent	44687.750	23747.658
db.IaInvestmentCertificateRegistrationRequest	46819.123	22285.492
db.IaLegalPartnerRelation	41037.814	16001.228
db.IaMeeting	47356.086	19565.676
db.IaMeetingAgenda	46781.510	19773.338
db.IaMeetingAgendaCustom	75307.469	2315.906
db.IaMeetingAgendaVote	45906.934	19981.000
db.IaMeetingConvocationNoticeEmail	47321.012	20264.584
db.IaMeetingConvocationNoticeRecipient	47391.160	18866.768
db.IaMeetingMinutesDocument	47797.391	19725.055
db.IaMeetingNoticeDocument	47472.547	19330.082
db.IaMeetingSealedNoticeDocumentFile	47366.711	19962.996
db.IaMeetingShortenPeriodDocument	46235.344	21229.109
db.IaModusignDocumentUsageHistory	40955.942	23949.509
db.IaOperation	43675.879	23388.777
db.IaOperationManagement	43798.203	22656.648
db.IaOwner	43462.509	23537.143
db.IaOwnerAuditLog	41880.727	23259.505
db.IaPartnerDataCollection	43882.246	18957.529
db.IaPartnerDataCollectionItem	48785.568	17302.690
db.IaPartnerDataCollectionItemReply	49186.697	16935.223
db.IaPartnerInvestmentConfirmation	45510.334	22665.242
db.IaPartnerInvestmentConfirmationEmail	72398.070	33730.566
db.IaPartnerInvestmentConfirmationEmailRecipient	72759.109	33936.836
db.IaPartnerListDocument	77714.227	1419.980
db.IaPaymentLink	42288.595	23309.708
db.IaPfCompany	42983.758	23748.047
db.IaPfCompanyInvestment	44445.547	24392.123
db.IaPfCompanyInvestmentSalesIntent	43151.852	25684.350
db.IaPfCompanyInvestmentStock	44816.234	24253.053
db.IaQuestionThread	42683.169	24060.179
db.IaRule	41979.103	18281.713
db.IaRuleCompensation	41196.306	17915.375
db.IaRuleDocument	41971.865	17740.455
db.IaRuleInvestment	42168.861	17640.455
db.IaRuleMeeting	41784.427	17910.744
db.IaRulePartner	42294.556	18761.853
db.IaSealStamp	41545.875	19295.113
db.IaSealStampImage	41109.668	19820.941
db.IaShareTransferEvent	75787.234	2477.371
db.IaUserInvitation	42690.344	25856.879
db.IaUserInvitationInvitee	44802.919	25720.601
db.IaWrittenResolutionDocument	46778.512	20525.443
db.ImAcVcBroker	72990.070	2845.595
db.ImAccessLog	10479.274	19455.796
db.ImAttachment	10723.287	20627.275
db.ImAttachmentDownloadLog	11625.590	20712.301
db.ImAttachmentPdfEvent	11880.584	23443.078
db.ImBroker	13258.254	20279.668
db.ImBrokerAssignment	11556.879	19265.555
db.ImBrokerAssignmentInvitedUser	12092.725	20486.715
db.ImConsultingRequest	8643.018	14845.903
db.ImContactRequest	11065.300	19198.786
db.ImContactRequestIntention	11132.984	17672.156
db.ImDay	10059.082	20796.102
db.ImDayParticipation	11050.739	19531.267
db.ImDayParticipationAttachment	10784.918	17788.654
db.ImDaySurvey	10510.925	20821.816
db.ImDisclosing	9336.984	17677.133
db.ImIndividualGpBroker	77795.688	1519.980
db.ImInvestorBroker	13017.549	22550.041
db.ImInvestorMemo	11353.169	19891.888
db.ImIrPartnerBroker	52157.789	34217.512
db.ImIrPartnerBrokerOwnerRelation	53558.367	33749.965
db.ImNote	9968.557	17412.197
db.ImPitchingDay	76508.781	3856.247
db.ImPitchingDayParticipation	77351.906	1720.190
db.ImTag	8612.127	18480.568
db.ImWatching	11831.916	17615.562
db.ImZuzuBroker	77308.656	358.836
db.InauguralConsentDocument	30801.418	26939.070
db.IncorporationBenefitRequest	33697.121	14880.809
db.IncorporationIssueEvent	78289.734	-865.875
db.IncorporationRequest	33910.396	13375.972
db.IncorporationRequestAoiFile	34610.664	12637.755
db.IncorporationRequestAssistance	35020.875	14144.681
db.IncorporationRequestAssistanceReceipt	37355.609	15078.298
db.IncorporationRequestDirector	43088.921	13038.516
db.IncorporationRequestPromoter	43457.016	12701.311
db.IncorporationRequestPromoterInstitutionCeo	43593.828	10223.959
db.IncorporationRequestPurpose	32614.242	13750.244
db.IndividualInvestorCompany	52868.168	563.295
db.IndividualInvestorCompanyCeo	50647.293	3518.407
db.IndividualInvestorCompanyInfo	52616.039	5693.627
db.IndividualInvestorCompanyName	52896.742	1208.703
db.IndividualInvestorCompanyParValue	55634.180	2093.897
db.IndividualInvestorCompanyShareClass	54862.203	2588.802
db.IndividualInvestorCompanyShareStock	62164.086	4180.381
db.IndividualInvestorEvent	51939.590	268.895
db.IndividualInvestorStakeholder	53539.039	8444.037
db.IndividualInvestorUser	52265.360	16774.661
db.IndividualStakeholder	77398.383	-931.607
db.IndividualStockOption	55886.277	8749.078
db.IndividualStockOptionCancelEvent	74644.398	1391.246
db.IndividualStockOptionCreateRequest	60170.891	14624.362
db.IndividualStockOptionCreateRequestEtcFile	58103.980	12415.791
db.IndividualStockOptionExerciseEvent	77538.258	219.107
db.IndividualStockOptionGrantContract	60282.578	17258.574
db.IndividualStockOptionGrantEvent	76924.266	-1302.570
db.IndividualStockOptionGrantee	54432.125	10264.812
db.IndividualStockOptionPauseEvent	25078.945	29422.605
db.IndividualStockOptionResumeEvent	25447.133	29660.205
db.IndividualStockOptionSalesIntent	57947.551	15319.369
db.IndividualStockOptionVesting	56923.266	14390.574
db.IndividualStockOptionVestingItem	56485.590	14730.508
db.IndividualStockOptionVestingTraceable	56993.656	12575.154
db.IndustrialCode	23739.045	17419.564
db.InputChannel	4014.828	37760.258
db.InputSignupChannel	5467.338	38555.441
db.InstitutionStakeholder	22987.984	27887.594
db.InstitutionStakeholderManager	22663.289	28252.992
db.InternetRegistryOfficeOtp	35334.609	11932.103
db.InternetRegistryOfficeOtpReturnRequest	42593.610	13925.160
db.InvestmentAgreement	30080.494	24767.555
db.InvestmentAgreementAttachment	30901.930	24685.105
db.InvestmentAssociation	42162.341	22846.805
db.InvestmentAssociationAssociationPartner	76195.719	1963.275
db.InvestmentAssociationAssociationPartnerManager	74752.484	374.906
db.InvestmentAssociationCorporationPartner	77187.656	-940.121
db.InvestmentAssociationCorporationPartnerManager	76021.383	2063.275
db.InvestmentAssociationDocument	42647.145	19651.736
db.InvestmentAssociationEvent	40980.712	23162.198
db.InvestmentAssociationIndividualPartner	44370.485	26173.590
db.InvestmentAssociationIndividualPartnerLegalRepresentative	43782.309	26643.539
db.InvestmentAssociationOrganizationPartner	50047.512	19471.523
db.InvestmentAssociationOrganizationPartnerCeo	49504.922	19962.691
db.InvestmentAssociationOrganizationPartnerCorporationSigner	8265.625	38873.172
db.InvestmentAssociationOrganizationPartnerCorporationSignerCeo	7301.766	37597.312
db.InvestmentAssociationOrganizationPartnerIndividualSigner	74709.203	42.979
db.InvestmentAssociationOrganizationPartnerManager	50363.402	19575.934
db.InvestmentAssociationOrganizationPartnerSigner	50140.133	20446.496
db.InvestmentAssociationPartner	45556.229	22325.592
db.InvestmentAssociationPartnerManager	44709.141	24955.258
db.InvestmentAssociationPartnerResume	49940.117	20685.666
db.InvestmentAssociationPartnerResumeItem	49845.859	20346.496
db.InvestmentAssociationPartnerSalesIntent	46955.354	21722.549
db.InvestmentAssociationShare	43501.364	22649.993
db.InvestmentContractHolder	6647.260	15230.125
db.InvestmentRound	16830.768	7523.756
db.InvestmentRoundNewIssueEvent	18113.525	6359.528
db.InvestmentSimulation	26838.840	4127.904
db.InvestmentSimulationInitialOption	30843.594	2860.085
db.InvestmentSimulationInitialOptionGrantee	30179.096	3492.941
db.InvestmentSimulationInitialShareholder	30465.541	-1947.015
db.InvestmentSimulationInitialStock	34525.848	-1110.886
db.InvestmentSimulationInvestor	24740.121	1035.193
db.InvestmentSimulationNewIssueInvestment	23355.949	1969.071
db.InvestmentSimulationPurchaseInvestment	11597.473	1543.557
db.InvestmentSimulationPurchaseSellStock	5905.182	4347.669
db.InvestmentSimulationRound	28096.113	1759.794
db.InvestorInterest	11354.795	21833.139
db.InvestorMatching	9327.891	17557.619
db.InvestorRelations	17036.533	27706.395
db.InvestorRelationsSurvey	15930.264	26093.071
db.InvitationSeat	29064.789	18611.271
db.InvitationSeatRequest	28230.205	16700.541
db.IrAiAnalysis	17852.219	28012.836
db.IrAiAnalysisLike	20225.660	28660.197
db.IrAiSummary	15886.156	28056.453
db.IrAlert	15332.437	26066.888
db.IrAlertInvestorRelations	15011.960	26652.467
db.IrApproval	18113.252	28308.068
db.IrApprovalNotificationDismiss	20168.957	30280.533
db.IrBrokerActivity	13385.627	27058.965
db.IrClosing	16752.502	27481.242
db.IrClosingComplete	78335.906	710.016
db.IrClosingExpired	78115.523	1541.242
db.IrClosingIncomplete	77882.391	1730.963
db.IrCommittedInvestmentAmount	14684.013	26610.682
db.IrCompanyCreate	13518.795	10518.484
db.IrConsultingRequest	77330.875	53.652
db.IrFeed	15746.953	30241.859
db.IrFeedAccessLog	13543.971	25698.539
db.IrFeedRating	17096.338	30742.902
db.IrFundRaising	14700.449	29630.428
db.IrFundRaisingMemo	14243.996	30147.762
db.IrFundRaisingStageLog	14439.506	29533.041
db.IrInsightClub	16207.299	26793.352
db.IrInsightClubParticipation	18769.635	28478.242
db.IrInsightClubParticipationAttendee	19350.621	29381.863
db.IrInsightClubSurvey	18129.605	28408.068
db.IrInvestorFeedback	13058.627	23640.205
db.IrNote	16777.549	27577.936
db.IrSubscription	16428.041	8600.956
db.IrSubscriptionMarketingRequest	18611.730	8537.908
db.IrTeamMember	17733.230	28498.945
db.IrTranscript	16739.926	27996.699
db.IrosOtpIssueMeetingDocument	28648.740	26319.897
db.Jurisdiction	6166.398	12031.954
db.LawtalkSignup	14786.824	7565.401
db.LawtalkSignupAttachment	12252.949	9573.463
db.LedgerByCustomerDocument	35942.860	28578.220
db.LegalPartner	32630.087	16138.851
db.LegalPartnerEmail	31971.664	16572.486
db.LegalPartnerPaypleSettings	30759.266	16644.299
db.LegalPartnerRegistrationAssistanceSettings	30982.068	16173.711
db.LegalPartnerSignupChannel	30871.180	16073.711
db.LegalPartnerSlackChannels	31654.305	16763.730
db.LegalPartnerUserRelation	31546.393	16600.682
db.ManualOptionVesting	72753.188	35039.133
db.ManualOptionVestingItem	71975.359	34228.750
db.ManualProduct	79308.961	515.932
db.Meeting	31795.857	20656.862
db.MeetingAttachment	31033.016	20609.688
db.MeetingAttorney	30761.510	19893.090
db.MeetingDirectorContact	30568.186	22995.516
db.MeetingDocument	27008.661	28352.499
db.MeetingDocumentCache	32204.711	28351.346
db.MeetingDocumentGeneration	32006.123	23484.033
db.MeetingDocumentGenerationItem	29807.392	25918.266
db.MeetingDocumentManualModification	29887.934	28653.742
db.MeetingDraft	32635.451	25732.894
db.MeetingDraftAgendaDirectorChange	31184.109	25004.076
db.MeetingDraftAgendaDirectorCompensation	31127.396	24783.229
db.MeetingDraftAgendaDirectorCompensationItem	29644.059	24488.367
db.MeetingDraftRegistrationAssistance	31782.283	25883.479
db.MeetingDraftSchedule	33117.586	24627.713
db.MeetingPrice	78285.469	390.646
db.MembershipContent	68446.078	35170.078
db.MembershipContentAccessLog	69641.195	34514.840
db.MembershipContentAuthor	59004.156	34700.027
db.MembershipContentAuthorRelation	59341.684	33654.793
db.MiraeassetAccount	23335.150	20428.111
db.Mna	76618.578	2732.722
db.MnaBuyer	9218.994	7826.117
db.MnaBuyerAttachment	9820.779	9312.748
db.MnaConsultingRequest	77255.984	4194.682
db.ModusignAccount	30841.555	14882.656
db.ModusignApiKey	28794.621	15438.375
db.ModusignApiLog	30999.383	15122.846
db.ModusignAuthentication	31251.383	15188.769
db.ModusignAuthorizationRequest	78270.547	1711.771
db.ModusignCompanyUserConnection	13998.010	11466.863
db.ModusignDocument	29949.941	15786.641
db.ModusignDocumentActionHistory	29618.422	15644.961
db.ModusignDocumentModusignAccountRelation	30545.748	15334.648
db.ModusignDocumentModusignApiKeyRelation	29388.297	15210.488
db.ModusignDocumentParticipant	30990.725	15801.362
db.ModusignEmbeddedDraft	27604.326	15355.081
db.ModusignExceededSignings	11841.971	11162.043
db.ModusignIaUserConnection	42825.571	23097.177
db.NaverWorkplaceAuthentication	75429.859	1022.807
db.NaverWorkplaceCompany	64735.117	33416.859
db.NaverWorkplaceEmployee	65328.816	33234.027
db.NcpSignupChannel	65278.000	34304.617
db.NewCeoCertificateOfSealDocument	33507.992	28772.211
db.NewCeoResidentRegistrationDocument	31946.035	28804.635
db.NewIssueEvent	19002.221	6539.194
db.NewIssueNoticeEmail	39545.227	33370.531
db.NewIssueNoticeEmailRecipient	27442.328	30866.053
db.NewIssueSkipNoticeDocument	34472.830	31407.096
db.NewIssueStockAcceptanceDocument	35034.566	29647.789
db.NewIssueStockAllocationDocument	37832.028	27467.127
db.NewIssueStockAllocationRecordDateNoticeDocument	33880.832	28920.040
db.NewIssueStockSubscriptionDocument	35222.348	29547.789
db.NewIssueStockUnissuedConfirmationDocument	32639.493	29282.155
db.NewPartnerInvestmentEvent	76584.266	-502.430
db.NonUnifiedShareCreateRequest	63961.410	8651.577
db.NonUnifiedShareEtcFile	69948.391	10749.228
db.NonUnifiedShareManagement	60535.977	7421.747
db.NonUnifiedShareManagementHistory	68090.891	9783.680
db.NonUnifiedShareManagementSalesIntent	57987.129	8175.322
db.NonUnifiedShareStockUnissuedConfirmationFile	69954.898	14980.631
db.NonUnifiedShareSucPoaDocument	69668.453	20484.244
db.NonUnifiedShareSucPoaModusignDocument	64168.438	10126.809
db.NonUnifiedShareSucRenewRequest	70598.089	16703.109
db.NotarizationPoA	38043.531	30754.348
db.NotarizationPoaDirectorSigner	40708.648	29180.113
db.NotarizationPoaDocument	33879.992	28790.594
db.NotarizationPoaShareholderSigner	37308.637	32109.799
db.Notification	481.072	23328.684
db.NotificationInbox	3102.855	19266.024
db.Option	28290.997	20439.259
db.OptionAdjustment	24498.611	4767.162
db.OptionAttachment	76037.531	1374.477
db.OptionCancelEvent	75473.102	1856.726
db.OptionContractTemplatePermission	13978.434	11041.643
db.OptionExerciseClaim	22208.249	23703.471
db.OptionExerciseClaimAttachment	23563.791	24765.858
db.OptionExerciseClaimCandidate	24622.918	24109.903
db.OptionExerciseClaimDocumentSetting	20134.715	22924.693
db.OptionExerciseClaimEventRelation	22706.953	24000.906
db.OptionExerciseClaimMeetingDocument	29268.244	28067.344
db.OptionExerciseClaimOption	24084.284	24470.819
db.OptionExerciseClaimOptionTaxation	23335.794	23833.659
db.OptionExerciseClaimPayment	23720.742	24593.236
db.OptionExerciseEvent	23891.844	24281.951
db.OptionExerciseManagement	20316.879	22136.783
db.OptionExerciseManagementAttachmentSetting	18778.568	22355.172
db.OptionExerciseManagementAttachmentSettingItem	19324.012	23760.672
db.OptionExerciseManagementEmail	20674.418	22752.355
db.OptionExerciseManagementReminderSetting	21531.260	22550.887
db.OptionExerciseManagementTaxation	20383.434	22364.555
db.OptionExerciseManagementTaxationDefaultSetting	13583.301	10618.484
db.OptionGrantContract	30159.696	14651.347
db.OptionGrantContractCeo	77053.438	1323.834
db.OptionGrantContractFirstRefusalRightHolder	73805.375	2017.646
db.OptionGrantContractModusignDocument	28135.548	14943.659
db.OptionGrantContractModusignEmbeddedDraft	28662.751	14346.674
db.OptionGrantContractStakeholder	26583.457	13743.623
db.OptionGrantContractTemplate	27433.258	13694.307
db.OptionGrantContractTemplateDraft	26047.723	13621.141
db.OptionGrantContractTemplateRevision	29346.734	14639.368
db.OptionGrantEvent	27508.231	22499.899
db.OptionGrantee	27691.984	23544.119
db.OptionManagement	31081.602	25819.324
db.OptionManagementStakeholderSeat	30215.453	24667.555
db.OptionPauseEvent	4693.986	40448.035
db.OptionQuantityTimeSeries	76379.625	323.682
db.OptionResumeEvent	4640.254	40198.582
db.OptionTag	18147.357	3300.227
db.OptionTagCategory	16376.633	5296.944
db.OptionTaxCalculatorSetting	10830.041	10724.705
db.OptionValueChange	17131.316	6804.992
db.OptionVesting	26033.152	22605.943
db.OptionVestingTraceable	77864.250	1322.578
db.OptionWithdrawEvent	78444.781	-498.709
db.Order	31648.299	38064.729
db.OrderPromotionRelation	34474.199	34367.406
db.OrderStaffInChargeRelation	28339.850	38848.385
db.OrderStatusHistory	34708.961	37944.730
db.OrganizationChart	23305.059	7587.587
db.OtherDocumentArchive	24441.141	8923.804
db.OtherDocumentArchiveAttachment	28005.562	8595.114
db.OwnerPermission	18925.588	21244.258
db.OwnerRole	17873.098	18239.422
db.OwnerRolePermissionRelation	18784.076	20976.941
db.PageNumberUpdatedPdfEvent	77456.305	902.967
db.PasswordReset	78002.188	2336.323
db.Payment	27846.887	16924.504
db.PaymentLink	28358.117	17912.045
db.PaymentRefund	29210.229	16961.721
db.PaymentStatusHistory	28061.990	17340.049
db.PaymentStore	29119.195	17223.430
db.PaymentTermPartnerInvestmentEvent	78626.750	-1212.775
db.Payroll	34786.984	10286.465
db.PayrollAnnualSalaryInfo	33091.078	7543.826
db.PayrollAnnualSalaryItem	33799.168	7350.464
db.PayrollDocumentSealStampSetting	34294.535	12226.534
db.PayrollLedger	33339.583	5798.326
db.PayrollLedgerAttachment	32581.571	5882.365
db.PayrollLedgerFile	37381.520	7701.905
db.PayrollLedgerFileModificationRequest	35039.434	7545.840
db.PayrollLedgerItem	37924.413	7622.800
db.PayrollLedgerItemSettingRelation	38784.753	7988.189
db.PayrollManagementRelation	34268.379	9800.947
db.PayrollSetting	42916.582	8270.919
db.PayrollSettlement	31467.539	10688.186
db.PayrollSettlementAutoCreation	33944.887	11127.367
db.PayrollSettlementProgressLog	30942.344	11211.385
db.PayrollStaffUserRelation	33413.172	9363.554
db.PayrollStatement	35598.820	8271.296
db.PayrollStatementAttendance	36882.430	8388.634
db.PayrollStatementDocument	34863.188	9792.331
db.PayrollStatementEmail	34822.732	7902.145
db.PayrollStatementEmailRecipient	35854.533	8468.914
db.PayrollStatementItem	36548.000	7795.101
db.PayrollStatementPayrollInformation	34372.977	7851.257
db.PayrollStatementScheduledEmail	33823.879	7564.054
db.PayrollStatementScheduledEmailPeriodicTaskRelation	34143.168	7350.095
db.PdfEvent	11697.533	23815.500
db.PerformanceRsuVestingItem	75728.211	1586.281
db.PeriodPhantomStockVestingItem	77558.977	-809.715
db.PeriodRsuVestingItem	76295.312	2571.360
db.PeriodicOptionVesting	65924.453	34222.242
db.PeriodicOptionVestingItem	64974.617	34752.211
db.PhantomStock	18518.379	1073.293
db.PhantomStockCancelEvent	75681.773	2929.705
db.PhantomStockExerciseEvent	75825.469	1536.213
db.PhantomStockGrantContract	17296.002	1105.096
db.PhantomStockGrantEvent	75402.391	3873.394
db.PhantomStockGrantee	19125.307	446.635
db.PhantomStockPauseEvent	65318.344	34822.859
db.PhantomStockResumeEvent	65970.188	34530.418
db.PhantomStockVesting	16779.840	1827.214
db.PhantomStockVestingItem	13649.330	4074.019
db.PhantomStockVestingTraceable	16245.195	1887.930
db.Phone	30572.469	38622.953
db.PhoneVerification	35472.430	39031.797
db.PingpongDelivery	26171.223	14548.851
db.PingpongDeliveryAddress	28253.973	14397.205
db.PipedriveSettings	77479.047	1608.713
db.PitchingDayHall	14498.799	25320.877
db.PitchingDayHallAccessLog	14223.808	24731.340
db.PitchingDayHallAssignedIrs	15357.957	26788.689
db.Playbook	78238.672	-2026.055
db.PortalAcademyGuide	77839.133	1830.963
db.PortalAcademyGuideSubject	77196.672	-250.555
db.PortalMenuVisibilitySetting	12412.932	10741.447
db.PortalOptionGuide	75124.016	3325.490
db.PortalSetting	15409.033	10574.980
db.PortfolioCompany	18599.064	23611.137
db.PortfolioCompanyFund	15352.760	22358.277
db.PortfolioCompanyManager	20847.283	27609.273
db.PortfolioCompanyUserRelation	18042.600	22570.828
db.Post	77263.703	1223.834
db.Price	79040.469	614.838
db.PrivacyPolicy	55799.465	38631.625
db.PrivacyPolicyLog	54555.734	39803.102
db.Product	28208.096	15980.463
db.Promotion	36124.398	33674.906
db.PromotionAddress	37563.727	33353.777
db.PromotionCode	27944.199	15833.043
db.PromotionCodeUsageHistory	27555.381	16231.356
db.ProofOfEmploymentDocument	27773.184	27780.434
db.Purchase	29536.552	17041.055
db.PurchaseItem	29327.874	17282.243
db.PurchaseStatusHistory	29476.461	18502.416
db.Purpose	25745.832	18225.547
db.PushToken	73890.602	2400.765
db.QrReplyPasswordReset	31756.330	18789.695
db.QrReplyPasswordResetRequest	30968.074	18658.783
db.QuarterlyReportRequest	22544.576	27160.205
db.QuarterlyReportRequestAttachment	23020.553	27095.047
db.QuarterlyReportRequestRecipient	23395.501	31607.410
db.QuarterlyReportRequestReportItem	23065.945	27195.047
db.QuarterlyReportSettings	21236.113	25054.867
db.QuarterlyReportSignupChannel	20165.445	24894.170
db.QuestionMessageAttachment	26520.029	19981.662
db.QuestionMessageScheduled	24181.270	18817.576
db.QuestionThread	26950.719	18676.119
db.QuestionThreadAssignment	27159.344	19319.043
db.QuestionThreadMessage	26612.361	20178.100
db.QuestionThreadMessageAccessLog	26590.615	19881.662
db.QuestionThreadMessageCategory	26048.361	20456.162
db.QuestionThreadMessageMarkAsAllReadLog	77954.797	338.033
db.QuestionThreadMessagePeriodicTaskRelation	25448.242	18938.420
db.QuestionThreadMessageProfile	25861.427	20714.230
db.QuestionThreadMessageReminder	25723.349	20911.795
db.QuestionThreadMessageReview	25926.857	20596.137
db.QuestionThreadMessageReviewRequest	25781.798	20556.162
db.QuestionThreadTag	25929.889	18490.227
db.RebootProductContactRequest	13167.238	10003.835
db.RegisteredMail	36901.836	38431.867
db.Registration	31722.753	23370.434
db.RegistrationAgenda	30254.809	26149.314
db.RegistrationAssistance	30212.326	18544.307
db.RegistrationAssistanceReceipt	29760.684	18733.127
db.RegistrationCaseReport	7057.447	12302.594
db.RegistrationCaseReportUpdateLog	13620.547	9946.246
db.RegistrationDirector	31317.594	23305.125
db.RegistrationFormAllInOneDocument	31637.486	28059.275
db.RegistrationFormAoiChangeDocument	29200.527	29377.076
db.RegistrationFormBranchChangeDocument	29658.340	28329.213
db.RegistrationFormCaptable	37164.258	30767.842
db.RegistrationFormCaptableDocument	33920.883	29550.359
db.RegistrationFormCaptableNotarizationRequestor	35170.359	31564.941
db.RegistrationFormCeoAddressChangeDocument	30589.658	30023.355
db.RegistrationFormDirectorChangeDocument	28575.209	28802.438
db.RegistrationFormHeadOfficeInsideRelocationDocument	32717.022	27853.650
db.RegistrationFormHeadOfficeOutsideRelocationDocument	33989.814	28126.442
db.RegistrationFormNewIssueDocument	29125.088	28581.482
db.RegistrationFormNewOptionsRuleDocument	30094.461	28246.426
db.RegistrationHelp	34295.233	16672.445
db.RegistrationPoaDocument	28639.480	29546.676
db.RegistrationRoundRobinState	76585.039	-362.855
db.RegularProduct	76541.727	3552.566
db.ResignationLetterDocument	31761.529	27959.275
db.ResignedDirectorCertificateOfSealDocument	28063.270	28660.305
db.RightToConsentOrConsult	21290.971	20507.395
db.Rsu	19998.531	17191.537
db.RsuAdjustEvent	28073.469	5579.300
db.RsuCancelEvent	77590.312	3230.953
db.RsuExerciseEvent	78195.297	2189.196
db.RsuGrantContract	20713.889	20818.417
db.RsuGrantContractModusignDocument	20819.955	20712.351
db.RsuGrantContractTemplate	18643.597	16731.666
db.RsuGrantContractTemplateStakeholder	17683.463	17449.771
db.RsuGrantEvent	77418.953	1820.190
db.RsuGrantee	20258.666	16868.875
db.RsuMeeting	23936.583	18482.887
db.RsuMeetingAttachment	25452.941	18537.146
db.RsuPauseEvent	9934.643	34720.562
db.RsuPerformanceAchievementEvent	73836.344	2972.866
db.RsuPerformanceCondition	19675.143	17371.700
db.RsuResumeEvent	9376.732	34166.008
db.RsuTag	15534.221	18119.131
db.RsuTagCategory	14619.643	15468.401
db.RsuVesting	20983.731	18913.846
db.RsuVestingItem	20877.182	19060.342
db.RsuVestingTraceable	19864.084	19027.205
db.RtccEmail	21290.971	20357.395
db.RtccEmailAuthentication	23066.591	23230.327
db.RtccInvestor	24191.460	22816.038
db.RtccInvestorFile	22839.179	22715.982
db.Safe	6651.473	14714.844
db.SafeConversionEvent	78073.297	238.033
db.SafeCreateEvent	38014.145	17412.758
db.SalesIntent	78461.266	1581.811
db.SalesMetric	31611.211	16367.301
db.SalesReportDocument	31609.096	29240.701
db.SdContactRequest	12926.898	24348.428
db.SealCard	37234.090	36508.156
db.SealCardReturnRequest	35395.992	37791.098
db.SealCardReturnStatusHistory	34379.742	38238.594
db.SealCertificateDelivery	24043.236	13259.322
db.SealCertificateIssueRequest	24182.090	13659.162
db.SealStamp	35111.992	10714.424
db.SealStampCardContinuedUseApplicationFormDocument	27449.140	26818.131
db.SealStampDeclarationDocument	28024.588	26843.334
db.SealStampImage	35432.586	11793.252
db.SealStampUsageHistory	32486.284	8930.314
db.SealedOptionGrantContractDocument	28757.984	29181.086
db.SealedOptionGrantShareholdersMeetingResolutionDocument	27803.883	28760.305
db.SecondaryDeal	12410.348	26019.820
db.SelfRegistration	30476.973	21865.938
db.ServiceFee	28533.820	16745.775
db.ServiceFeeItem	27881.105	16396.668
db.ShareClass	25061.260	21867.412
db.Shareholder	25468.809	30700.887
db.ShareholderInstitutionMember	22699.859	28352.992
db.ShareholderInstitutionMemberCeo	22988.922	29151.508
db.ShareholderVote	35827.838	29944.015
db.ShareholderVotingRightsPerAgenda	35521.238	29258.053
db.ShareholdersAgreementModusignDocument	74645.047	2937.315
db.ShareholdersAgreementModusignEmbeddedDraft	75545.023	2184.565
db.ShareholdersAgreementStakeholder	29007.191	25212.039
db.ShareholdersCertificateOfSealDocument	27109.008	28007.945
db.ShareholdersMeeting	38955.251	28744.837
db.ShareholdersMeetingAgenda	34080.068	26657.289
db.ShareholdersMeetingAuditReportDocument	30501.539	29334.520
db.ShareholdersMeetingConvocationNoticeEmail	41349.160	30900.570
db.ShareholdersMeetingConvocationNoticeEmailAttachment	41793.516	29596.996
db.ShareholdersMeetingConvocationNoticeEmailNewIssueAttachment	43113.110	29852.255
db.ShareholdersMeetingConvocationNoticeEmailRecipient	30622.059	32860.799
db.ShareholdersMeetingConvocationNoticeRecipient	37144.877	32492.539
db.ShareholdersMeetingConvocationNoticeWrittenRecipient	77185.266	-1102.570
db.ShareholdersMeetingDirectorAttendance	37938.055	28988.004
db.ShareholdersMeetingMinutesDocument	32993.586	28949.348
db.ShareholdersMeetingNoticeDocument	31240.953	29389.602
db.ShareholdersMeetingPowerOfAttorneyDocument	29970.004	28952.219
db.ShareholdersMeetingPowerOfAttorneyIndividualDocument	31114.123	29536.695
db.ShareholdersMeetingShareholderAttendance	33798.910	31008.070
db.ShareholdersMeetingShortenPeriodDocument	31492.602	28919.070
db.ShareholdersMeetingShortenPeriodIndividualDocument	32466.486	30110.578
db.ShareholdersMeetingSkipNoticeDocument	32061.805	29136.355
db.ShareholdersMeetingWrittenDecisionDocument	27010.465	28902.391
db.ShareholdersMeetingWrittenDecisionIndividualDocument	29011.480	29618.359
db.ShareholdersWrittenResolutionDocument	27854.990	29350.133
db.ShortUrlLog	76652.445	2216.602
db.SignupChannel	75948.516	3618.364
db.SignupLog	76060.727	861.553
db.SiteSettings	78851.000	2189.163
db.SlackChannels	76194.508	3974.748
db.StaffInCharge	38887.225	39517.788
db.Stakeholder	29040.515	25334.169
db.StakeholderAccount	25349.861	24057.713
db.StakeholderSeat	30314.172	23278.230
db.StarredQuestionThread	26160.227	18975.672
db.Stock	24207.392	22586.717
db.StockConsolidationEvent	73996.234	4150.770
db.StockConversionEvent	79785.836	598.596
db.StockDocumentAnalysis	51115.141	34979.367
db.StockReregistrationEvent	49282.066	36303.578
db.StockRetirementEvent	76210.438	223.682
db.StockSplitEvent	76770.719	2832.722
db.StockTransferAgreement	27470.827	20934.339
db.StockTransferAgreementClauses	26466.915	20991.657
db.StockTransferAgreementItem	25236.975	21539.379
db.StockTransferAgreementManagement	27103.816	20430.898
db.StockTransferAgreementManagementStakeholderSeat	29066.166	21469.816
db.StockTransferAgreementModusignDocument	26941.194	20902.921
db.StockTransferAgreementModusignEmbeddedDraft	25731.061	21436.921
db.StockTransferAgreementPurchaserInstitution	26218.274	21798.106
db.StockTransferAgreementSellerInstitution	25933.805	21336.921
db.StockTransferAgreementSurvey	14008.516	11566.863
db.StockTransferEvent	24696.160	22972.959
db.StockTransferPrice	24892.629	22048.328
db.StockUnissuedConfirmationRequest	27545.181	13485.134
db.StripeCard	32842.664	36720.188
db.StripeCustomer	31061.934	35734.629
db.StripePayment	33901.863	37935.629
db.Subscription	12189.998	15201.746
db.SubscriptionBonus	11721.639	15947.438
db.SubscriptionContract	12057.643	14314.228
db.SubscriptionModusignDocumentUsageHistory	11491.414	16396.037
db.SubscriptionPackage	12722.479	14060.786
db.SubscriptionPaymentRequest	18748.812	13904.078
db.SubscriptionPenaltyPayment	12078.037	14214.228
db.SubscriptionPeriod	11979.426	15952.784
db.SubscriptionPerk	11430.592	17048.955
db.SubscriptionPlan	13299.760	15952.386
db.SubscriptionPlanOffering	13325.434	17429.408
db.SubscriptionPlanPerk	13688.553	16561.100
db.SubscriptionPlanPermission	13310.523	17927.691
db.SubscriptionPolicy	12615.223	12950.346
db.SubscriptionPromotion	12161.549	14772.481
db.SubscriptionReservation	13925.365	11906.049
db.SubscriptionSuspensionHistory	12084.998	16225.471
db.TalingCoupon	12626.070	11664.141
db.TanTableView	76792.594	4002.927
db.TaxBookkeepingServiceRequest	35013.600	10927.118
db.TaxPartnerTbkContract	31891.358	15917.311
db.TaxPartnerTbkContractItem	31354.602	15546.177
db.TaxPartnerTbkSettings	30358.264	16846.400
db.TaxReceiptDocument	31990.020	28515.035
db.TbkConsulting	32610.518	10835.951
db.TbkConsultingMemo	32870.938	11528.350
db.TbkConsultingRefusal	34644.543	14076.645
db.TbkConsultingStatusLog	33025.738	11303.463
db.TbkContract	33342.046	11482.793
db.TbkContractBenefit	33622.523	11173.645
db.TbkContractSettlement	32988.304	11972.736
db.Template	78861.141	2829.067
db.TextValueWithVisibility	13445.082	27197.449
db.ThirdPartyApiNotice	50160.250	34594.250
db.ThirdPartyArticleProvider	39995.359	12136.093
db.ThirdPartyArticleProviderUserRelation	40469.172	11609.180
db.TwoFactorAuthentication	78156.250	1322.525
db.UnknownIssueEvent	78026.539	3621.610
db.UnknownPartnerInvestmentEvent	75958.312	2235.651
db.UserApiKey	33722.371	4847.543
db.UserApiKeyCompanyAccess	26311.078	5985.295
db.UserApiKeyCompanyRelation	26286.988	6715.121
db.UserApiKeyRevocation	34200.684	5711.896
db.UserDailyAccess	76443.734	3656.084
db.UserDetailedSurvey	76625.445	4594.451
db.UserEmailConsentRequest	77144.906	1202.352
db.UserExtraAuthentication	76570.703	519.713
db.UserGuideState	77175.812	2246.899
db.UserInvitation	23299.484	21222.057
db.UserInvitationInvitee	25063.933	23384.179
db.UserInvitationOwnerRoleRelation	20435.234	21639.425
db.UserMarketingStatus	78227.227	1422.926
db.UserNotificationSettings	76878.695	2715.490
db.UserProfileImage	10720.229	36510.949
db.UserProfileImageMapping	10189.322	36898.668
db.UserSealCardRelation	37430.715	37420.746
db.UserSessionLog	76600.953	186.344
db.UserSettings	77098.062	1983.139
db.UserSurvey	79576.719	1778.574
db.ValuationHistory	12087.721	11679.837
db.ValuationServiceRequest	23373.164	10543.208
db.ValueWithVisibility	77118.641	1099.262
db.VcIrRecommendationRequest	14849.307	27493.543
db.VcIrRecommendationRequestResult	14573.631	28124.941
db.VcLpReport	15993.547	24860.623
db.VcLpReportRequest	20149.340	28549.443
db.VcLpReportRequestRecipient	19453.664	29067.682
db.VcNameAlias	12045.717	22167.828
db.VcSearchLog	14159.771	20497.174
db.VcUserRole	13246.092	24003.574
db.VentureBusinessCertification	26482.043	13227.228
db.VentureBusinessCertificationExpirationNotificationLog	24718.617	12458.402
db.VentureCapital	13948.818	23841.803
db.VentureCapitalEmailTemplates	11573.854	21307.551
db.VentureCapitalPaymentLink	13229.811	23540.205
db.VentureCapitalQuarterlyReport	22726.580	26170.318
db.VentureCapitalQuarterlyReportContentTemplate	17084.945	24668.412
db.VentureCapitalQuarterlyReportItem	24009.512	26373.123
db.VentureCapitalQuarterlyReportItemReply	29788.577	21761.887
db.VentureCapitalQuarterlyReportReply	28321.276	20104.595
db.VentureCapitalSubscription	10362.529	26577.643
db.VentureCapitalSubscriptionPlan	13071.934	29057.449
db.VentureCapitalSubscriptionPlanPermission	11687.877	27772.758
db.VentureCapitalSubscriptionPlanPrice	13199.744	28918.516
db.VentureCapitalUserRelation	11089.609	24338.738
db.VentureComplex	53468.649	15469.142
db.VideoCollection	17947.299	5602.008
db.VideoCollectionFeedback	16233.592	7085.720
db.VideoCollectionPermission	15903.251	7388.340
db.VideoContent	18560.355	4901.893
db.VideoContentHistory	16939.445	5255.205
db.VideoContentSpeecher	16326.390	5955.320
db.Webinar	77284.719	624.059
db.WebinarSubject	76321.383	2106.284
db.WebinarTarget	76635.125	4319.259
db.Whitepaper	51974.656	35997.359
db.WhitepaperPreviewFile	53316.586	35786.727
db.WhitepaperWatermarkFile	51693.410	36890.406
db.WhtBook	33812.246	9033.995
db.WhtBookWithoutDate	31932.344	7719.769
db.WhtCertificate	30212.734	8854.221
db.WhtReceipt	32117.988	9516.256
db.WithdrawAccountRequest	75967.023	1698.564
db.WithdrawnUser	77091.930	1349.383
db.WrittenStatementDocument	35598.348	29566.734
db.YearEndTaxSettlement	38888.629	11609.535
db.YearEndTaxSettlementConfirmationSchedule	37669.773	11607.720
db.YetsAssistance	41775.910	11654.484
db.YetsAssistanceCreator	40529.690	10655.399
db.YetsAssistanceCreatorUser	71999.352	3770.345
db.YetsAssistanceCreatorYetsEmployee	36589.648	11703.012
db.YetsAssistanceMessage	41208.831	11209.932
db.YetsAssistanceMessageFile	35471.855	10339.826
db.YetsAssistanceStaffAccessLog	41888.465	11893.982
db.YetsAssistanceStaffFavoriteRelation	43411.922	11313.951
db.YetsEmail	39496.285	11964.986
db.YetsEmailAuthentication	36818.957	12715.099
db.YetsEmployee	37600.418	11707.720
db.YetsEmployeeFile	37416.352	12043.014
db.YetsEmployeeResult	34826.578	10386.465
db.YetsEmployeeResultAssistanceMessageRelation	35515.812	10664.149
db.YetsEmployeeResultStatusLog	33306.461	10136.312
db.YetsEmployeeResultWhtReceipt	36620.031	11451.059
db.YetsEmployeeSubmissionLog	38139.805	12485.536
db.YetsEmployeeUploadForm	37640.184	11844.011
db.YetsEmployeeUploadFormStatusLog	38284.383	12648.836
db.ZuzuOptionGrantContractTemplate	77233.867	2093.613
db.ZuzuOptionGrantContractTemplateRevision	76681.234	86.344
db.ZuzuTaxAdvice	75475.406	2084.565
db.ZuzuTaxPhoneToken	34760.324	39096.164
document_ai.DocumentAiProcessRequest	50501.645	34454.254
document_ai.DocumentAiProcessResult	48286.133	35303.320
fi_sta.FiStaCompany	42052.945	37155.328
fi_sta.FiStaCompanyCeo	42834.102	36774.180
fi_sta.FiStaCompanySearchResult	43691.363	36467.562
fi_sta.FiStaContractDocument	54907.205	36937.753
fi_sta.FiStaManagement	42045.258	36708.895
fi_sta.FiStaModusignDocument	77880.727	199.916
fi_sta.FiStaParticipant	51372.857	38289.651
fi_sta.FiStaStockTransferAgreementDocument	54436.181	36643.370
fi_sta.FiStaStockTransferNoticePoaDocument	50336.361	37749.413
fi_sta.FiStaStockUnissuedConfirmationDocument	76910.047	-1202.570
fi_sta.FiStaStockUnissuedConfirmationPoaDocument	50974.978	37477.827
fi_sta.FiStaTransferStock	59882.564	36772.437
fi_sta.FiStaUser	41651.691	37311.742
open_ai.OpenAiLog	78631.414	1377.693
vcm.VcmAlimtalkActivity	50794.516	35370.453
vcm.VcmAlimtalkActivityRecipient	50997.676	35470.453
vcm.VcmAlimtalkActivityRecipientStatusHistory	51712.074	35111.305
vcm.VcmBlindFundProposal	76700.781	-693.062
vcm.VcmCompany	18599.934	32201.163
vcm.VcmCompanyBusinessRegistrationCertificate	17433.907	32539.104
vcm.VcmCompanyUserInvitation	21044.163	33647.854
vcm.VcmCompanyUserInvitationInvitee	29025.540	34926.557
vcm.VcmCompanyUserRelation	22528.305	34560.328
vcm.VcmCompanyUserRole	20418.719	32631.335
vcm.VcmDocRequestEmailTemplate	13639.928	33017.228
vcm.VcmEmailActivity	60082.148	34413.289
vcm.VcmEmailActivityRecipient	59726.430	34920.109
vcm.VcmEmailActivityRecipientStatusHistory	59157.926	34600.027
vcm.VcmFund	15112.164	36171.734
vcm.VcmFundContact	14489.361	36137.371
vcm.VcmFundDocRequest	18705.887	38521.711
vcm.VcmFundDocRequestAttachment	17486.594	37929.781
vcm.VcmFundDocRequestEmail	19624.094	37452.211
vcm.VcmFundDocRequestItem	18465.535	38621.711
vcm.VcmFundDocRequestItemSubmission	17738.756	38602.711
vcm.VcmFundDocRequestReceiver	18252.365	37477.312
vcm.VcmFundDocRequestSettings	19327.482	38694.297
vcm.VcmFundInvestmentCondition	13868.936	35579.719
vcm.VcmFundInvitation	13580.936	35598.008
vcm.VcmFundPartner	11342.111	36497.992
vcm.VcmFundPartnerInvestment	12614.490	36068.812
vcm.VcmFundPfcExit	16486.127	35864.773
vcm.VcmFundPfcInvestment	15161.689	35794.898
vcm.VcmFundProposal	12882.609	37375.305
vcm.VcmFundProposalAnchor	11002.312	38094.805
vcm.VcmFundProposalAttachment	15019.990	38000.523
vcm.VcmFundProposalClosing	7428.985	35601.846
vcm.VcmFundProposalContact	12403.357	37578.523
vcm.VcmInvestor	13094.982	31509.689
vcm.VcmInvestorGp	13979.553	36338.195
vcm.VcmInvestorGpKeyPerson	14440.451	37472.969
vcm.VcmInvestorGpTrackRecord	14367.559	37661.277
vcm.VcmInvestorLp	13728.532	35062.225
vcm.VcmInvestorRegisterRequest	15574.541	33750.609
vcm.VcmInvestorRegisterRequestApproval	14160.912	32659.000
vcm.VcmInvestorRegisterRequestAttachment	13825.035	32325.719
vcm.VcmInvestorUserInvitation	14250.301	30999.400
vcm.VcmInvestorUserInvitationInvitee	14556.879	31813.275
vcm.VcmInvestorUserRelation	19114.393	33686.793
vcm.VcmInvestorUserRole	11984.627	29416.068
vcm.VcmPfc	20080.600	35418.078
vcm.VcmPfcBusinessStatus	18563.031	36197.648
vcm.VcmPfcDocRequest	20035.707	35120.594
vcm.VcmPfcDocRequestAttachment	20293.785	34347.152
vcm.VcmPfcDocRequestEmail	26641.387	34921.000
vcm.VcmPfcDocRequestItem	21871.199	35905.484
vcm.VcmPfcDocRequestItemSubmission	26395.348	36042.477
vcm.VcmPfcDocRequestReceiver	26823.794	38911.071
vcm.VcmPfcDocRequestSettings	21972.922	35227.320
vcm.VcmPfcFinancialStatement	20517.629	36389.004
vcm.VcmPfcInvitation	21361.703	36606.203
vcm.VcmPfcInvitationInvitee	24557.840	37803.520
vcm.VcmPfcShareholderRegister	19299.424	37404.922
vcm.VcmPfcValuation	22170.801	36801.699
vcm.VcmProjectFundProposal	61509.961	33951.422
vcm.VcmProjectFundProposalInvestmentTarget	61735.289	34051.422
vcm.VcmSession	18038.740	34042.727
vcm.VcmUser	17975.361	33828.387
vcm.VcmUserMarketingStatus	16500.623	32826.566
vertex_ai.VertexAiPredictionRequest	63597.781	35361.141
vertex_ai.VertexAiPredictionResult	62876.637	35447.496
