db.Address	22717.75	18943.25
db.AgendaAuthorizedSharesChange	17356.62	21730.11
db.AgendaBonusIssue	17946.521506254	19882.960055916
db.AgendaBonusIssueNewIssueBalanceCertificateFile	19161.49	18695.47
db.AgendaBonusIssueNewIssueMinutesFile	18683.35	17557.1
db.AgendaBonusIssueSharesToIssue	17202.237358708	18802.852165258
db.AgendaBorrowCapital	17714.32	20702.93
db.AgendaBranchChange	18375.98	20103.72
db.AgendaCashDividends	16749.63	20560.46
db.AgendaCeoAddressChange	14575.45	21811.86
db.AgendaCeoAddressChangeItem	13301.38	21800.87
db.AgendaChangeOfAoiClassStock	19150.45	20298.09
db.AgendaChangeOfAoiCustom	19577.84	20281.27
db.AgendaChangeOfAoiDirectorCompensationRule	19718.4	20700.76
db.AgendaChangeOfAoiNumberOfDirectors	19651.32	20556.19
db.AgendaChangeOfAoiThirdPartyAllocation	19135.16	20808.56
db.AgendaChangeOfArticlesOfIncorporation	19177.78	20556.81
db.AgendaCoCeoSystemChange	14607.59	22457.95
db.AgendaCompanyNameChange	19039.14	22959.63
db.AgendaCustom	14924.59	22457.95
db.AgendaDirectorChange	15128.62	22074.57
db.AgendaDirectorCompensation	16523.71	21544.51
db.AgendaDirectorCompensationItem	15820.93	21810.17
db.AgendaDirectorCompensationRule	19397.64	22959.63
db.AgendaFinancialStatements	18262.521506254	19882.960055916
db.AgendaHeadOfficeRelocation	18706.398066951	21682.462298289
db.AgendaHeadOfficeRelocationAoiChange	19039.14	23075.63
db.AgendaMethodOfGivingPublicNoticeChange	17483.59	20074.64
db.AgendaNewIssue	17056.031493783	22262.515345493
db.AgendaNewIssueItem	19003.84	25341.72
db.AgendaNewIssueItemFromConversion	19406.98	25804.38
db.AgendaNewIssueItemFromPayment	18923.16	25592.39
db.AgendaNewIssueItemInstitutionMember	20794.38	25984.16
db.AgendaNewIssueItemInstitutionMemberCeo	19836.78	25530.31
db.AgendaNewIssueItemShareClass	19012.81	25068.88
db.AgendaNewIssueItemShareholder	19640.76	24932.16
db.AgendaNewIssueNewShareClass	17461.42	22408.51
db.AgendaNewOptionsRule	19397.64	23075.63
db.AgendaNewOrChangeRsuRule	19039.14	23195.63
db.AgendaOptionCancel	16146.243975703	20928.425058033
db.AgendaOptionCancelGrantee	15836.918110375	20915.042989827
db.AgendaOptionCancelOption	15831.61	21057.56
db.AgendaOptionExercise	14575.45	21943.86
db.AgendaOptionExerciseClaim	14580.38	20816.07
db.AgendaOptionExerciseGrantee	15385.84	21487.75
db.AgendaOptionExerciseGranteeOption	15389.83	21668.81
db.AgendaOptionGrant	16602.93	19637.56
db.AgendaOptionGrantGrantee	15879.622746179	19166.040272212
db.AgendaPurposeChange	19397.64	23195.63
db.AgendaPurposeChangeItem	18103.29	24514.88
db.AgendaRsuGrant	14607.59	22585.95
db.AgendaRsuGrantGrantee	15659.423479343	15107.943419839
db.AgendaShareholdersMeetingConvocation	16845.58	21267.53
db.AgendaSubsidiaryEstablishment	14924.59	22585.95
db.AgendaTemplate	22612.49	8755.01
db.AiAnalysisFeedback	12543.59	10364.16
db.AiPayrollLedger	7767.57	5375.72
db.AlimtalkActivity	31448.88	14107.82
db.AlimtalkActivityRecipient	30722.53	14372.59
db.AlimtalkActivityRecipientStatusHistory	30670.98	14499.19
db.AllocatedSeat	11567.96	14731.81
db.Announcement	20783.21	12178.13
db.AnnualSalary	12703.21	14970.31
db.AppCard	20802.78	13617.06
db.AppointedDirectorCertificateOfSealDocument	18488.45	26370.57
db.AppointedDirectorResidentRegistrationDocument	18940.45	26370.57
db.Article	20162.996954847	19662.964919658
db.ArticlePublishHistory	20285.93	19791.05
db.ArticlesOfIncorporation	17775.1	15362.01
db.ArticlesOfIncorporationAfterChangeDocument	19392.45	26370.57
db.ArticlesOfIncorporationAnalyzationRequest	15026.5	7845
db.ArticlesOfIncorporationAnalyzationResult	13140.72	7982.2
db.ArticlesOfIncorporationBeforeChangeDocument	19844.45	26370.57
db.ArticlesOfIncorporationDocument	18488.45	26486.57
db.AuditLog	18022.55	7182.81
db.AuditReportDocument	18940.45	26486.57
db.AvailableModusignRequest	21338	20617
db.BalanceCertificateDocument	18081.35	23833.73
db.BaseModusignDocumentUsageHistory	23373.69	14176.45
db.Basket	22161.45	13560.75
db.BeforeunloadPdfEvent	29199.11	11145.08
db.BigNumberValueWithVisibility	32625.926580161	5894.261520657
db.BonusIssueEvent	7167.83	34804.74
db.BranchAbolitionEvent	17363.147558506	17707.852134893
db.BranchChangeEvent	18957.23	17989.67
db.BranchInstallationEvent	18862.87	18271.72
db.BulkEmail	15262.907174418	17250.960693038
db.BulkEmailCommonAttachment	19329.66	18179.11
db.BulkEmailRecipient	19641	18795.57
db.BulkEmailRecipientAttachment	19124.73	18918.54
db.BulkEmailTemplate	19244.55	15138.34
db.BulkEmailTemplateRevision	17808.37	16517.26
db.BusinessPlan	15463.23	11938.94
db.BusinessPlanAiAnalysis	14071.11	11126.46
db.BusinessPlanAiAnalysisItem	12954.28	10580.6
db.BusinessPlanAiAnalysisItemImprovement	12834.11	10244.67
db.BusinessPlanAiReview	15396.4	11794.84
db.BusinessRegistrationCertificate	22944.99	8755.01
db.CalendarEvent	7163.4	34684.38
db.CapitalChangeEvent	16515.6	13107.18
db.CapitalReductionEvent	7135.11	34555.66
db.CaptableAfterNewIssueDocument	19392.45	26486.57
db.CaptableAtRecordDateDocument	19844.45	26486.57
db.CaptableBeforeNewIssueDocument	18488.45	26602.57
db.CaptableRequest	18270.53	15374.32
db.CashIncentive	13276.21	13891.49
db.CashIncentiveCategory	14765.37	13320.55
db.CashIncentiveItem	12870.05	13939.26
db.CashPayment	22019.82	14115.5
db.CeoAddressChangeEvent	16149.40265607	15831.567831652
db.CeoConfirmationDocument	18940.45	26602.57
db.CeoTypeChangedCeoResidentRegistrationDocument	19392.45	26602.57
db.CertificateOfCorporateSealDocument	19844.45	26602.57
db.CertificateOfSealNotarizationPoaDocument	18488.45	26718.57
db.Charge	20167.93	13642.87
db.CmeBulkEmail	17875.74	16648.45
db.CmeBulkEmailRecipient	17592.953160323	16846.396374648
db.CmeBulkEmailTemplate	19881.55	15108.73
db.CmeCompany	19211.85	14093.99
db.CmeCompanyContact	19671.73	14185.17
db.CmeCompanyContactNotificationSettings	19641.73	14068.49
db.CmeCompanyDirectorTermManagement	19643.61	13922.59
db.CmeCompanyNote	19217.46	13861.34
db.CmeCompanyRegistration	20192.56	14776.89
db.CmeCompanyRegistrationFile	20344.51	14896.91
db.CmeContact	20333.48	14648.87
db.CmeMemberRelation	20311.04	14317.86
db.CoCeoSystemChangeEvent	16809.6	13107.18
db.CommonAddress	7162.66	34434.8
db.Company	16964.620850106	12466.51017772
db.CompanyAddressChangeEvent	18957.23	18109.67
db.CompanyAppointedTransferAgentChange	23344.49	8755.01
db.CompanyAuthorizedSharesChange	23762.49	8755.01
db.CompanyBenefit	22612.49	8871.01
db.CompanyBulkEmailTemplate	18803.7	15212.55
db.CompanyCreateAssignmentReadiness	22944.99	8871.01
db.CompanyCreateProgress	22367.748671968	16737.871328032
db.CompanyCreateRequest	22025.48	16719.79
db.CompanyDepartment	12585.8	14121.79
db.CompanyDepartmentCode	12531.85	13899.94
db.CompanyDocumentDelivery	18447.24	12616.47
db.CompanyEndorsement	23000.19	6426.96
db.CompanyEndorsementFeed	24716.08	5475.42
db.CompanyExpertClientRelation	20791.99	14512.7
db.CompanyFeed	26306.85	4405.76
db.CompanyFeedAccessLog	34884.82	3990.53
db.CompanyFeedRating	26880.14	3645.53
db.CompanyGuideState	23344.49	8871.01
db.CompanyInvestmentContractInfo	23762.49	8871.01
db.CompanyInvestorInterest	27291.87	8360.52
db.CompanyInvitation	22612.49	8987.01
db.CompanyIrClosingFeed	26362.61	6266.24
db.CompanyIrNewCommitFeed	26777.59	6125.31
db.CompanyIrOpenFeed	26907.1	5601.31
db.CompanyIrSetting	22944.99	8987.01
db.CompanyLegalPartnerRelation	21488.1	14425.89
db.CompanyManagementAssignment	23344.49	8987.01
db.CompanyManagingEntity	19923.58	14483.89
db.CompanyMethodOfGivingPublicNoticeChange	17569.59	14602.17
db.CompanyMnaSetting	23762.49	8987.01
db.CompanyNameChange	22612.49	9103.01
db.CompanyNews	18490.33	8405.56
db.CompanyNewsFeed	18915.34	8653.21
db.CompanyNewsLink	18811.79	7730.92
db.CompanyNotificationSetting	16325.93	11622.47
db.CompanyNotificationTrigger	15950.65	10998.81
db.CompanyOptionRule	22944.99	9103.01
db.CompanyOverview	23344.49	9103.01
db.CompanyOwnerAddRequest	23762.49	9103.01
db.CompanyOwnerAuditLog	11697.63	8100.59
db.CompanyOwnerAuditLogOwnerRoleRelation	12444.723217603	9341.291505733
db.CompanyOwnerNotificationTrigger	15871.68	11208.54
db.CompanyParValueChange	17623.448150986	15073.075677652
db.CompanyPaymentLink	21773.93	12228.61
db.CompanyPolicyFile	22612.49	9219.01
db.CompanyProfileAccessLog	27291.87	8476.52
db.CompanyPromotionInfo	16272.27	8642.24
db.CompanyPromotionPrizeType	16626.76	8133.07
db.CompanyPromotionWinLog	15389	7845
db.CompanyPurposeChange	17542.96	14165.2
db.CompanyPurposeChangeItem	17731.21	14436.58
db.CompanyQuestionThread	19088.16	14299.59
db.CompanyRegistrationAssignment	22944.99	9219.01
db.CompanyRegistrationAssignmentLog	23344.49	9219.01
db.CompanyRegistrationStaffStatus	7149.88	34307.56
db.CompanyRsuRule	17623.448150986	15189.075677652
db.CompanyStockTransferRestrictedChange	23762.49	9219.01
db.CompanyStockValue	22612.49	9335.01
db.CompanyTag	22944.99	9335.01
db.CompanyTanTableView	15026.5	7965
db.CompanyTodo	23344.49	9335.01
db.CompanyUpdateRequest	18225.227253821	13759.860272212
db.CompanyUserRelation	10987.37	12401.54
db.CompanyUserRelationOwnerRoleRelation	11734.54	11551.14
db.ConsentForm	24988.066082629	37435.973679354
db.ConsentFormItem	22859.268082336	26830.930331145
db.ConsentFormModusignDocument	23369.66	26461.54
db.ConsentFormModusignEmbeddedDraft	21679.57	23051.5
db.ConsentFormOptionItem	22328.65	24260.48
db.CorporateRegistration	18979.78	15611.65
db.CorporateRegistrationChangeConfirmation	18709.22	14244.09
db.CorporateRegistrationChangeDetection	18323.93	14464.86
db.CorporateRegistrationChangeDetectionParseResult	18524.52	14128.07
db.CorporateRegistrationDocument	18940.45	26718.57
db.CorporateRegistrationExtractionLog	20274.53	16083.65
db.CorporateRegistrationIssueCoupon	18757.32	13790.13
db.CorporateRegistrationIssueCouponIssueLog	19156.9	13745.32
db.CorporateRegistrationIssueCouponUseRequest	19247.55	14651
db.CorporateRegistrationIssueCouponUseResult	19360.391617413	15575.019756352
db.CorporateRegistrationIssueLog	20492.78	15955.63
db.CorporateRegistrationIssueMaintenance	29610.82	15835.91
db.CorporateRegistrationIssueRequest	19124.22	12527.52
db.CorporateRegistrationPaidIssue	19281.093212432	16013.1119007
db.CorporationPostRegistrationEmail	15075.84	7688.39
db.CorporationPostRegistrationScheduledEmail	16409.87	7738.22
db.CorporationPostRegistrationScheduledEmailPeriodicTaskRelation	16042.12	7589.57
db.Credit	20415.86	13847.66
db.CreditCard	22946.843356185	13388.624991784
db.CreditUse	21268.48	13737.04
db.CsAgentResponse	23609.51	11394.14
db.CsAgentResponseFeedBack	24034.39	11316.15
db.CustomOptionGrantContractTemplate	19901.85	16131.55
db.CustomOptionGrantContractTemplateRevision	20695.57	16199.67
db.DailyNewspaper	17819.68	15633.59
db.DataPortalAddressInformationCache	7195.89	34157.17
db.DebtConfirmationAndOffsetContractDocument	18091.1	25289.12
db.DemoCompanyCreationLog	7179.64	33980.69
db.Department	16305.26	32282.98
db.DepartmentStaffUserRelation	18451.43	31787.82
db.Director	17407.59	16462.95
db.DirectorAppointmentEvent	16493.40265607	15831.567831652
db.DirectorCompensationDecisionEvent	16149.40265607	15951.567831652
db.DirectorCompensationLimitEvent	16493.40265607	15951.567831652
db.DirectorDecisionDocument	19392.45	26718.57
db.DirectorResidentRegistrationWithAddressChangeHistoryDocument	19844.45	26718.57
db.DirectorTermEndEvent	16149.40265607	16071.567831652
db.DirectorVote	16171.912746179	20640.059727788
db.DirectorVotingRightsPerAgenda	16171.912746179	20756.059727788
db.DirectorsMeeting	16454.81	20338.12
db.DirectorsMeetingAgenda	16468.53	21010.8
db.DirectorsMeetingDirectorAttendance	16004.21	20440.94
db.DirectorsMeetingMinutesDocument	18488.45	26834.57
db.DirectorsMeetingNoticeDocument	18940.45	26834.57
db.DirectorsMeetingNoticeEmail	16657.92	19160.35
db.DirectorsMeetingNoticeEmailRecipient	16525.72	20036.46
db.DirectorsMeetingSkipNoticeDocument	19392.45	26834.57
db.DivaFund	7162.66	33836.7
db.DocumentDelivery	19550.77	12647.54
db.DocumentDeliveryQuestionThreadRelation	20045.63	12629.46
db.DocumentLoadedPdfEvent	29657.4	11231.67
db.DocumentParseResult	19942.97	16846.72
db.DormantConversionNotifiedActivity	7154.31	33709.46
db.DormantUser	3946.99	31198.77
db.DormantUserEmail	5161.68	30147.37
db.DormantUserPhone	4538.15	29583.53
db.DormantUserReactivationToken	5308.02	30280.38
db.ESOP	12240.81	16517.8
db.ESOPParticipant	12090.21	15995.01
db.EditableCompanyOwnerAuditLog	23762.49	9335.01
db.ElectronicCertificate	17233.68	14353.24
db.ElectronicCertificateApplicationFormDocument	19844.45	26834.57
db.ElectronicCertificateCaseReportDocument	18488.45	26950.57
db.ElectronicCertificateFileDownloadHistory	18573.2	17279.74
db.ElectronicCertificateFileUploadRequest	18415.37	17047.04
db.ElectronicCertificateFileUploaded	18556.76	17163.06
db.ElectronicCertificateReturnRequest	24030.39	19932.85
db.Email	23021.5	4516.93
db.EmailActivity	23851.4	25675.19
db.EmailActivityRecipient	23682.45	23105.19
db.EmailActivityRecipientStatusHistory	24066	24627.59
db.EmailVerification	23586.08	4816
db.Employee	11642.96	15045.87
db.EmployeeDepartmentCodeRelation	12223.84	14050.61
db.EmployeeGroup	13816.196232947	13846.100169981
db.EmployeeNumber	13816.196232947	13962.100169981
db.EmployeeOption	12921.53	12800.87
db.EmployeeOptionExerciseCandidate	13408.52	13138.62
db.EmployeeOptionExerciseCandidateFile	13393.87	12842.89
db.EmployeeOptionExerciseClaim	14717.09	13040.38
db.EmployeeOptionExerciseClaimOption	13913.37	12780.28
db.EmployeeOptionExerciseEvent	17122.1	13107.18
db.EmployeeOptionExerciseManagement	15146.968254266	13159.435020511
db.EmployeeOptionExerciseManagementEmail	15029.33	15216.63
db.EmployeeOptionGrantee	12130.11	13844.67
db.EmployeeOptionVesting	12143.69	13028.89
db.EmployeeOptionVestingItem	12076.44	13249.55
db.EmployeeOptionVestingTraceable	12912.4	13166.51
db.EmployeeStock	12187.3	15870.99
db.EmployeeStockDepositEvent	7184.07	33550.21
db.EmployeeStockGuide	12638.99	16354.59
db.EmployeeStockGuideAudience	12533.82	15881
db.EmployeeStockGuideEmail	14101.01	17023.69
db.EmployeeStockTag	12414.26	16001.02
db.EmployeeStockTagCategory	12314.95	16121.04
db.EmployeeStockWithdrawEvent	7185.55	33397.36
db.EmployeeStockWithdrawRequest	12850.804484108	16681.503438782
db.EmploymentCertificateDocumentRequest	14894.24	13605.77
db.EmploymentStatusHistory	12727.59	14643.4
db.Event	16672.37000001	16892.340351174
db.EventAttachment	17135.09	16904.39
db.ExpertClient	20929.712020254	14682.447979746
db.ExpertClientIncorporationSupport	20731.5	14861
db.ExpertClientSignupChannel	22768.51	14904.06
db.ExpertClientTaxServiceSettings	20972.83	14997.31
db.ExpressDelivery1	5534.54107754	9959.634046604
db.ExternalStockInfo	22612.49	9451.01
db.FABContent	21190.3	17907.57
db.Faq	7162.66	33241.56
db.FaqLink	7121.09	33114.32
db.FeeReceiptDocument	18940.45	26950.57
db.Feed	26087.78	6785.96
db.FileAttachment	20238.874845729	18486.969478859
db.FileValueWithVisibility	32958.426580161	5894.261520657
db.FinanceAndInsurance	7141.92	32989.7
db.FinancialAccount	13711.88	16895.15
db.FinancialInstitution	13719.99	16615.45
db.FinancialStatementsDocument	19392.45	26950.57
db.FinancialStatementsForNewIssueFromConversionDocument	18516.85	23833.73
db.Fund	30128.95	13776.22
db.FundPartner	31339.19	13687.25
db.FundingNewsDistributionServiceRequest	18764.06	15087.5
db.HelpTemplate	11507.99	9117.21
db.HoldingCompany	19969.31	14339.87
db.Holiday	7121.09	32872.12
db.Hrm	5357.4	16115.84
db.HrmAlpConfig	4023.43	15834.72
db.HrmAlpConfigIndivApprovalTemplateRel	4380.02	15581.32
db.HrmAlpExcludedEmp	9665.49	17954.16
db.HrmAlpLaborReceiptRefusal	9213.22	18871.94
db.HrmAlpTarget	9248.01	18557.08
db.HrmAlpUsageDesignation	9642.55	18640.17
db.HrmAlpUsageDesignationDate	9994.44	18457.34
db.HrmAlpUsagePlan	9352.81	18365.12
db.HrmAlpUsagePlanDate	9803.67	18182.06
db.HrmAnnualLeave	8333.83	21726.28
db.HrmAnnualLeaveAdjustment	9456.47	18070.18
db.HrmAnnualLeaveConfigBase	8320.38	22564.42
db.HrmAnnualLeaveFiscalBasedConfig	8547.13	24986.68
db.HrmAnnualLeaveHireBasedConfig	8255.75	24174.47
db.HrmApprovable	7570.63	17834.37
db.HrmApproval	8052.35	18110.33
db.HrmApprovalLine	8159.17	18238.35
db.HrmApprovalReview	7794.87	18308.91
db.HrmApprovalTemplate	6641.58	17711.82
db.HrmApprovalTemplateLine	7406.68	18355.46
db.HrmApprovalTemplateReview	7108.43	18320.51
db.HrmApprover	7560.7	18538.38
db.HrmAttendance	8020.69	17800.74
db.HrmAttendanceItem	9366.11	17671.85
db.HrmCertificateConfig	4829.95	16180.39
db.HrmCertificateConfigIndividualApprovalTemplateRelation	4304.2	16651.59
db.HrmCertificateIssue	9745.42	16292.63
db.HrmCommonLocation	9151.15	15603.98
db.HrmCompensatoryLeave	6929.41	20714.13
db.HrmConciergeRequest	22944.99	9451.01
db.HrmCustomLeave	7293.41	20714.13
db.HrmDailyLeaveUsageItem	9394.04	20678.31
db.HrmDept	5655.78	17994.13
db.HrmDeptAbolishedEvent	5633.88	22551.08
db.HrmDeptCreatedEvent	5500.71	20697.4
db.HrmDeptEventBase	4809.68	20324.23
db.HrmDeptName	4699.12	19566.86
db.HrmDeptNameChangedEvent	4869.6	19780.27
db.HrmDeptNameEventBase	4557.46	20082.4
db.HrmDeptParent	5311.75	19562.19
db.HrmDeptParentChangedEvent	4941.62	19978.13
db.HrmDeptParentEventBase	5458.53	20003.9
db.HrmDeptReorg	4869.95	15344.55
db.HrmDeptStatus	5743.12	19783.4
db.HrmDeptStatusEventBase	5582.63	21367.54
db.HrmDocument	6101.7	16682.6
db.HrmDocumentDraft	6126.74	13637.42
db.HrmDocumentDraftFieldAttachment	6082.99	11351.31
db.HrmDocumentDraftFieldMultiSelectValue	5137.93	13314.11
db.HrmDocumentDraftFieldValue	5292.58	12934.69
db.HrmDocumentFieldAttachment	5211.73	14253.55
db.HrmDocumentFieldMultiSelectValue	5429.79	13835.64
db.HrmDocumentFieldValue	5579.32	14171.53
db.HrmDocumentForm	5618.96	14472.66
db.HrmDocumentFormFieldDefinition	3963.67	13982.59
db.HrmDocumentFormFieldSelectOption	4917.52	13501.49
db.HrmDocumentFormIndividualApprovalTemplateRelation	5034.24	14709.91
db.HrmEmp	8880.82	18104.71
db.HrmEmpAbsenceEvent	8969.1	15720
db.HrmEmpAffiliation	7262.04	17755.43
db.HrmEmpAffiliationChangedEvent	7733.13	16850.76
db.HrmEmpAffiliationDept	6879.39	17449.99
db.HrmEmpAffiliationEventBase	7927.26	16966.78
db.HrmEmpContract	8795.98	32116.24
db.HrmEmpContractCommonVar	5178.45	15344.55
db.HrmEmpContractMgmt	6569.41	23283.26
db.HrmEmpContractModusignDocument	25842	37897
db.HrmEmpContractTemplate	4197.48	19774.27
db.HrmEmpContractTemplateRevision	4990.63	22331
db.HrmEmpContractTemplateRevisionSigner	4355.39	22860.82
db.HrmEmpDepartedEvent	9753.83	15860.77
db.HrmEmpEmploymentType	8160.41	17424.05
db.HrmEmpEmploymentTypeChangedEvent	8936.23	17033.75
db.HrmEmpEmploymentTypeEventBase	8403.06	17286.26
db.HrmEmpEventBase	8472.94	17060.61
db.HrmEmpJob	7385.29	16714.37
db.HrmEmpJobChangedEvent	8121.74	16274.1
db.HrmEmpJobEventBase	8082.14	16542.21
db.HrmEmpJobLevel	6652.3	16481.21
db.HrmEmpJobPosition	6944.3	16481.21
db.HrmEmpJobRole	6652.3	16597.21
db.HrmEmpJobTitle	6944.3	16597.21
db.HrmEmpJoinedEvent	9166.95	16491.04
db.HrmEmpMov	4869.95	15460.55
db.HrmEmpReturnToWorkEvent	9280.1	15720
db.HrmEmpSalaryAccount	13111.28	16148.19
db.HrmEmpStatus	9745.42	16412.63
db.HrmEmpStatusEventBase	9389.9	15900.4
db.HrmEmpUserInvitation	7204.33	17885.11
db.HrmEmpUserInvitationInvitee	7438.11	18198.48
db.HrmEmpWorkAssignment	7931.04	18855.64
db.HrmEmpWorkLocationAssignment	8507.12	16180.72
db.HrmEmpWorkLocationConfig	8451.81	16668.44
db.HrmFamilyCareLeave	6929.41	20830.13
db.HrmFixedWork	6939.15	18757.21
db.HrmFixedWorkSchedule	7017.03	18641.19
db.HrmGoogleCalendarIntegration	5178.45	15460.55
db.HrmGrantableLeave	8109.61	20206.05
db.HrmInfertilityTreatmentLeave	7293.41	20830.13
db.HrmLeaveBase	7890.84	20964.87
db.HrmLeaveCommonConfig	6929.41	20946.13
db.HrmLeaveGrant	8379.62	19224.45
db.HrmLeaveIndividualApprovalTemplateRelation	7293.41	20946.13
db.HrmLeaveUsage	10386.84	18426.57
db.HrmLeaveUsageAttachment	10623.74	19369.28
db.HrmLeaveUsageItem	9011.79	19099.94
db.HrmMaternityLeave	6929.41	21062.13
db.HrmMenstrualLeave	7293.41	21062.13
db.HrmMiscarriageLeave	6929.41	21178.13
db.HrmOngoingAttendance	10019.91	17381.6
db.HrmOngoingAttendanceClockedSchedule	10491.01	17107.97
db.HrmPaternityLeave	7293.41	21178.13
db.HrmPersonalLocation	9936.97	16816.49
db.HrmRequestor	6364.42	19182.04
db.HrmReserveTrainingLeave	6929.41	21294.13
db.HrmSigner	4869.95	15576.55
db.HrmStaffNote	5178.45	15576.55
db.HrmStaggeredWork	6108.26	19544.01
db.HrmStaggeredWorkSchedule	6605.27	20462.06
db.HrmStandardWork	4885.05	16922.18
db.HrmStandardWorkSchedule	4527.18	17686.62
db.HrmTag	4869.95	15692.55
db.HrmWorkAutoClockOutConfig	6389.95	18943.66
db.HrmWorkBase	6887.88	18955.18
db.HrmWorkIndividualApprovalTemplateRelation	7693.88	19518.45
db.HrmWorkLocation	8147.08	15264.08
db.HrmWorkLocationGpsConfig	9901.99	15574.82
db.HrmWorkOvertime	6457.42	18827.64
db.IBKSignupChannel	24068.27	14604.08
db.IBKUser	24071.44	14364.7
db.IBKUserLoginToken	24014.83	14480.72
db.IaAccountInfo	29993.01	18227.68
db.IaCertificateOfInvestmentDocument	31780.75	18555.43
db.IaCertificateOfInvestmentDocumentEmail	3816.94	20184.16
db.IaCertificateOfInvestmentDocumentRecipient	3854.85	20032.67
db.IaConfirmationRequest	22077.45	18439.97
db.IaConsentForm	31312.38	18588.48
db.IaConsentFormDocument	32232.75	18555.43
db.IaConsentFormOrMeeting	29226.1	19278.35
db.IaConsentFormOrMeetingDocumentGeneration	29829.74	19199.12
db.IaConsentFormOrMeetingDocumentGenerationItem	30524	19157.59
db.IaConsentFormOrMeetingElectronicSignatureRequest	29024.7	21121.92
db.IaConsentFormOrMeetingElectronicSignatureRequestModusignDocument	25717.93	21111.23
db.IaConsentFormOrMeetingElectronicSignatureRequestModusignEmbeddedDraft	26506.91	21406.73
db.IaConsentFormOrMeetingElectronicSignatureRequestStatusHistory	28864.85	21509.29
db.IaConsentFormOrMeetingElectronicSignatureRequestUploadedModusignDocument	26281.34	21176.45
db.IaConsentFormOrMeetingElectronicSignatureRequiredDocument	29530.83	19942.96
db.IaConsentFormOrMeetingEsigRequiredDocumentPageRange	30337.15	19390.67
db.IaConsentFormOrMeetingGuideEmail	29692.64	18886.28
db.IaConsentFormOrMeetingGuideEmailRecipient	29657.51	18673.1
db.IaDocumentArchive	28774.61	15001.08
db.IaDocumentArchiveAttachment	28426.5	15136
db.IaExpertPartnerBulkEmailTemplate	20643.42	15374.1
db.IaExplanationFormForElectronicSignatureDocument	31696.33	19564.39
db.IaFoundingMeetingEvent	7147.82	32747.5
db.IaFoundingProgressStatus	28430.45	17626.15
db.IaGpAppointmentEvent	30909.61	17889.56
db.IaGpTerminationEvent	31146.78	18195.32
db.IaInvestmentCertificateRegistrationRequest	33729.08	19822
db.IaLegalPartnerRelation	24718.48	15428.57
db.IaMeeting	29967.51	21021.99
db.IaMeetingAgenda	30884	20525.87
db.IaMeetingAgendaCustom	31177.43	20864.77
db.IaMeetingAgendaVote	30676.71	22563.07
db.IaMeetingConvocationNoticeEmail	30544.43	22108.38
db.IaMeetingConvocationNoticeRecipient	30409.36	21245.65
db.IaMeetingMinutesDocument	30581.4	20025.33
db.IaMeetingNoticeDocument	30362.46	19909.31
db.IaMeetingSealedNoticeDocumentFile	28319.26	19736.35
db.IaMeetingShortenPeriodDocument	31780.75	18679.43
db.IaModusignDocumentUsageHistory	24654.23	14387.94
db.IaOperation	30347.7	16418.13
db.IaOperationManagement	30181.81	16636.06
db.IaOwner	30107.05	17399.16
db.IaOwnerAuditLog	23037.68	4868.57
db.IaPartnerDataCollection	24747.96	17737.28
db.IaPartnerDataCollectionItem	23648.49	17908.09
db.IaPartnerDataCollectionItemReply	23648.49	18032.09
db.IaPartnerInvestmentConfirmation	30728.41	17093.86
db.IaPartnerInvestmentConfirmationEmail	13986.72	5764.04
db.IaPartnerInvestmentConfirmationEmailRecipient	14127.44	5647.64
db.IaPartnerListDocument	31067.72	18974.82
db.IaPaymentLink	25308.05	13448.81
db.IaPfCompany	27598.86	17233.17
db.IaPfCompanyInvestment	28100.73	21953.43
db.IaPfCompanyInvestmentSalesIntent	29769.96	22189.75
db.IaPfCompanyInvestmentStock	27643.47	22247
db.IaQuestionThread	21453.29	13250.68
db.IaRule	25046.92	19245.02
db.IaRuleCompensation	25679.29	19458.71
db.IaRuleDocument	28466.28	19322.21
db.IaRuleInvestment	25832.45	18820.87
db.IaRuleMeeting	24607.41	19613.9
db.IaRulePartner	25245.45	19485.06
db.IaSealStamp	22077.45	18567.97
db.IaSealStampImage	21233.88	18549.04
db.IaShareTransferEvent	7135.11	32618.11
db.IaUserInvitation	29800.2	16816.58
db.IaUserInvitationInvitee	32049.36	16633.8
db.IaWrittenResolutionDocument	32232.75	18679.43
db.ImAcVcBroker	26420.27	12341.62
db.ImAccessLog	27076.428110375	11555.887010173
db.ImAttachment	29192.29	11526.28
db.ImAttachmentDownloadLog	30849.38	12149.07
db.ImAttachmentPdfEvent	30426.79	11701.03
db.ImBroker	28830.52	12200.36
db.ImBrokerAssignment	26488	11693
db.ImBrokerAssignmentInvitedUser	28316.75	11857.56
db.ImConsultingRequest	24789.57	9316.14
db.ImContactRequest	27374.428110375	11555.887010173
db.ImContactRequestIntention	27103.94	11340.17
db.ImDay	29478.4	11017.06
db.ImDayParticipation	29231.13	10762.86
db.ImDayParticipationAttachment	28788.21	10245.21
db.ImDaySurvey	27590.84	10906.16
db.ImDisclosing	26464.22	9750.51
db.ImIndividualGpBroker	28045.48	12412.35
db.ImInvestorBroker	30613.1	12324.45
db.ImInvestorMemo	27076.428110375	11675.887010173
db.ImIrPartnerBroker	27749.2	12080.19
db.ImIrPartnerBrokerOwnerRelation	27367.41	12199.88
db.ImNote	26244.79	10381.95
db.ImPitchingDay	28733.91	10843.68
db.ImPitchingDayParticipation	27677.31	9600.82
db.ImTag	27408.44	10409.09
db.ImWatching	26488	11825
db.ImZuzuBroker	28361.63	12223.3
db.InauguralConsentDocument	13861.64	22478.75
db.IncorporationBenefitRequest	21518.141435623	15917.762982982
db.IncorporationIssueEvent	7179.64	32497.26
db.IncorporationRequest	21116.27	15974.89
db.IncorporationRequestAoiFile	21381.53	15772.19
db.IncorporationRequestAssistance	21518.141435623	16037.762982982
db.IncorporationRequestAssistanceReceipt	21194.68	17084.6
db.IncorporationRequestDirector	21275.242381577	17357.963043966
db.IncorporationRequestPromoter	21275.242381577	17485.963043966
db.IncorporationRequestPromoterInstitutionCeo	22090.39	16508.31
db.IncorporationRequestPurpose	20669.63	16083.65
db.IndividualInvestorCompany	28502.14	25120.96
db.IndividualInvestorCompanyCeo	25140.25	21969.65
db.IndividualInvestorCompanyInfo	24931.414667992	22217.5407649
db.IndividualInvestorCompanyName	30390.79	25146.12
db.IndividualInvestorCompanyParValue	27768.85	25164.29
db.IndividualInvestorCompanyShareClass	28390.8	27250.61
db.IndividualInvestorCompanyShareStock	27990.75	25434.04
db.IndividualInvestorEvent	31923.72	27993.39
db.IndividualInvestorStakeholder	24931.414667992	22341.5407649
db.IndividualInvestorUser	23860.55	20255.26
db.IndividualStakeholder	13120.94	20496.57
db.IndividualStockOption	27127.47	23176.43
db.IndividualStockOptionCancelEvent	32955.97	28689.32
db.IndividualStockOptionCreateRequest	27976.5	23000.27
db.IndividualStockOptionCreateRequestEtcFile	28853.78	22967.72
db.IndividualStockOptionExerciseEvent	33234.13	29754.13
db.IndividualStockOptionGrantContract	26824.3	22849.43
db.IndividualStockOptionGrantEvent	32031.61	26273.48
db.IndividualStockOptionGrantee	26832.78	22100.34
db.IndividualStockOptionPauseEvent	28765.14	27275.26
db.IndividualStockOptionResumeEvent	29346.36	29389.56
db.IndividualStockOptionSalesIntent	29661.25	23097.44
db.IndividualStockOptionVesting	27704.64	23579.36
db.IndividualStockOptionVestingItem	27797.65	23368.21
db.IndividualStockOptionVestingTraceable	27452.57	22803.59
db.IndustrialCode	17834.4	14744.14
db.InputChannel	24549.34	15307.73
db.InputSignupChannel	24103.64	15077.74
db.InstitutionStakeholder	12753.72	21161.17
db.InstitutionStakeholderManager	12733.55	21604.98
db.InternetRegistryOfficeOtp	17657.05	16178.92
db.InternetRegistryOfficeOtpReturnRequest	22062.13	19999.24
db.InvestmentAssociation	27367.380345807	16637.464374259
db.InvestmentAssociationAssociationPartner	31481.77	15894.91
db.InvestmentAssociationAssociationPartnerManager	7195.89	32353.27
db.InvestmentAssociationCorporationPartner	33474.35	15941.35
db.InvestmentAssociationCorporationPartnerManager	7195.89	32176.79
db.InvestmentAssociationDocument	31047.68	19344.62
db.InvestmentAssociationEvent	29308.48	17653.12
db.InvestmentAssociationIndividualPartner	31557.5	17091.57
db.InvestmentAssociationIndividualPartnerLegalRepresentative	32054.52	17033.6
db.InvestmentAssociationOrganizationPartner	32641.31	16835.57
db.InvestmentAssociationOrganizationPartnerCeo	33380.49	16809.03
db.InvestmentAssociationOrganizationPartnerCorporationSigner	33074.26	14883.73
db.InvestmentAssociationOrganizationPartnerCorporationSignerCeo	33233.15	15011.87
db.InvestmentAssociationOrganizationPartnerIndividualSigner	32430.73	14941.9
db.InvestmentAssociationOrganizationPartnerManager	30472.77	15456.46
db.InvestmentAssociationOrganizationPartnerSigner	32579.09	15109.75
db.InvestmentAssociationPartner	33681.98	18266.44
db.InvestmentAssociationPartnerManager	31557.5	17211.57
db.InvestmentAssociationPartnerResume	34785.12	16710.8
db.InvestmentAssociationPartnerResumeItem	34907.06	16347.37
db.InvestmentAssociationPartnerSalesIntent	31927.85	21821.4
db.InvestmentAssociationShare	30107.05	17519.16
db.RtccConsentSummary	15123.14	10716.36
db.InvestmentAgreementDocument	18620.53	15366.32
db.InvestmentContractHolder	13688.966082629	15724.906320646
db.InvestmentRound	16950.85	10321.09
db.InvestmentRoundNewIssueEvent	17146.19	9971.45
db.InvestmentSimulation	16715.26	6866.93
db.InvestmentSimulationInitialOption	13551.69	6647.49
db.InvestmentSimulationInitialOptionGrantee	14124.92	6814.98
db.InvestmentSimulationInitialShareholder	12591.37	5980.35
db.InvestmentSimulationInitialStock	11204.97	3976.06
db.InvestmentSimulationInvestor	18510.54	3949.83
db.InvestmentSimulationNewIssueInvestment	18139.28	5429.95
db.InvestmentSimulationPurchaseInvestment	20717.47	5675.31
db.InvestmentSimulationPurchaseSellStock	20991.82	5196.09
db.InvestmentSimulationRound	15676.21	6376.4
db.InvestorInterest	33679.46	13557.21
db.InvestorMatching	25739.4	10950.81
db.InvestorRelations	27318.95	7584.18
db.InvestorRelationsSurvey	30243.491587028	9970.181619082
db.InvitationSeat	11635.92	13540.94
db.InvitationSeatRequest	12641.99	11284.38
db.IrAiAnalysis	27898.79	7119.64
db.IrAiAnalysisLike	28274.06	6686.17
db.IrAiSummary	28543.38	7416.24
db.IrAlert	30550.491587028	9970.181619082
db.IrAlertInvestorRelations	29790.59	9228.77
db.IrApproval	27401.62	7053.63
db.IrApprovalNotificationDismiss	27489.99	6716.53
db.IrBrokerActivity	27712.25	9113.92
db.IrClosing	29110.73	6706.18
db.IrClosingComplete	28295.55	5148.98
db.IrClosingExpired	29100.55	7265.66
db.IrClosingIncomplete	29963.06	6742.06
db.IrCommittedInvestmentAmount	30243.491587028	10090.181619082
db.IrCompanyCreate	23344.49	9451.01
db.IrConsultingRequest	25434.83	9966.2
db.IrFeed	26645.28	7751.49
db.IrFeedAccessLog	26986.66	7883.03
db.IrFeedRating	26738.8	7551.32
db.IrFundRaising	31312.37	7579.92
db.IrFundRaisingMemo	30634.14	7851.21
db.IrFundRaisingStageLog	30844.61	5254.39
db.IrInsightClub	31188.5	8845.73
db.IrInsightClubParticipation	30606.97	8076.12
db.IrInsightClubParticipationAttendee	30290.98	7719.06
db.IrInsightClubSurvey	30994.12	8153.22
db.IrInvestorFeedback	32652.38	12774.7
db.IrNote	28835.38	7416.24
db.IrSearchMetadata	28543.38	7532.24
db.IrSubscription	15389	7965
db.IrSubscriptionMarketingRequest	14015.56	8026.53
db.IrSyncState	7162.66	32000.32
db.IrTeamMember	28835.38	7532.24
db.IrTranscript	28543.38	7648.24
db.IrosOtpIssueMeetingDocument	11657.38	22934.64
db.Jurisdiction	14983.82	9924
db.LawtalkSignup	18431.82	14786.57
db.LawtalkSignupAttachment	18400.01	14965.08
db.LedgerByCustomerDocument	18081.35	23957.73
db.LegalPartner	21617.74	15029.31
db.LegalPartnerEmail	21838.32	15387.88
db.LegalPartnerPaypleSettings	22204.32	15387.88
db.LegalPartnerRegistrationAssistanceSettings	21838.32	15503.88
db.LegalPartnerSignupChannel	22671.07	14785.26
db.LegalPartnerSlackChannels	22204.32	15503.88
db.LegalPartnerUserRelation	21838.32	15619.88
db.ManualOptionVesting	15911.64	18590.34
db.ManualOptionVestingItem	15768.62	18767.99
db.ManualProduct	22950.61	12128.63
db.Meeting	17884.204211234	17586.51488822
db.MeetingAttachment	18663.21	17684.01
db.MeetingAttorney	18292.64	17401.92
db.MeetingDirectorContact	16822.73	17809.87
db.MeetingDocument	16500.939434559	25839.159885101
db.MeetingDocumentCache	19844.45	26950.57
db.MeetingDocumentGeneration	20300.44	21124.79
db.MeetingDocumentGenerationItem	21221.5	26352.75
db.MeetingDocumentManualModification	18488.45	27066.57
db.MeetingDraft	17296.897566783	20550.337806103
db.MeetingDraftAgendaDirectorChange	16983.7	19677.92
db.MeetingDraftAgendaDirectorCompensation	15035.96	19855.72
db.MeetingDraftAgendaDirectorCompensationItem	14832.7	20069.57
db.MeetingDraftRegistrationAssistance	17396.783811655	21052.499869669
db.MeetingDraftSchedule	16917.16	20341.74
db.MeetingPrice	7121.09	31873.07
db.MembershipContent	4613.96	5047.71
db.MembershipContentAccessLog	4121.48	4508.81
db.MembershipContentAuthor	25213.78	25284
db.MembershipContentAuthorRelation	25392.07	25539.69
db.MiraeassetAccount	10594.41	11946.35
db.Mna	25398.22	10718.8
db.MnaBuyer	15026.5	8081
db.MnaBuyerAttachment	14692.97	9333.65
db.MnaConsultingRequest	24338.44	9357.64
db.ModusignAccount	21437.547687756	20463.373896822
db.ModusignApiKey	21856.61	21059.47
db.ModusignApiLog	21469.87	20029.02
db.ModusignAuthentication	21287.44	20150.44
db.ModusignAuthorizationRequest	7155.21	31748.45
db.ModusignCompanyUserConnection	23762.49	9451.01
db.ModusignDocument	22492.93	20634.46
db.ModusignDocumentActionHistory	22871.68	20499.73
db.ModusignDocumentModusignAccountRelation	21752.02	20299.33
db.ModusignDocumentModusignApiKeyRelation	22034.69	20816.06
db.ModusignDocumentParticipant	22720.4	20180.13
db.ModusignEmbeddedDraft	21956.108438782	21912.749484108
db.ModusignExceededSignings	22612.49	9567.01
db.ModusignIaUserConnection	27755.26	15813.23
db.NaverWorkplaceAuthentication	7187.03	31621.52
db.NaverWorkplaceCompany	24959.45	15063.81
db.NaverWorkplaceEmployee	24731.54	14916.88
db.NcpSignupChannel	24632.85	15032.9
db.NewCeoCertificateOfSealDocument	18940.45	27066.57
db.NewCeoResidentRegistrationDocument	19392.45	27066.57
db.NewIssueEvent	17191.76	9839.83
db.NewIssueNoticeEmail	14097.69	22230.31
db.NewIssueNoticeEmailRecipient	14514.94	21327.75
db.NewIssueSkipNoticeDocument	18516.85	23957.73
db.NewIssueStockAcceptanceDocument	18527.6	25289.12
db.NewIssueStockAllocationDocument	18081.35	24081.73
db.NewIssueStockAllocationRecordDateNoticeDocument	18366.82	24938.96
db.NewIssueStockSubscriptionDocument	18091.1	25405.12
db.NewIssueStockUnissuedConfirmationDocument	18527.6	25405.12
db.NewPartnerInvestmentEvent	7195.89	31462.76
db.NonUnifiedShareCreateRequest	27803.9	28081.38
db.NonUnifiedShareEtcFile	27596.56	27296.33
db.NonUnifiedShareManagement	27990.75	25570.04
db.NonUnifiedShareManagementHistory	27140.29	26770.87
db.NonUnifiedShareManagementSalesIntent	28884.76	24781.1
db.NonUnifiedShareStockUnissuedConfirmationFile	27977.86	29201.25
db.NonUnifiedShareSucPoaDocument	23956.1	21590.76
db.NonUnifiedShareSucPoaModusignDocument	23336.69	21027.3
db.NonUnifiedShareSucRenewRequest	26113.84	25265.38
db.NotarizationPoA	16485.05	22984.93
db.NotarizationPoaDirectorSigner	16293.77	22716.6
db.NotarizationPoaDocument	19844.45	27066.57
db.NotarizationPoaShareholderSigner	17150.69	23046.44
db.Notification	15389	8081
db.NotificationInbox	16217.19	9354.91
db.Option	16858.46	15929.48
db.OptionAdjustment	16515.6	13223.18
db.OptionAttachment	7167.83	31286.29
db.OptionCancelEvent	7170.78	31165.93
db.OptionContractTemplatePermission	22944.99	9567.01
db.OptionExerciseClaim	13654.52	17809.55
db.OptionExerciseClaimAttachment	14664.2	17541.22
db.OptionExerciseClaimCandidate	14137.12	17571.18
db.OptionExerciseClaimDocumentSetting	15016.09	16711.74
db.OptionExerciseClaimEventRelation	13578.5	18279.64
db.OptionExerciseClaimMeetingDocument	14975.83	21480.53
db.OptionExerciseClaimOption	13988.18	17832.4
db.OptionExerciseClaimOptionTaxation	14093.88	17974.62
db.OptionExerciseClaimPayment	13912.1	18137.25
db.OptionExerciseEvent	13576.71	18399.66
db.OptionExerciseManagement	15112.38	16074.59
db.OptionExerciseManagementAttachmentSetting	14597.560272212	17225.752746179
db.OptionExerciseManagementAttachmentSettingItem	14617.45	17403.09
db.OptionExerciseManagementEmail	15357.77	16555.42
db.OptionExerciseManagementReminderSetting	15489.95	15963.3
db.OptionExerciseManagementTaxation	14775.74	16008.11
db.OptionExerciseManagementTaxationDefaultSetting	23344.49	9567.01
db.OptionGrantContract	20404.97	18992.34
db.OptionGrantContractCeo	19668.71	15435.25
db.OptionGrantContractFirstRefusalRightHolder	19708.34	15319.23
db.OptionGrantContractModusignDocument	21064.95	19557.4
db.OptionGrantContractModusignEmbeddedDraft	21280.425464263	20954.706805621
db.OptionGrantContractStakeholder	19542.300332008	15754.390332008
db.OptionGrantContractTemplate	19407.67	16176.84
db.OptionGrantContractTemplateDraft	18482.28	16116.53
db.OptionGrantContractTemplateRevision	20074.52	16714.28
db.OptionGrantEvent	16228.62	18550.5
db.OptionGrantee	15502.93	19170.35
db.OptionManagement	15921.34	19365.87
db.OptionManagementStakeholderSeat	15127.43	19046.75
db.OptionPauseEvent	30047.08	4540.89
db.OptionQuantityTimeSeries	7182.6	31039.66
db.OptionResumeEvent	30211.99	4366.05
db.OptionTag	15624.99	14298.57
db.OptionTagCategory	15706.44	14178.6
db.OptionTaxCalculatorSetting	23762.49	9567.01
db.OptionValueChange	16577.8	10202.69
db.OptionVesting	15943.87	18410.59
db.OptionVestingTraceable	7178.17	30889.77
db.OptionWithdrawEvent	16809.6	13223.18
db.Order	6808.15	8297.35
db.OrderPromotionRelation	7728.84	9627.58
db.OrderStaffInChargeRelation	6653.16	6748.83
db.OrderStatusHistory	5913.29	10003.89
db.OrganizationChart	14248.16	13409.85
db.OtherDocumentArchive	19477.98	16385.89
db.OtherDocumentArchiveAttachment	19914.82	17121.04
db.OwnerPermission	11545.63	10557.96
db.OwnerRole	12366.78	11111.83
db.OwnerRolePermissionRelation	11948.69	10717.02
db.PageNumberUpdatedPdfEvent	30261.2	11514.29
db.PasswordReset	7163.4	30748.74
db.Payment	20551.17	13471.48
db.PaymentLink	23443.072020254	13237.377979746
db.PaymentRefund	20939.74	13351.44
db.PaymentStatusHistory	20818.33	13235.42
db.PaymentStore	22832.72	14248.96
db.PaymentTermPartnerInvestmentEvent	7154.31	30620.02
db.Payroll	8893.173122436	4840.831031783
db.PayrollAnnualSalaryInfo	11234.5	14655.35
db.PayrollAnnualSalaryItem	10922.347834742	13931.792641292
db.PayrollDocumentSealStampSetting	16894.99	15701.91
db.PayrollEmployeeMonthlyWage	8505.75	18564.56
db.PayrollLedger	13609.226024297	15107.794941967
db.PayrollLedgerAttachment	13212.2	14729.85
db.PayrollLedgerFile	13535.78	14722.97
db.PayrollLedgerFileModificationRequest	13917.01	14544.58
db.PayrollLedgerItem	8795.75	12066.51
db.PayrollLedgerItemSettingRelation	9387.256081388	12131.134882998
db.PayrollManagementRelation	10981.44	7210.09
db.PayrollSetting	8823.34	11923.91
db.PayrollSettlement	13626.000332008	9595.670332008
db.PayrollSettlementAutoCreation	10049.15	6946.68
db.PayrollSettlementProgressLog	13043.61	9760.51
db.PayrollSocialInsuranceSetting	5178.45	15692.55
db.PayrollStaffUserRelation	8693.05	5130.83
db.PayrollStatement	11818.83	15788.15
db.PayrollStatementAttendance	11761.18	16161.25
db.PayrollStatementDocument	13218.71	15426.86
db.PayrollStatementEmail	13093.634962295	17204.89475155
db.PayrollStatementEmailRecipient	12747.031933049	18493.347701711
db.PayrollStatementItem	10850.48	13284.51
db.PayrollStatementPayrollInformation	12325.22	15754.97
db.PayrollStatementScheduledEmail	12647.48	17187.74
db.PayrollStatementScheduledEmailPeriodicTaskRelation	12620.98	17362.14
db.PdfEvent	29866.68	11445.17
db.PerformanceRsuVestingItem	16000.64	14825.47
db.PeriodPhantomStockVestingItem	11815.17	18336.51
db.PeriodRsuVestingItem	15967	14705.26
db.PeriodicOptionVesting	15616.66	18563.22
db.PeriodicOptionVestingItem	15603.54	18433.59
db.PhantomStock	11750.34	17154.48
db.PhantomStockCancelEvent	17122.1	13223.18
db.PhantomStockExerciseEvent	16515.6	13339.18
db.PhantomStockGrantContract	11605	17026.46
db.PhantomStockGrantEvent	16809.6	13339.18
db.PhantomStockGrantee	12171.74	18169.18
db.PhantomStockPauseEvent	16192.15	16243.19
db.PhantomStockResumeEvent	16532.63	16298.52
db.PhantomStockVesting	11679.292979746	17682.487979746
db.PhantomStockVestingItem	11624.95	17975.66
db.PhantomStockVestingTraceable	11679.292979746	17798.487979746
db.Phone	8029.09	12536.25
db.PhoneVerification	9621.92	14039.28
db.PingpongDelivery	20208.75060422	12459.577585829
db.PingpongDeliveryAddress	22387.302020254	14262.222020254
db.PipedriveSettings	7169.31	30460.76
db.PitchingDayHall	30782.43	8731.07
db.PitchingDayHallAccessLog	30934.09	8991.36
db.PitchingDayHallAssignedIrs	29244.86	8030.84
db.Playbook	4418.98	4508.81
db.PortalAcademyGuide	7172.26	30337.45
db.PortalAcademyGuideSubject	7184.07	30208.23
db.PortalMenuVisibilitySetting	22612.49	9683.01
db.PortalOptionGuide	7170.78	30055.38
db.PortalSetting	22944.99	9683.01
db.PortfolioCompany	27405.26	14306.38
db.PortfolioCompanyFund	28722.45	13924.82
db.PortfolioCompanyManager	27229.56	15780.54
db.PortfolioCompanyUserRelation	27583.24	14450.4
db.Post	4121.48	4624.81
db.Price	7162.66	29929.12
db.PrivacyPolicy	5728.85	29839.3
db.PrivacyPolicyLog	5711.57	30006.49
db.Product	23148.6	12269.37
db.Promotion	8170.78	8967.12
db.PromotionAddress	8102.55	7203.24
db.PromotionCode	24188.41	12374.41
db.PromotionCodeUsageHistory	24327.69	12654.97
db.ProofOfEmploymentDocument	18488.45	27182.57
db.Purchase	21898.87878719	13817.175524381
db.PurchaseItem	22762.46	14104.7
db.PurchaseStatusHistory	21436.79	13909.25
db.Purpose	17847.42	14900.91
db.PushToken	7121.09	29801.88
db.QrReplyPasswordReset	23403.97	16336.08
db.QrReplyPasswordResetRequest	23363.83	16684.2
db.QuarterlyReportRequest	26094.58	16757.9
db.QuarterlyReportRequestAttachment	24785.69	17237.51
db.QuarterlyReportRequestRecipient	27361.76	17357.19
db.QuarterlyReportRequestReportItem	25516.42	16752.43
db.QuarterlyReportSettings	26332.89	15943.23
db.QuarterlyReportSignupChannel	25510.2	14930.09
db.QuestionMessageAttachment	21139.735533239	18412.992729256
db.QuestionMessageScheduled	23059.29	10904.49
db.QuestionThread	20485.285098369	12657.51407714
db.QuestionThreadAssignment	20232.82	13216.73
db.QuestionThreadMessage	22645.96	11517.75
db.QuestionThreadMessageAccessLog	23379.68	11545.71
db.QuestionThreadMessageCategory	23734.68	11545.71
db.QuestionThreadMessageMarkAsAllReadLog	7164.07	29677.26
db.QuestionThreadMessagePeriodicTaskRelation	22903.74	10749.67
db.QuestionThreadMessageProfile	23379.68	11661.71
db.QuestionThreadMessageReminder	23734.68	11661.71
db.QuestionThreadMessageReview	23379.68	11777.71
db.QuestionThreadMessageReviewRequest	23734.68	11777.71
db.QuestionThreadTag	20531.61	12936.32
db.RebootProductContactRequest	23344.49	9683.01
db.RegisteredMail	5534.54107754	10075.634046604
db.Registration	15122.748033719	20213.781601041
db.RegistrationAgenda	14942.17	21889.2
db.RegistrationAssistance	21182.92	16667.79
db.RegistrationAssistanceReceipt	20995.26	16968.58
db.RegistrationCaseReport	15026.5	8197
db.RegistrationCaseReportUpdateLog	23762.49	9683.01
db.RegistrationDirector	15572.63	20384.95
db.RegistrationFormAllInOneDocument	18940.45	27182.57
db.RegistrationFormAoiChangeDocument	19392.45	27182.57
db.RegistrationFormBranchChangeDocument	19844.45	27182.57
db.RegistrationFormCaptable	18520.35	23232.97
db.RegistrationFormCaptableDocument	19367.89	24093.45
db.RegistrationFormCaptableNotarizationRequestor	18153.85	22984.73
db.RegistrationFormCeoAddressChangeDocument	18488.45	27298.57
db.RegistrationFormDirectorChangeDocument	18940.45	27298.57
db.RegistrationFormHeadOfficeInsideRelocationDocument	20140.22	23302.23
db.RegistrationFormHeadOfficeOutsideRelocationDocument	20140.22	23418.23
db.RegistrationFormNewIssueDocument	19392.45	27298.57
db.RegistrationFormNewOptionsRuleDocument	19844.45	27298.57
db.RegistrationHelp	18751.59	14379.31
db.RegistrationPoaDocument	18488.45	27414.57
db.RegistrationRoundRobinState	7187.03	29532.6
db.RegularProduct	23006.64	12437.11
db.ResignationLetterDocument	13861.64	22594.75
db.ResignedDirectorCertificateOfSealDocument	18940.45	27414.57
db.RightToConsentOrConsult	15725.44	16707.59
db.RsuRsa	16088.45	15042.89
db.RsuAdjustEvent	17122.1	13339.18
db.RsuCancelEvent	16515.6	13455.18
db.RsuExerciseClaim	15099.85	15438.35
db.RsuExerciseClaimAttachment	14764.16	15528.37
db.RsuExerciseClaimCandidate	14096.78	16458.43
db.RsuExerciseClaimCandidateEmailRecipient	14424.66	16641.12
db.RsuExerciseClaimEventRelation	15555.649266836	15638.033147627
db.RsuExerciseClaimRsu	15553.03	15283.44
db.RsuExerciseEvent	16147.39	16468.55
db.RsuExerciseManagement	13917.61	16084.29
db.RsuExerciseManagementAttachmentSetting	14278.57	15950.03
db.RsuExerciseManagementAttachmentSettingItem	14532.83	15712.42
db.RsuExerciseManagementEmail	14481.149003976	16383.429003976
db.RsuExtraAttachment	16375.65	14845.8
db.RsuGrantContract	16753.047701711	14808.438066951
db.RsuGrantContractModusignDocument	21007.648066951	19272.267701711
db.RsuGrantContractTemplate	16633.65	14030.63
db.RsuGrantContractTemplateStakeholder	16591.33	13858.45
db.RsuGrantEvent	16809.6	13455.18
db.RsuGrantee	14286.96	16843.21
db.RsuMeeting	16568.095233552	15236.611888921
db.RsuMeetingAttachment	16400.49	15437.31
db.RsuPauseEvent	16108.490272212	17196.262746179
db.RsuPerformanceAchievementEvent	17122.1	13455.18
db.RsuPerformanceCondition	16100.14	14101.73
db.RsuResumeEvent	16278.62	17393.34
db.RsuTag	16340.85	14350.18
db.RsuTagCategory	16211.8	14230.16
db.RsuVesting	15256.07	14534.33
db.RsuVestingItem	15461.58	14863.69
db.RsuVestingTraceable	15256.07	14650.33
db.RtccSummaryAnalysisRequest	15297.65	9153.65
db.RtccEmail	15584.92	16964.84
db.RtccEmailAuthentication	16174.28	17592.54
db.RtccInvestor	15966.47	17751.55
db.RtccInvestorFile	18376.53	18421.11
db.Safe	13967.46	15605.59
db.SafeConversionEvent	7173.74	29373.85
db.SafeCreateEvent	17357.94	17501.71
db.SalesIntent	30900.71	23081.03
db.SalesMetric	22204.32	15619.88
db.SalesReportDocument	19392.45	27414.57
db.SdContactRequest	32578.19	8630.53
db.SealCard	5186.99	8393.82
db.SealCardReturnRequest	4566.12	8488.95
db.SealCardReturnStatusHistory	5488.38	9809.15
db.SealCertificateDelivery	19440.38	12399.5
db.SealCertificateIssueRequest	19591.73	12527.52
db.SealStamp	17312.98	15672.95
db.SealStampCardContinuedUseApplicationFormDocument	11657.38	23050.64
db.SealStampDeclarationDocument	11657.38	23166.64
db.SealStampImage	19173.28	17114.8
db.SealStampUsageHistory	12998.14	15294.84
db.SealedOptionGrantContractDocument	19844.45	27414.57
db.SealedOptionGrantShareholdersMeetingResolutionDocument	18488.45	27530.57
db.SecondaryDeal	33344.07	6154.29
db.SelfRegistration	18320.19	17553.88
db.ServiceFee	22572.14	13557.12
db.ServiceFeeItem	23957.35	13000.94
db.ShareClass	16343.14	18392.08
db.Shareholder	13203.214594458	22731.055216503
db.ShareholderInstitutionMember	12846.37	21930.14
db.ShareholderInstitutionMemberCeo	12809.77	22611.59
db.ShareholderVote	17747.57407838	22078.999803548
db.ShareholderVotingRightsPerAgenda	17747.57407838	22194.999803548
db.ShareholdersAgreementModusignDocument	21685.29	20592.22
db.ShareholdersAgreementModusignEmbeddedDraft	21430.1	22025.07
db.ShareholdersAgreementStakeholder	11851.69	19058.99
db.ShareholdersCertificateOfSealDocument	18940.45	27530.57
db.ShareholdersMeeting	16807.63	22708.48
db.ShareholdersMeetingAgenda	17889.539052572	21385.875
db.ShareholdersMeetingAuditReportDocument	19392.45	27530.57
db.ShareholdersMeetingConvocationNoticeEmail	18418.07	20705.92
db.ShareholdersMeetingConvocationNoticeEmailAttachment	19780.632020254	20422.282020254
db.ShareholdersMeetingConvocationNoticeEmailNewIssueAttachment	17663.38	22727.07
db.ShareholdersMeetingConvocationNoticeEmailRecipient	19641	18931.57
db.ShareholdersMeetingConvocationNoticeRecipient	19196.22	21374
db.ShareholdersMeetingConvocationNoticeWrittenRecipient	19329.7	21720.89
db.ShareholdersMeetingDirectorAttendance	15854.48	22359.19
db.ShareholdersMeetingMinutesDocument	19844.45	27530.57
db.ShareholdersMeetingNoticeDocument	18488.45	27646.57
db.ShareholdersMeetingPowerOfAttorneyDocument	18940.45	27646.57
db.ShareholdersMeetingPowerOfAttorneyIndividualDocument	17278.12	23445.6
db.ShareholdersMeetingShareholderAttendance	17664.37	23172.23
db.ShareholdersMeetingShortenPeriodDocument	19392.45	27646.57
db.ShareholdersMeetingShortenPeriodIndividualDocument	17278.12	23561.6
db.ShareholdersMeetingSkipNoticeDocument	19844.45	27646.57
db.ShareholdersMeetingWrittenDecisionDocument	18488.45	27762.57
db.ShareholdersMeetingWrittenDecisionIndividualDocument	17278.12	23677.6
db.ShareholdersWrittenResolutionDocument	18940.45	27762.57
db.ShortUrlLog	7162.66	29241.67
db.SignupChannel	23384.58	14679.45
db.SignupLog	7121.09	29114.43
db.SiteSettings	7130.84	28989.81
db.SlackChannels	7146.18	28870.04
db.StaffInCharge	5780.24	6814.78
db.Stakeholder	12686.680891707	19324.540793651
db.StakeholderAccount	13142.04	18243.73
db.StakeholderCustodian	12139.72	19504.17
db.StakeholderSeat	11602.59	19403.25
db.StarredQuestionThread	19873.81	12745.48
db.Stock	15587.54	18097.9
db.StockConsolidationEvent	7116	28736.47
db.StockConversionEvent	7157.99	28614.55
db.StockDocumentAnalysis	25741.73	27644.59
db.StockReregistrationEvent	25903.71	27856.83
db.StockRetirementEvent	7143.39	28489.18
db.StockSplitEvent	7126.25	28368.65
db.StockTransferAgreement	17733.663371961	18651.146189137
db.StockTransferAgreementClauses	18109.48	18546.86
db.StockTransferAgreementItem	17161.97	18549.94
db.StockTransferAgreementManagement	16988.967558501	13989.318040694
db.StockTransferAgreementManagementStakeholderSeat	9769.063494267	8343.312814181
db.StockTransferAgreementModusignDocument	20062.032746179	20197.129727788
db.StockTransferAgreementModusignEmbeddedDraft	20296.48	20591.96
db.StockTransferAgreementPurchaserInstitution	18430.35	18854.86
db.StockTransferAgreementSellerInstitution	18322.07	18710.54
db.StockTransferAgreementSurvey	22612.49	9799.01
db.StockTransferEvent	17381.31	18427.65
db.StockTransferPrice	17338.72	18288.23
db.StockUnissuedConfirmationRequest	18270.53	15498.32
db.StripeCard	6249.43	7250.11
db.StripeCustomer	6304.74	7695.11
db.StripePayment	5409.09	7979.15
db.Subscription	20880.39	11221.07
db.SubscriptionBonus	21605.45	11293.52
db.SubscriptionContract	19491.81	11665.51
db.SubscriptionModusignDocumentUsageHistory	23740.63	13413.79
db.SubscriptionPackage	19785.81	11665.51
db.SubscriptionPaymentRequest	21003.64	11767.35
db.SubscriptionPenaltyPayment	19491.81	11781.51
db.SubscriptionPeriod	21897.6	10852.5
db.SubscriptionPerk	21432.04	10915.83
db.SubscriptionPlan	20275.82	12072.42
db.SubscriptionPlanOffering	20711.69	12021.27
db.SubscriptionPlanPerk	20688.24	11905.25
db.SubscriptionPlanPermission	19831.48	12040.78
db.SubscriptionPolicy	19785.81	11781.51
db.SubscriptionPromotion	19491.81	11897.51
db.SubscriptionReservation	19242.6	12149.57
db.SubscriptionSuspensionHistory	20959.12	11027.02
db.TalingCoupon	22944.99	9799.01
db.TanTableView	14102.47	9182.38
db.TaxBookkeepingServiceRequest	20425.543975703	14043.905058033
db.TaxPartnerTbkContract	22602.6	14527.78
db.TaxPartnerTbkContractItem	22685.36	14643.8
db.TaxPartnerTbkSettings	21838.32	15735.88
db.TaxReceiptDocument	19392.45	27762.57
db.TbkConsulting	20789.386839677	14148.433041315
db.TbkConsultingMemo	21332.43	14025.27
db.TbkConsultingRefusal	20784.4	15503.71
db.TbkConsultingStatusLog	20842.44	13950.41
db.TbkContract	22117.48	15093.51
db.TbkContractBenefit	22238.1	15213.53
db.TbkContractSettlement	22187.52	14973.49
db.Template	4418.98	4624.81
db.TextValueWithVisibility	32625.926580161	6062.261520657
db.ThirdPartyApiNotice	28804.56	15808.15
db.ThirdPartyArticleProvider	20118.4	19908
db.ThirdPartyArticleProviderUserRelation	20127.09	20029.72
db.TwoFactorAuthentication	7138.07	28248.29
db.UnknownIssueEvent	7125.78	28121.53
db.UnknownPartnerInvestmentEvent	7195.89	3938.74
db.UserApiKey	18181.35	7506.8
db.UserApiKeyCompanyAccess	17801.28	8230.07
db.UserApiKeyCompanyRelation	18311.43	7653.44
db.UserApiKeyRevocation	17760.2	7483.46
db.UserDailyAccess	7167.83	4115.22
db.UserDetailedSurvey	7172.26	4235.57
db.UserEmailConsentRequest	7181.12	4364.79
db.UserExtraAuthentication	7179.64	4511.73
db.UserGuideState	7166.35	4655.72
db.UserInvitation	11953.72	12273.46
db.UserInvitationInvitee	11014.86	12529.56
db.UserInvitationOwnerRoleRelation	12276.61	11336.76
db.UserMarketingStatus	7173.74	4773.13
db.UserNotificationSettings	7181.12	4905.3
db.UserProfileImage	20881.53	18706.65
db.UserProfileImageMapping	21202.25	18826.49
db.UserSealCardRelation	4930.46	8576.63
db.UserSessionLog	7166.35	5052.24
db.UserSettings	7162.66	5169.64
db.UserSurvey	7204.23	5296.89
db.ValuationHistory	23344.49	9799.01
db.ValuationServiceRequest	18724.34	13475.34
db.ValueWithVisibility	31987.27	5912.2
db.VcIrRecommendationRequest	31083.38	9740.84
db.VcIrRecommendationRequestResult	29818.89	8835.41
db.VcLpReport	32189.84	13033.54
db.VcLpReportRequest	32724.39	13334.27
db.VcLpReportRequestRecipient	31201.25	13896.63
db.VcNameAlias	33337.05	12067.13
db.VcSearchLog	25107.07	5673.77
db.VcUserRole	28059.89	9248.75
db.VentureBusinessCertification	18611.03	15498.32
db.VentureBusinessCertificationExpirationNotificationLog	18439.61	15656.4
db.VentureCapital	32541.46	12455.52
db.VentureCapitalEmailTemplates	32993.04	12600.15
db.VentureCapitalPaymentLink	28538.8	12616.38
db.VentureCapitalQuarterlyReport	26675.1	15992.32
db.VentureCapitalQuarterlyReportContentTemplate	27031.05	14904.31
db.VentureCapitalQuarterlyReportItem	25109.39	16691.05
db.VentureCapitalQuarterlyReportItemReply	23577.23	17350.76
db.VentureCapitalQuarterlyReportReply	23090.21	17192.35
db.VentureCapitalSubscription	33127.71	11030.98
db.VentureCapitalSubscriptionPlan	33296.58	11293.78
db.VentureCapitalSubscriptionPlanPermission	34404.67	11239.09
db.VentureCapitalSubscriptionPlanPrice	33222.31	11948.54
db.VentureCapitalUserRelation	29309.12	10527.06
db.VentureComplex	23596.92	18475.16
db.VideoCollection	18859.63	9525.09
db.VideoCollectionFeedback	18813.91	10043.77
db.VideoCollectionPermission	18813.91	10159.77
db.VideoContent	19390.36	8847.25
db.VideoContentHistory	19121.35	9895.84
db.VideoContentSpeecher	19027.48	8769.23
db.Webinar	4121.48	4740.81
db.WebinarSubject	7196.69	5421.51
db.WebinarTarget	7180.62	5545.71
db.Whitepaper	5815.63	6478.36
db.WhitepaperPreviewFile	5857.22	6285.44
db.WhitepaperWatermarkFile	6787.72	5910.75
db.WhtBook	12260.65	15328.47
db.WhtBookWithoutDate	12044.07	15506.9
db.WhtCertificate	13285.54	15133.04
db.WhtReceipt	12861.76	15162.37
db.WithdrawAccountRequest	7241.81	5679.27
db.WithdrawnUser	7180.62	5798.24
db.WrittenStatementDocument	19844.45	27762.57
db.YearEndTaxSettlement	10878.08	18120.82
db.YearEndTaxSettlementConfirmationSchedule	10408.59	17964.66
db.YetsAssistance	15556.4	30623.19
db.YetsAssistanceCreator	14218.11	30116.63
db.YetsAssistanceCreatorUser	13905.57	30340.78
db.YetsAssistanceCreatorYetsEmployee	10966.76	30153.46
db.YetsAssistanceMessage	18381.82	30452.51
db.YetsAssistanceMessageFile	22278.337558501	30001.148040694
db.YetsAssistanceStaffAccessLog	14829.67	30774.66
db.YetsAssistanceStaffFavoriteRelation	16149.08	30409.39
db.YetsEmail	11701.358643762	20025.521356238
db.YetsEmailAuthentication	9349.79	30973.81
db.YetsEmployee	9856.27	30422.01
db.YetsEmployeeFile	22712.94	31538.57
db.YetsEmployeeResult	11169.02	28821.74
db.YetsEmployeeResultAssistanceMessageRelation	14533.78	29693.99
db.YetsEmployeeResultStatusLog	11231.2	28967.42
db.YetsEmployeeResultWhtReceipt	21661.425020511	27722.611745734
db.YetsEmployeeSubmissionLog	9952.02	30648.15
db.YetsEmployeeUploadForm	11560.19	30823.86
db.YetsEmployeeUploadFormStatusLog	11182.1	31548.65
db.ZuzuOptionGrantContractTemplate	19846.93	15932.57
db.ZuzuOptionGrantContractTemplateRevision	20182.71	16296.5
db.ZuzuTaxAdvice	7228.51	5931.81
db.ZuzuTaxPhoneToken	8381.63	12345.39
document_ai.DocumentAiProcessRequest	26448.42	27314.41
document_ai.DocumentAiProcessResult	25916.6	29797.47
fi_sta.FiStaCompany	30284.13	32745.35
fi_sta.FiStaCompanyCeo	31013.94	30302.64
fi_sta.FiStaCompanySearchResult	30337.82	31464.21
fi_sta.FiStaContractDocument	28567.72	33214.03
fi_sta.FiStaManagement	32014.96	35074.47
fi_sta.FiStaModusignDocument	7212.61	6065.77
fi_sta.FiStaParticipant	29078.71	33681.44
fi_sta.FiStaStockTransferAgreementDocument	26544.66	33693.52
fi_sta.FiStaStockTransferNoticePoaDocument	28667.75	33525.29
fi_sta.FiStaStockUnissuedConfirmationDocument	7259.53	6187.29
fi_sta.FiStaStockUnissuedConfirmationPoaDocument	28496.71	30248.88
fi_sta.FiStaTransferStock	28216.34	33920.55
fi_sta.FiStaUser	30844.61	34444.84
vertex_ai.VertexAiPredictionRequest	33742.04	17575.45
vertex_ai.VertexAiPredictionResult	33848.48	17418.89
db.HrmAttendanceLocation	9484.16	17244.38
db.CompanyDocumentAIAnalysis	18845.22	16370.27
db.HrmSelectiveWorkPlan	7648.21	17596.83
db.HrmSelectiveWorkPlanItem	7715.16	17475.96
db.IncorporationRequestPromoterCustodian	21713.03	17476.95
db.InvestmentAgreement	16973.84	17571.41
db.RsuRsaSealedContractFile	16465.89	14582.6
db.RtccSummaryAnalysisRequestDocument	15688.87	10226.6
db.RtccSummaryAnalysisResult	15257.21	9507.36
db.RtccSummaryAnalysisResultDocument	15571.27	10418.35
db.AgendaOptionCancelOptionDistribution	15943.61	21213.56
db.CompanySsoConfiguration	16508.62	12482.51
db.CompanySsoEmailDomain	15820.19	12491.84
db.CompanySsoIdentity	15808.77	12657.1
db.HrmSelectiveWork	6951.88	19191.18
db.HrmSelectiveWorkPlanConfig	6887.88	19555.18
db.HrmSelectiveWorkSchedule	7137.62	19371.05
db.HrmSelectiveWorkSettlementConfig	6447.88	19555.18
db.HrmSlackIntegration	4982.41	16685.71
db.HrmSlackChannelConfig	4987.36	16413.02
db.IaPartnerWithdrawalEvent	33681.98	17966.44
db.OptionExerciseManagementCommonSetting	15530.97	16407.71
db.OptionExerciseManagementPaymentBankSetting	15783.84	12775.26
db.RsaForfeitEvent	16243.43000001	16872.110351174
db.RsaVestConfirmEvent	16942.24	16568.91
db.UserMailIntegration	15009.157174418	17627.670693038
