db.Address	db.Address
db.AgendaAuthorizedSharesChange	db.AgendaAuthorizedSharesChange
db.AgendaBonusIssue	db.AgendaBonusIssue
db.AgendaBonusIssueNewIssueBalanceCertificateFile	db.AgendaBonusIssueNewIssueBalanceCertificateFile
db.AgendaBonusIssueNewIssueMinutesFile	db.AgendaBonusIssueNewIssueMinutesFile
db.AgendaBonusIssueSharesToIssue	db.AgendaBonusIssueSharesToIssue
db.AgendaBorrowCapital	db.AgendaBorrowCapital
db.AgendaBranchChange	db.AgendaBranchChange
db.AgendaCashDividends	db.AgendaCashDividends
db.AgendaCeoAddressChange	db.AgendaCeoAddressChange
db.AgendaCeoAddressChangeItem	db.AgendaCeoAddressChangeItem
db.AgendaChangeOfAoiClassStock	db.AgendaChangeOfAoiClassStock
db.AgendaChangeOfAoiCustom	db.AgendaChangeOfAoiCustom
db.AgendaChangeOfAoiDirectorCompensationRule	db.AgendaChangeOfAoiDirectorCompensationRule
db.AgendaChangeOfAoiNumberOfDirectors	db.AgendaChangeOfAoiNumberOfDirectors
db.AgendaChangeOfAoiThirdPartyAllocation	db.AgendaChangeOfAoiThirdPartyAllocation
db.AgendaChangeOfArticlesOfIncorporation	db.AgendaChangeOfArticlesOfIncorporation
db.AgendaCoCeoSystemChange	db.AgendaCoCeoSystemChange
db.AgendaCompanyNameChange	db.AgendaCompanyNameChange
db.AgendaCustom	db.AgendaCustom
db.AgendaDirectorChange	db.AgendaDirectorChange
db.AgendaDirectorCompensation	db.AgendaDirectorCompensation
db.AgendaDirectorCompensationItem	db.AgendaDirectorCompensationItem
db.AgendaDirectorCompensationRule	db.AgendaDirectorCompensationRule
db.AgendaFinancialStatements	db.AgendaFinancialStatements
db.AgendaHeadOfficeRelocation	db.AgendaHeadOfficeRelocation
db.AgendaHeadOfficeRelocationAoiChange	db.AgendaHeadOfficeRelocationAoiChange
db.AgendaMethodOfGivingPublicNoticeChange	db.AgendaMethodOfGivingPublicNoticeChange
db.AgendaNewIssue	db.AgendaNewIssue
db.AgendaNewIssueItem	db.AgendaNewIssueItem
db.AgendaNewIssueItemFromConversion	db.AgendaNewIssueItemFromConversion
db.AgendaNewIssueItemFromPayment	db.AgendaNewIssueItemFromPayment
db.AgendaNewIssueItemInstitutionMember	db.AgendaNewIssueItemInstitutionMember
db.AgendaNewIssueItemInstitutionMemberCeo	db.AgendaNewIssueItemInstitutionMemberCeo
db.AgendaNewIssueItemShareClass	db.AgendaNewIssueItemShareClass
db.AgendaNewIssueItemShareholder	db.AgendaNewIssueItemShareholder
db.AgendaNewIssueNewShareClass	db.AgendaNewIssueNewShareClass
db.AgendaNewOptionsRule	db.AgendaNewOptionsRule
db.AgendaNewOrChangeRsuRule	db.AgendaNewOrChangeRsuRule
db.AgendaOptionCancel	db.AgendaOptionCancel
db.AgendaOptionCancelGrantee	db.AgendaOptionCancelGrantee
db.AgendaOptionCancelOption	db.AgendaOptionCancelOption
db.AgendaOptionExercise	db.AgendaOptionExercise
db.AgendaOptionExerciseClaim	db.AgendaOptionExerciseClaim
db.AgendaOptionExerciseGrantee	db.AgendaOptionExerciseGrantee
db.AgendaOptionExerciseGranteeOption	db.AgendaOptionExerciseGranteeOption
db.AgendaOptionGrant	db.AgendaOptionGrant
db.AgendaOptionGrantGrantee	db.AgendaOptionGrantGrantee
db.AgendaPurposeChange	db.AgendaPurposeChange
db.AgendaPurposeChangeItem	db.AgendaPurposeChangeItem
db.AgendaRsuGrant	db.AgendaRsuGrant
db.AgendaRsuGrantGrantee	db.AgendaRsuGrantGrantee
db.AgendaShareholdersMeetingConvocation	db.AgendaShareholdersMeetingConvocation
db.AgendaSubsidiaryEstablishment	db.AgendaSubsidiaryEstablishment
db.AgendaTemplate	db.AgendaTemplate
db.AiAnalysisFeedback	db.AiAnalysisFeedback
db.AiPayrollLedger	db.AiPayrollLedger
db.AlimtalkActivity	db.AlimtalkActivity
db.AlimtalkActivityRecipient	db.AlimtalkActivityRecipient
db.AlimtalkActivityRecipientStatusHistory	db.AlimtalkActivityRecipientStatusHistory
db.AllocatedSeat	db.AllocatedSeat
db.Announcement	db.Announcement
db.AnnualSalary	db.AnnualSalary
db.AppCard	db.AppCard
db.AppointedDirectorCertificateOfSealDocument	db.AppointedDirectorCertificateOfSealDocument
db.AppointedDirectorResidentRegistrationDocument	db.AppointedDirectorResidentRegistrationDocument
db.Article	db.Article
db.ArticlePublishHistory	db.ArticlePublishHistory
db.ArticlesOfIncorporation	db.ArticlesOfIncorporation
db.ArticlesOfIncorporationAfterChangeDocument	db.ArticlesOfIncorporationAfterChangeDocument
db.ArticlesOfIncorporationAnalyzationRequest	db.ArticlesOfIncorporationAnalyzationRequest
db.ArticlesOfIncorporationAnalyzationResult	db.ArticlesOfIncorporationAnalyzationResult
db.ArticlesOfIncorporationBeforeChangeDocument	db.ArticlesOfIncorporationBeforeChangeDocument
db.ArticlesOfIncorporationDocument	db.ArticlesOfIncorporationDocument
db.AuditLog	db.AuditLog
db.AuditReportDocument	db.AuditReportDocument
db.AvailableModusignRequest	db.AvailableModusignRequest
db.BalanceCertificateDocument	db.BalanceCertificateDocument
db.BaseModusignDocumentUsageHistory	db.BaseModusignDocumentUsageHistory
db.Basket	db.Basket
db.BeforeunloadPdfEvent	db.BeforeunloadPdfEvent
db.BigNumberValueWithVisibility	db.BigNumberValueWithVisibility
db.BonusIssueEvent	db.BonusIssueEvent
db.BranchAbolitionEvent	db.BranchAbolitionEvent
db.BranchChangeEvent	db.BranchChangeEvent
db.BranchInstallationEvent	db.BranchInstallationEvent
db.BulkEmail	db.BulkEmail
db.BulkEmailCommonAttachment	db.BulkEmailCommonAttachment
db.BulkEmailRecipient	db.BulkEmailRecipient
db.BulkEmailRecipientAttachment	db.BulkEmailRecipientAttachment
db.BulkEmailTemplate	db.BulkEmailTemplate
db.BulkEmailTemplateRevision	db.BulkEmailTemplateRevision
db.BusinessPlan	db.BusinessPlan
db.BusinessPlanAiAnalysis	db.BusinessPlanAiAnalysis
db.BusinessPlanAiAnalysisItem	db.BusinessPlanAiAnalysisItem
db.BusinessPlanAiAnalysisItemImprovement	db.BusinessPlanAiAnalysisItemImprovement
db.BusinessPlanAiReview	db.BusinessPlanAiReview
db.BusinessRegistrationCertificate	db.BusinessRegistrationCertificate
db.CalendarEvent	db.CalendarEvent
db.CapitalChangeEvent	db.CapitalChangeEvent
db.CapitalReductionEvent	db.CapitalReductionEvent
db.CaptableAfterNewIssueDocument	db.CaptableAfterNewIssueDocument
db.CaptableAtRecordDateDocument	db.CaptableAtRecordDateDocument
db.CaptableBeforeNewIssueDocument	db.CaptableBeforeNewIssueDocument
db.CaptableRequest	db.CaptableRequest
db.CashIncentive	db.CashIncentive
db.CashIncentiveCategory	db.CashIncentiveCategory
db.CashIncentiveItem	db.CashIncentiveItem
db.CashPayment	db.CashPayment
db.CeoAddressChangeEvent	db.CeoAddressChangeEvent
db.CeoConfirmationDocument	db.CeoConfirmationDocument
db.CeoTypeChangedCeoResidentRegistrationDocument	db.CeoTypeChangedCeoResidentRegistrationDocument
db.CertificateOfCorporateSealDocument	db.CertificateOfCorporateSealDocument
db.CertificateOfSealNotarizationPoaDocument	db.CertificateOfSealNotarizationPoaDocument
db.Charge	db.Charge
db.CmeBulkEmail	db.CmeBulkEmail
db.CmeBulkEmailRecipient	db.CmeBulkEmailRecipient
db.CmeBulkEmailTemplate	db.CmeBulkEmailTemplate
db.CmeCompany	db.CmeCompany
db.CmeCompanyContact	db.CmeCompanyContact
db.CmeCompanyContactNotificationSettings	db.CmeCompanyContactNotificationSettings
db.CmeCompanyDirectorTermManagement	db.CmeCompanyDirectorTermManagement
db.CmeCompanyNote	db.CmeCompanyNote
db.CmeCompanyRegistration	db.CmeCompanyRegistration
db.CmeCompanyRegistrationFile	db.CmeCompanyRegistrationFile
db.CmeContact	db.CmeContact
db.CmeMemberRelation	db.CmeMemberRelation
db.CoCeoSystemChangeEvent	db.CoCeoSystemChangeEvent
db.CommonAddress	db.CommonAddress
db.Company	db.Company
db.CompanyAddressChangeEvent	db.CompanyAddressChangeEvent
db.CompanyAppointedTransferAgentChange	db.CompanyAppointedTransferAgentChange
db.CompanyAuthorizedSharesChange	db.CompanyAuthorizedSharesChange
db.CompanyBenefit	db.CompanyBenefit
db.CompanyBulkEmailTemplate	db.CompanyBulkEmailTemplate
db.CompanyCreateAssignmentReadiness	db.CompanyCreateAssignmentReadiness
db.CompanyCreateProgress	db.CompanyCreateProgress
db.CompanyCreateRequest	db.CompanyCreateRequest
db.CompanyDepartment	db.CompanyDepartment
db.CompanyDepartmentCode	db.CompanyDepartmentCode
db.CompanyDocumentDelivery	db.CompanyDocumentDelivery
db.CompanyEndorsement	db.CompanyEndorsement
db.CompanyEndorsementFeed	db.CompanyEndorsementFeed
db.CompanyExpertClientRelation	db.CompanyExpertClientRelation
db.CompanyFeed	db.CompanyFeed
db.CompanyFeedAccessLog	db.CompanyFeedAccessLog
db.CompanyFeedRating	db.CompanyFeedRating
db.CompanyGuideState	db.CompanyGuideState
db.CompanyInvestmentContractInfo	db.CompanyInvestmentContractInfo
db.CompanyInvestorInterest	db.CompanyInvestorInterest
db.CompanyInvitation	db.CompanyInvitation
db.CompanyIrClosingFeed	db.CompanyIrClosingFeed
db.CompanyIrNewCommitFeed	db.CompanyIrNewCommitFeed
db.CompanyIrOpenFeed	db.CompanyIrOpenFeed
db.CompanyIrSetting	db.CompanyIrSetting
db.CompanyLegalPartnerRelation	db.CompanyLegalPartnerRelation
db.CompanyManagementAssignment	db.CompanyManagementAssignment
db.CompanyManagingEntity	db.CompanyManagingEntity
db.CompanyMethodOfGivingPublicNoticeChange	db.CompanyMethodOfGivingPublicNoticeChange
db.CompanyMnaSetting	db.CompanyMnaSetting
db.CompanyNameChange	db.CompanyNameChange
db.CompanyNews	db.CompanyNews
db.CompanyNewsFeed	db.CompanyNewsFeed
db.CompanyNewsLink	db.CompanyNewsLink
db.CompanyNotificationSetting	db.CompanyNotificationSetting
db.CompanyNotificationTrigger	db.CompanyNotificationTrigger
db.CompanyOptionRule	db.CompanyOptionRule
db.CompanyOverview	db.CompanyOverview
db.CompanyOwnerAddRequest	db.CompanyOwnerAddRequest
db.CompanyOwnerAuditLog	db.CompanyOwnerAuditLog
db.CompanyOwnerAuditLogOwnerRoleRelation	db.CompanyOwnerAuditLogOwnerRoleRelation
db.CompanyOwnerNotificationTrigger	db.CompanyOwnerNotificationTrigger
db.CompanyParValueChange	db.CompanyParValueChange
db.CompanyPaymentLink	db.CompanyPaymentLink
db.CompanyPolicyFile	db.CompanyPolicyFile
db.CompanyProfileAccessLog	db.CompanyProfileAccessLog
db.CompanyPromotionInfo	db.CompanyPromotionInfo
db.CompanyPromotionPrizeType	db.CompanyPromotionPrizeType
db.CompanyPromotionWinLog	db.CompanyPromotionWinLog
db.CompanyPurposeChange	db.CompanyPurposeChange
db.CompanyPurposeChangeItem	db.CompanyPurposeChangeItem
db.CompanyQuestionThread	db.CompanyQuestionThread
db.CompanyRegistrationAssignment	db.CompanyRegistrationAssignment
db.CompanyRegistrationAssignmentLog	db.CompanyRegistrationAssignmentLog
db.CompanyRegistrationStaffStatus	db.CompanyRegistrationStaffStatus
db.CompanyRsuRule	db.CompanyRsuRule
db.CompanyStockTransferRestrictedChange	db.CompanyStockTransferRestrictedChange
db.CompanyStockValue	db.CompanyStockValue
db.CompanyTag	db.CompanyTag
db.CompanyTanTableView	db.CompanyTanTableView
db.CompanyTodo	db.CompanyTodo
db.CompanyUpdateRequest	db.CompanyUpdateRequest
db.CompanyUserRelation	db.CompanyUserRelation
db.CompanyUserRelationOwnerRoleRelation	db.CompanyUserRelationOwnerRoleRelation
db.ConsentForm	db.ConsentForm
db.ConsentFormItem	db.ConsentFormItem
db.ConsentFormModusignDocument	db.ConsentFormModusignDocument
db.ConsentFormModusignEmbeddedDraft	db.ConsentFormModusignEmbeddedDraft
db.ConsentFormOptionItem	db.ConsentFormOptionItem
db.CorporateRegistration	db.CorporateRegistration
db.CorporateRegistrationChangeConfirmation	db.CorporateRegistrationChangeConfirmation
db.CorporateRegistrationChangeDetection	db.CorporateRegistrationChangeDetection
db.CorporateRegistrationChangeDetectionParseResult	db.CorporateRegistrationChangeDetectionParseResult
db.CorporateRegistrationDocument	db.CorporateRegistrationDocument
db.CorporateRegistrationExtractionLog	db.CorporateRegistrationExtractionLog
db.CorporateRegistrationIssueCoupon	db.CorporateRegistrationIssueCoupon
db.CorporateRegistrationIssueCouponIssueLog	db.CorporateRegistrationIssueCouponIssueLog
db.CorporateRegistrationIssueCouponUseRequest	db.CorporateRegistrationIssueCouponUseRequest
db.CorporateRegistrationIssueCouponUseResult	db.CorporateRegistrationIssueCouponUseResult
db.CorporateRegistrationIssueLog	db.CorporateRegistrationIssueLog
db.CorporateRegistrationIssueMaintenance	db.CorporateRegistrationIssueMaintenance
db.CorporateRegistrationIssueRequest	db.CorporateRegistrationIssueRequest
db.CorporateRegistrationPaidIssue	db.CorporateRegistrationPaidIssue
db.CorporationPostRegistrationEmail	db.CorporationPostRegistrationEmail
db.CorporationPostRegistrationScheduledEmail	db.CorporationPostRegistrationScheduledEmail
db.CorporationPostRegistrationScheduledEmailPeriodicTaskRelation	db.CorporationPostRegistrationScheduledEmailPeriodicTaskRelation
db.Credit	db.Credit
db.CreditCard	db.CreditCard
db.CreditUse	db.CreditUse
db.CsAgentResponse	db.CsAgentResponse
db.CsAgentResponseFeedBack	db.CsAgentResponseFeedBack
db.CustomOptionGrantContractTemplate	db.CustomOptionGrantContractTemplate
db.CustomOptionGrantContractTemplateRevision	db.CustomOptionGrantContractTemplateRevision
db.DailyNewspaper	db.DailyNewspaper
db.DataPortalAddressInformationCache	db.DataPortalAddressInformationCache
db.DebtConfirmationAndOffsetContractDocument	db.DebtConfirmationAndOffsetContractDocument
db.DemoCompanyCreationLog	db.DemoCompanyCreationLog
db.Department	db.Department
db.DepartmentStaffUserRelation	db.DepartmentStaffUserRelation
db.Director	db.Director
db.DirectorAppointmentEvent	db.DirectorAppointmentEvent
db.DirectorCompensationDecisionEvent	db.DirectorCompensationDecisionEvent
db.DirectorCompensationLimitEvent	db.DirectorCompensationLimitEvent
db.DirectorDecisionDocument	db.DirectorDecisionDocument
db.DirectorResidentRegistrationWithAddressChangeHistoryDocument	db.DirectorResidentRegistrationWithAddressChangeHistoryDocument
db.DirectorTermEndEvent	db.DirectorTermEndEvent
db.DirectorVote	db.DirectorVote
db.DirectorVotingRightsPerAgenda	db.DirectorVotingRightsPerAgenda
db.DirectorsMeeting	db.DirectorsMeeting
db.DirectorsMeetingAgenda	db.DirectorsMeetingAgenda
db.DirectorsMeetingDirectorAttendance	db.DirectorsMeetingDirectorAttendance
db.DirectorsMeetingMinutesDocument	db.DirectorsMeetingMinutesDocument
db.DirectorsMeetingNoticeDocument	db.DirectorsMeetingNoticeDocument
db.DirectorsMeetingNoticeEmail	db.DirectorsMeetingNoticeEmail
db.DirectorsMeetingNoticeEmailRecipient	db.DirectorsMeetingNoticeEmailRecipient
db.DirectorsMeetingSkipNoticeDocument	db.DirectorsMeetingSkipNoticeDocument
db.DivaFund	db.DivaFund
db.DocumentDelivery	db.DocumentDelivery
db.DocumentDeliveryQuestionThreadRelation	db.DocumentDeliveryQuestionThreadRelation
db.DocumentLoadedPdfEvent	db.DocumentLoadedPdfEvent
db.DocumentParseResult	db.DocumentParseResult
db.DormantConversionNotifiedActivity	db.DormantConversionNotifiedActivity
db.DormantUser	db.DormantUser
db.DormantUserEmail	db.DormantUserEmail
db.DormantUserPhone	db.DormantUserPhone
db.DormantUserReactivationToken	db.DormantUserReactivationToken
db.ESOP	db.ESOP
db.ESOPParticipant	db.ESOPParticipant
db.EditableCompanyOwnerAuditLog	db.EditableCompanyOwnerAuditLog
db.ElectronicCertificate	db.ElectronicCertificate
db.ElectronicCertificateApplicationFormDocument	db.ElectronicCertificateApplicationFormDocument
db.ElectronicCertificateCaseReportDocument	db.ElectronicCertificateCaseReportDocument
db.ElectronicCertificateFileDownloadHistory	db.ElectronicCertificateFileDownloadHistory
db.ElectronicCertificateFileUploadRequest	db.ElectronicCertificateFileUploadRequest
db.ElectronicCertificateFileUploaded	db.ElectronicCertificateFileUploaded
db.ElectronicCertificateReturnRequest	db.ElectronicCertificateReturnRequest
db.Email	db.Email
db.EmailActivity	db.EmailActivity
db.EmailActivityRecipient	db.EmailActivityRecipient
db.EmailActivityRecipientStatusHistory	db.EmailActivityRecipientStatusHistory
db.EmailVerification	db.EmailVerification
db.Employee	db.Employee
db.EmployeeDepartmentCodeRelation	db.EmployeeDepartmentCodeRelation
db.EmployeeGroup	db.EmployeeGroup
db.EmployeeNumber	db.EmployeeNumber
db.EmployeeOption	db.EmployeeOption
db.EmployeeOptionExerciseCandidate	db.EmployeeOptionExerciseCandidate
db.EmployeeOptionExerciseCandidateFile	db.EmployeeOptionExerciseCandidateFile
db.EmployeeOptionExerciseClaim	db.EmployeeOptionExerciseClaim
db.EmployeeOptionExerciseClaimOption	db.EmployeeOptionExerciseClaimOption
db.EmployeeOptionExerciseEvent	db.EmployeeOptionExerciseEvent
db.EmployeeOptionExerciseManagement	db.EmployeeOptionExerciseManagement
db.EmployeeOptionExerciseManagementEmail	db.EmployeeOptionExerciseManagementEmail
db.EmployeeOptionGrantee	db.EmployeeOptionGrantee
db.EmployeeOptionVesting	db.EmployeeOptionVesting
db.EmployeeOptionVestingItem	db.EmployeeOptionVestingItem
db.EmployeeOptionVestingTraceable	db.EmployeeOptionVestingTraceable
db.EmployeeStock	db.EmployeeStock
db.EmployeeStockDepositEvent	db.EmployeeStockDepositEvent
db.EmployeeStockGuide	db.EmployeeStockGuide
db.EmployeeStockGuideAudience	db.EmployeeStockGuideAudience
db.EmployeeStockGuideEmail	db.EmployeeStockGuideEmail
db.EmployeeStockTag	db.EmployeeStockTag
db.EmployeeStockTagCategory	db.EmployeeStockTagCategory
db.EmployeeStockWithdrawEvent	db.EmployeeStockWithdrawEvent
db.EmployeeStockWithdrawRequest	db.EmployeeStockWithdrawRequest
db.EmploymentCertificateDocumentRequest	db.EmploymentCertificateDocumentRequest
db.EmploymentStatusHistory	db.EmploymentStatusHistory
db.Event	db.Event
db.EventAttachment	db.EventAttachment
db.ExpertClient	db.ExpertClient
db.ExpertClientIncorporationSupport	db.ExpertClientIncorporationSupport
db.ExpertClientSignupChannel	db.ExpertClientSignupChannel
db.ExpertClientTaxServiceSettings	db.ExpertClientTaxServiceSettings
db.ExpressDelivery1	db.ExpressDelivery1
db.ExternalStockInfo	db.ExternalStockInfo
db.FABContent	db.FABContent
db.Faq	db.Faq
db.FaqLink	db.FaqLink
db.FeeReceiptDocument	db.FeeReceiptDocument
db.Feed	db.Feed
db.FileAttachment	db.FileAttachment
db.FileValueWithVisibility	db.FileValueWithVisibility
db.FinanceAndInsurance	db.FinanceAndInsurance
db.FinancialAccount	db.FinancialAccount
db.FinancialInstitution	db.FinancialInstitution
db.FinancialStatementsDocument	db.FinancialStatementsDocument
db.FinancialStatementsForNewIssueFromConversionDocument	db.FinancialStatementsForNewIssueFromConversionDocument
db.Fund	db.Fund
db.FundPartner	db.FundPartner
db.FundingNewsDistributionServiceRequest	db.FundingNewsDistributionServiceRequest
db.HelpTemplate	db.HelpTemplate
db.HoldingCompany	db.HoldingCompany
db.Holiday	db.Holiday
db.Hrm	db.Hrm
db.HrmAlpConfig	db.HrmAlpConfig
db.HrmAlpConfigIndivApprovalTemplateRel	db.HrmAlpConfigIndivApprovalTemplateRel
db.HrmAlpExcludedEmp	db.HrmAlpExcludedEmp
db.HrmAlpLaborReceiptRefusal	db.HrmAlpLaborReceiptRefusal
db.HrmAlpTarget	db.HrmAlpTarget
db.HrmAlpUsageDesignation	db.HrmAlpUsageDesignation
db.HrmAlpUsageDesignationDate	db.HrmAlpUsageDesignationDate
db.HrmAlpUsagePlan	db.HrmAlpUsagePlan
db.HrmAlpUsagePlanDate	db.HrmAlpUsagePlanDate
db.HrmAnnualLeave	db.HrmAnnualLeave
db.HrmAnnualLeaveAdjustment	db.HrmAnnualLeaveAdjustment
db.HrmAnnualLeaveConfigBase	db.HrmAnnualLeaveConfigBase
db.HrmAnnualLeaveFiscalBasedConfig	db.HrmAnnualLeaveFiscalBasedConfig
db.HrmAnnualLeaveHireBasedConfig	db.HrmAnnualLeaveHireBasedConfig
db.HrmApprovable	db.HrmApprovable
db.HrmApproval	db.HrmApproval
db.HrmApprovalLine	db.HrmApprovalLine
db.HrmApprovalReview	db.HrmApprovalReview
db.HrmApprovalTemplate	db.HrmApprovalTemplate
db.HrmApprovalTemplateLine	db.HrmApprovalTemplateLine
db.HrmApprovalTemplateReview	db.HrmApprovalTemplateReview
db.HrmApprover	db.HrmApprover
db.HrmAttendance	db.HrmAttendance
db.HrmAttendanceItem	db.HrmAttendanceItem
db.HrmCertificateConfig	db.HrmCertificateConfig
db.HrmCertificateConfigIndividualApprovalTemplateRelation	db.HrmCertificateConfigIndividualApprovalTemplateRelation
db.HrmCertificateIssue	db.HrmCertificateIssue
db.HrmCommonLocation	db.HrmCommonLocation
db.HrmCompensatoryLeave	db.HrmCompensatoryLeave
db.HrmConciergeRequest	db.HrmConciergeRequest
db.HrmCustomLeave	db.HrmCustomLeave
db.HrmDailyLeaveUsageItem	db.HrmDailyLeaveUsageItem
db.HrmDept	db.HrmDept
db.HrmDeptAbolishedEvent	db.HrmDeptAbolishedEvent
db.HrmDeptCreatedEvent	db.HrmDeptCreatedEvent
db.HrmDeptEventBase	db.HrmDeptEventBase
db.HrmDeptName	db.HrmDeptName
db.HrmDeptNameChangedEvent	db.HrmDeptNameChangedEvent
db.HrmDeptNameEventBase	db.HrmDeptNameEventBase
db.HrmDeptParent	db.HrmDeptParent
db.HrmDeptParentChangedEvent	db.HrmDeptParentChangedEvent
db.HrmDeptParentEventBase	db.HrmDeptParentEventBase
db.HrmDeptReorg	db.HrmDeptReorg
db.HrmDeptStatus	db.HrmDeptStatus
db.HrmDeptStatusEventBase	db.HrmDeptStatusEventBase
db.HrmDocument	db.HrmDocument
db.HrmDocumentDraft	db.HrmDocumentDraft
db.HrmDocumentDraftFieldAttachment	db.HrmDocumentDraftFieldAttachment
db.HrmDocumentDraftFieldMultiSelectValue	db.HrmDocumentDraftFieldMultiSelectValue
db.HrmDocumentDraftFieldValue	db.HrmDocumentDraftFieldValue
db.HrmDocumentFieldAttachment	db.HrmDocumentFieldAttachment
db.HrmDocumentFieldMultiSelectValue	db.HrmDocumentFieldMultiSelectValue
db.HrmDocumentFieldValue	db.HrmDocumentFieldValue
db.HrmDocumentForm	db.HrmDocumentForm
db.HrmDocumentFormFieldDefinition	db.HrmDocumentFormFieldDefinition
db.HrmDocumentFormFieldSelectOption	db.HrmDocumentFormFieldSelectOption
db.HrmDocumentFormIndividualApprovalTemplateRelation	db.HrmDocumentFormIndividualApprovalTemplateRelation
db.HrmEmp	db.HrmEmp
db.HrmEmpAbsenceEvent	db.HrmEmpAbsenceEvent
db.HrmEmpAffiliation	db.HrmEmpAffiliation
db.HrmEmpAffiliationChangedEvent	db.HrmEmpAffiliationChangedEvent
db.HrmEmpAffiliationDept	db.HrmEmpAffiliationDept
db.HrmEmpAffiliationEventBase	db.HrmEmpAffiliationEventBase
db.HrmEmpContract	db.HrmEmpContract
db.HrmEmpContractCommonVar	db.HrmEmpContractCommonVar
db.HrmEmpContractMgmt	db.HrmEmpContractMgmt
db.HrmEmpContractModusignDocument	db.HrmEmpContractModusignDocument
db.HrmEmpContractTemplate	db.HrmEmpContractTemplate
db.HrmEmpContractTemplateRevision	db.HrmEmpContractTemplateRevision
db.HrmEmpContractTemplateRevisionSigner	db.HrmEmpContractTemplateRevisionSigner
db.HrmEmpDepartedEvent	db.HrmEmpDepartedEvent
db.HrmEmpEmploymentType	db.HrmEmpEmploymentType
db.HrmEmpEmploymentTypeChangedEvent	db.HrmEmpEmploymentTypeChangedEvent
db.HrmEmpEmploymentTypeEventBase	db.HrmEmpEmploymentTypeEventBase
db.HrmEmpEventBase	db.HrmEmpEventBase
db.HrmEmpJob	db.HrmEmpJob
db.HrmEmpJobChangedEvent	db.HrmEmpJobChangedEvent
db.HrmEmpJobEventBase	db.HrmEmpJobEventBase
db.HrmEmpJobLevel	db.HrmEmpJobLevel
db.HrmEmpJobPosition	db.HrmEmpJobPosition
db.HrmEmpJobRole	db.HrmEmpJobRole
db.HrmEmpJobTitle	db.HrmEmpJobTitle
db.HrmEmpJoinedEvent	db.HrmEmpJoinedEvent
db.HrmEmpMov	db.HrmEmpMov
db.HrmEmpReturnToWorkEvent	db.HrmEmpReturnToWorkEvent
db.HrmEmpSalaryAccount	db.HrmEmpSalaryAccount
db.HrmEmpStatus	db.HrmEmpStatus
db.HrmEmpStatusEventBase	db.HrmEmpStatusEventBase
db.HrmEmpUserInvitation	db.HrmEmpUserInvitation
db.HrmEmpUserInvitationInvitee	db.HrmEmpUserInvitationInvitee
db.HrmEmpWorkAssignment	db.HrmEmpWorkAssignment
db.HrmEmpWorkLocationAssignment	db.HrmEmpWorkLocationAssignment
db.HrmEmpWorkLocationConfig	db.HrmEmpWorkLocationConfig
db.HrmFamilyCareLeave	db.HrmFamilyCareLeave
db.HrmFixedWork	db.HrmFixedWork
db.HrmFixedWorkSchedule	db.HrmFixedWorkSchedule
db.HrmGoogleCalendarIntegration	db.HrmGoogleCalendarIntegration
db.HrmGrantableLeave	db.HrmGrantableLeave
db.HrmInfertilityTreatmentLeave	db.HrmInfertilityTreatmentLeave
db.HrmLeaveBase	db.HrmLeaveBase
db.HrmLeaveCommonConfig	db.HrmLeaveCommonConfig
db.HrmLeaveGrant	db.HrmLeaveGrant
db.HrmLeaveIndividualApprovalTemplateRelation	db.HrmLeaveIndividualApprovalTemplateRelation
db.HrmLeaveUsage	db.HrmLeaveUsage
db.HrmLeaveUsageAttachment	db.HrmLeaveUsageAttachment
db.HrmLeaveUsageItem	db.HrmLeaveUsageItem
db.HrmMaternityLeave	db.HrmMaternityLeave
db.HrmMenstrualLeave	db.HrmMenstrualLeave
db.HrmMiscarriageLeave	db.HrmMiscarriageLeave
db.HrmOngoingAttendance	db.HrmOngoingAttendance
db.HrmOngoingAttendanceClockedSchedule	db.HrmOngoingAttendanceClockedSchedule
db.HrmPaternityLeave	db.HrmPaternityLeave
db.HrmPersonalLocation	db.HrmPersonalLocation
db.HrmRequestor	db.HrmRequestor
db.HrmReserveTrainingLeave	db.HrmReserveTrainingLeave
db.HrmSigner	db.HrmSigner
db.HrmStaffNote	db.HrmStaffNote
db.HrmStaggeredWork	db.HrmStaggeredWork
db.HrmStaggeredWorkSchedule	db.HrmStaggeredWorkSchedule
db.HrmStandardWork	db.HrmStandardWork
db.HrmStandardWorkSchedule	db.HrmStandardWorkSchedule
db.HrmTag	db.HrmTag
db.HrmWorkAutoClockOutConfig	db.HrmWorkAutoClockOutConfig
db.HrmWorkBase	db.HrmWorkBase
db.HrmWorkIndividualApprovalTemplateRelation	db.HrmWorkIndividualApprovalTemplateRelation
db.HrmWorkLocation	db.HrmWorkLocation
db.HrmWorkLocationGpsConfig	db.HrmWorkLocationGpsConfig
db.HrmWorkOvertime	db.HrmWorkOvertime
db.IBKSignupChannel	db.IBKSignupChannel
db.IBKUser	db.IBKUser
db.IBKUserLoginToken	db.IBKUserLoginToken
db.IaAccountInfo	db.IaAccountInfo
db.IaCertificateOfInvestmentDocument	db.IaCertificateOfInvestmentDocument
db.IaCertificateOfInvestmentDocumentEmail	db.IaCertificateOfInvestmentDocumentEmail
db.IaCertificateOfInvestmentDocumentRecipient	db.IaCertificateOfInvestmentDocumentRecipient
db.IaConfirmationRequest	db.IaConfirmationRequest
db.IaConsentForm	db.IaConsentForm
db.IaConsentFormDocument	db.IaConsentFormDocument
db.IaConsentFormOrMeeting	db.IaConsentFormOrMeeting
db.IaConsentFormOrMeetingDocumentGeneration	db.IaConsentFormOrMeetingDocumentGeneration
db.IaConsentFormOrMeetingDocumentGenerationItem	db.IaConsentFormOrMeetingDocumentGenerationItem
db.IaConsentFormOrMeetingElectronicSignatureRequest	db.IaConsentFormOrMeetingElectronicSignatureRequest
db.IaConsentFormOrMeetingElectronicSignatureRequestModusignDocument	db.IaConsentFormOrMeetingElectronicSignatureRequestModusignDocument
db.IaConsentFormOrMeetingElectronicSignatureRequestModusignEmbeddedDraft	db.IaConsentFormOrMeetingElectronicSignatureRequestModusignEmbeddedDraft
db.IaConsentFormOrMeetingElectronicSignatureRequestStatusHistory	db.IaConsentFormOrMeetingElectronicSignatureRequestStatusHistory
db.IaConsentFormOrMeetingElectronicSignatureRequestUploadedModusignDocument	db.IaConsentFormOrMeetingElectronicSignatureRequestUploadedModusignDocument
db.IaConsentFormOrMeetingElectronicSignatureRequiredDocument	db.IaConsentFormOrMeetingElectronicSignatureRequiredDocument
db.IaConsentFormOrMeetingEsigRequiredDocumentPageRange	db.IaConsentFormOrMeetingEsigRequiredDocumentPageRange
db.IaConsentFormOrMeetingGuideEmail	db.IaConsentFormOrMeetingGuideEmail
db.IaConsentFormOrMeetingGuideEmailRecipient	db.IaConsentFormOrMeetingGuideEmailRecipient
db.IaDocumentArchive	db.IaDocumentArchive
db.IaDocumentArchiveAttachment	db.IaDocumentArchiveAttachment
db.IaExpertPartnerBulkEmailTemplate	db.IaExpertPartnerBulkEmailTemplate
db.IaExplanationFormForElectronicSignatureDocument	db.IaExplanationFormForElectronicSignatureDocument
db.IaFoundingMeetingEvent	db.IaFoundingMeetingEvent
db.IaFoundingProgressStatus	db.IaFoundingProgressStatus
db.IaGpAppointmentEvent	db.IaGpAppointmentEvent
db.IaGpTerminationEvent	db.IaGpTerminationEvent
db.IaInvestmentCertificateRegistrationRequest	db.IaInvestmentCertificateRegistrationRequest
db.IaLegalPartnerRelation	db.IaLegalPartnerRelation
db.IaMeeting	db.IaMeeting
db.IaMeetingAgenda	db.IaMeetingAgenda
db.IaMeetingAgendaCustom	db.IaMeetingAgendaCustom
db.IaMeetingAgendaVote	db.IaMeetingAgendaVote
db.IaMeetingConvocationNoticeEmail	db.IaMeetingConvocationNoticeEmail
db.IaMeetingConvocationNoticeRecipient	db.IaMeetingConvocationNoticeRecipient
db.IaMeetingMinutesDocument	db.IaMeetingMinutesDocument
db.IaMeetingNoticeDocument	db.IaMeetingNoticeDocument
db.IaMeetingSealedNoticeDocumentFile	db.IaMeetingSealedNoticeDocumentFile
db.IaMeetingShortenPeriodDocument	db.IaMeetingShortenPeriodDocument
db.IaModusignDocumentUsageHistory	db.IaModusignDocumentUsageHistory
db.IaOperation	db.IaOperation
db.IaOperationManagement	db.IaOperationManagement
db.IaOwner	db.IaOwner
db.IaOwnerAuditLog	db.IaOwnerAuditLog
db.IaPartnerDataCollection	db.IaPartnerDataCollection
db.IaPartnerDataCollectionItem	db.IaPartnerDataCollectionItem
db.IaPartnerDataCollectionItemReply	db.IaPartnerDataCollectionItemReply
db.IaPartnerInvestmentConfirmation	db.IaPartnerInvestmentConfirmation
db.IaPartnerInvestmentConfirmationEmail	db.IaPartnerInvestmentConfirmationEmail
db.IaPartnerInvestmentConfirmationEmailRecipient	db.IaPartnerInvestmentConfirmationEmailRecipient
db.IaPartnerListDocument	db.IaPartnerListDocument
db.IaPaymentLink	db.IaPaymentLink
db.IaPfCompany	db.IaPfCompany
db.IaPfCompanyInvestment	db.IaPfCompanyInvestment
db.IaPfCompanyInvestmentSalesIntent	db.IaPfCompanyInvestmentSalesIntent
db.IaPfCompanyInvestmentStock	db.IaPfCompanyInvestmentStock
db.IaQuestionThread	db.IaQuestionThread
db.IaRule	db.IaRule
db.IaRuleCompensation	db.IaRuleCompensation
db.IaRuleDocument	db.IaRuleDocument
db.IaRuleInvestment	db.IaRuleInvestment
db.IaRuleMeeting	db.IaRuleMeeting
db.IaRulePartner	db.IaRulePartner
db.IaSealStamp	db.IaSealStamp
db.IaSealStampImage	db.IaSealStampImage
db.IaShareTransferEvent	db.IaShareTransferEvent
db.IaUserInvitation	db.IaUserInvitation
db.IaUserInvitationInvitee	db.IaUserInvitationInvitee
db.IaWrittenResolutionDocument	db.IaWrittenResolutionDocument
db.ImAcVcBroker	db.ImAcVcBroker
db.ImAccessLog	db.ImAccessLog
db.ImAttachment	db.ImAttachment
db.ImAttachmentDownloadLog	db.ImAttachmentDownloadLog
db.ImAttachmentPdfEvent	db.ImAttachmentPdfEvent
db.ImBroker	db.ImBroker
db.ImBrokerAssignment	db.ImBrokerAssignment
db.ImBrokerAssignmentInvitedUser	db.ImBrokerAssignmentInvitedUser
db.ImConsultingRequest	db.ImConsultingRequest
db.ImContactRequest	db.ImContactRequest
db.ImContactRequestIntention	db.ImContactRequestIntention
db.ImDay	db.ImDay
db.ImDayParticipation	db.ImDayParticipation
db.ImDayParticipationAttachment	db.ImDayParticipationAttachment
db.ImDaySurvey	db.ImDaySurvey
db.ImDisclosing	db.ImDisclosing
db.ImIndividualGpBroker	db.ImIndividualGpBroker
db.ImInvestorBroker	db.ImInvestorBroker
db.ImInvestorMemo	db.ImInvestorMemo
db.ImIrPartnerBroker	db.ImIrPartnerBroker
db.ImIrPartnerBrokerOwnerRelation	db.ImIrPartnerBrokerOwnerRelation
db.ImNote	db.ImNote
db.ImPitchingDay	db.ImPitchingDay
db.ImPitchingDayParticipation	db.ImPitchingDayParticipation
db.ImTag	db.ImTag
db.ImWatching	db.ImWatching
db.ImZuzuBroker	db.ImZuzuBroker
db.InauguralConsentDocument	db.InauguralConsentDocument
db.IncorporationBenefitRequest	db.IncorporationBenefitRequest
db.IncorporationIssueEvent	db.IncorporationIssueEvent
db.IncorporationRequest	db.IncorporationRequest
db.IncorporationRequestAoiFile	db.IncorporationRequestAoiFile
db.IncorporationRequestAssistance	db.IncorporationRequestAssistance
db.IncorporationRequestAssistanceReceipt	db.IncorporationRequestAssistanceReceipt
db.IncorporationRequestDirector	db.IncorporationRequestDirector
db.IncorporationRequestPromoter	db.IncorporationRequestPromoter
db.IncorporationRequestPromoterInstitutionCeo	db.IncorporationRequestPromoterInstitutionCeo
db.IncorporationRequestPurpose	db.IncorporationRequestPurpose
db.IndividualInvestorCompany	db.IndividualInvestorCompany
db.IndividualInvestorCompanyCeo	db.IndividualInvestorCompanyCeo
db.IndividualInvestorCompanyInfo	db.IndividualInvestorCompanyInfo
db.IndividualInvestorCompanyName	db.IndividualInvestorCompanyName
db.IndividualInvestorCompanyParValue	db.IndividualInvestorCompanyParValue
db.IndividualInvestorCompanyShareClass	db.IndividualInvestorCompanyShareClass
db.IndividualInvestorCompanyShareStock	db.IndividualInvestorCompanyShareStock
db.IndividualInvestorEvent	db.IndividualInvestorEvent
db.IndividualInvestorStakeholder	db.IndividualInvestorStakeholder
db.IndividualInvestorUser	db.IndividualInvestorUser
db.IndividualStakeholder	db.IndividualStakeholder
db.IndividualStockOption	db.IndividualStockOption
db.IndividualStockOptionCancelEvent	db.IndividualStockOptionCancelEvent
db.IndividualStockOptionCreateRequest	db.IndividualStockOptionCreateRequest
db.IndividualStockOptionCreateRequestEtcFile	db.IndividualStockOptionCreateRequestEtcFile
db.IndividualStockOptionExerciseEvent	db.IndividualStockOptionExerciseEvent
db.IndividualStockOptionGrantContract	db.IndividualStockOptionGrantContract
db.IndividualStockOptionGrantEvent	db.IndividualStockOptionGrantEvent
db.IndividualStockOptionGrantee	db.IndividualStockOptionGrantee
db.IndividualStockOptionPauseEvent	db.IndividualStockOptionPauseEvent
db.IndividualStockOptionResumeEvent	db.IndividualStockOptionResumeEvent
db.IndividualStockOptionSalesIntent	db.IndividualStockOptionSalesIntent
db.IndividualStockOptionVesting	db.IndividualStockOptionVesting
db.IndividualStockOptionVestingItem	db.IndividualStockOptionVestingItem
db.IndividualStockOptionVestingTraceable	db.IndividualStockOptionVestingTraceable
db.IndustrialCode	db.IndustrialCode
db.InputChannel	db.InputChannel
db.InputSignupChannel	db.InputSignupChannel
db.InstitutionStakeholder	db.InstitutionStakeholder
db.InstitutionStakeholderManager	db.InstitutionStakeholderManager
db.InternetRegistryOfficeOtp	db.InternetRegistryOfficeOtp
db.InternetRegistryOfficeOtpReturnRequest	db.InternetRegistryOfficeOtpReturnRequest
db.InvestmentAssociation	db.InvestmentAssociation
db.InvestmentAssociationAssociationPartner	db.InvestmentAssociationAssociationPartner
db.InvestmentAssociationAssociationPartnerManager	db.InvestmentAssociationAssociationPartnerManager
db.InvestmentAssociationCorporationPartner	db.InvestmentAssociationCorporationPartner
db.InvestmentAssociationCorporationPartnerManager	db.InvestmentAssociationCorporationPartnerManager
db.InvestmentAssociationDocument	db.InvestmentAssociationDocument
db.InvestmentAssociationEvent	db.InvestmentAssociationEvent
db.InvestmentAssociationIndividualPartner	db.InvestmentAssociationIndividualPartner
db.InvestmentAssociationIndividualPartnerLegalRepresentative	db.InvestmentAssociationIndividualPartnerLegalRepresentative
db.InvestmentAssociationOrganizationPartner	db.InvestmentAssociationOrganizationPartner
db.InvestmentAssociationOrganizationPartnerCeo	db.InvestmentAssociationOrganizationPartnerCeo
db.InvestmentAssociationOrganizationPartnerCorporationSigner	db.InvestmentAssociationOrganizationPartnerCorporationSigner
db.InvestmentAssociationOrganizationPartnerCorporationSignerCeo	db.InvestmentAssociationOrganizationPartnerCorporationSignerCeo
db.InvestmentAssociationOrganizationPartnerIndividualSigner	db.InvestmentAssociationOrganizationPartnerIndividualSigner
db.InvestmentAssociationOrganizationPartnerManager	db.InvestmentAssociationOrganizationPartnerManager
db.InvestmentAssociationOrganizationPartnerSigner	db.InvestmentAssociationOrganizationPartnerSigner
db.InvestmentAssociationPartner	db.InvestmentAssociationPartner
db.InvestmentAssociationPartnerManager	db.InvestmentAssociationPartnerManager
db.InvestmentAssociationPartnerResume	db.InvestmentAssociationPartnerResume
db.InvestmentAssociationPartnerResumeItem	db.InvestmentAssociationPartnerResumeItem
db.InvestmentAssociationPartnerSalesIntent	db.InvestmentAssociationPartnerSalesIntent
db.InvestmentAssociationShare	db.InvestmentAssociationShare
db.RtccConsentSummary	db.RtccConsentSummary
db.InvestmentAgreementDocument	db.InvestmentAgreementDocument
db.InvestmentContractHolder	db.InvestmentContractHolder
db.InvestmentRound	db.InvestmentRound
db.InvestmentRoundNewIssueEvent	db.InvestmentRoundNewIssueEvent
db.InvestmentSimulation	db.InvestmentSimulation
db.InvestmentSimulationInitialOption	db.InvestmentSimulationInitialOption
db.InvestmentSimulationInitialOptionGrantee	db.InvestmentSimulationInitialOptionGrantee
db.InvestmentSimulationInitialShareholder	db.InvestmentSimulationInitialShareholder
db.InvestmentSimulationInitialStock	db.InvestmentSimulationInitialStock
db.InvestmentSimulationInvestor	db.InvestmentSimulationInvestor
db.InvestmentSimulationNewIssueInvestment	db.InvestmentSimulationNewIssueInvestment
db.InvestmentSimulationPurchaseInvestment	db.InvestmentSimulationPurchaseInvestment
db.InvestmentSimulationPurchaseSellStock	db.InvestmentSimulationPurchaseSellStock
db.InvestmentSimulationRound	db.InvestmentSimulationRound
db.InvestorInterest	db.InvestorInterest
db.InvestorMatching	db.InvestorMatching
db.InvestorRelations	db.InvestorRelations
db.InvestorRelationsSurvey	db.InvestorRelationsSurvey
db.InvitationSeat	db.InvitationSeat
db.InvitationSeatRequest	db.InvitationSeatRequest
db.IrAiAnalysis	db.IrAiAnalysis
db.IrAiAnalysisLike	db.IrAiAnalysisLike
db.IrAiSummary	db.IrAiSummary
db.IrAlert	db.IrAlert
db.IrAlertInvestorRelations	db.IrAlertInvestorRelations
db.IrApproval	db.IrApproval
db.IrApprovalNotificationDismiss	db.IrApprovalNotificationDismiss
db.IrBrokerActivity	db.IrBrokerActivity
db.IrClosing	db.IrClosing
db.IrClosingComplete	db.IrClosingComplete
db.IrClosingExpired	db.IrClosingExpired
db.IrClosingIncomplete	db.IrClosingIncomplete
db.IrCommittedInvestmentAmount	db.IrCommittedInvestmentAmount
db.IrCompanyCreate	db.IrCompanyCreate
db.IrConsultingRequest	db.IrConsultingRequest
db.IrFeed	db.IrFeed
db.IrFeedAccessLog	db.IrFeedAccessLog
db.IrFeedRating	db.IrFeedRating
db.IrFundRaising	db.IrFundRaising
db.IrFundRaisingMemo	db.IrFundRaisingMemo
db.IrFundRaisingStageLog	db.IrFundRaisingStageLog
db.IrInsightClub	db.IrInsightClub
db.IrInsightClubParticipation	db.IrInsightClubParticipation
db.IrInsightClubParticipationAttendee	db.IrInsightClubParticipationAttendee
db.IrInsightClubSurvey	db.IrInsightClubSurvey
db.IrInvestorFeedback	db.IrInvestorFeedback
db.IrNote	db.IrNote
db.IrSearchMetadata	db.IrSearchMetadata
db.IrSubscription	db.IrSubscription
db.IrSubscriptionMarketingRequest	db.IrSubscriptionMarketingRequest
db.IrSyncState	db.IrSyncState
db.IrTeamMember	db.IrTeamMember
db.IrTranscript	db.IrTranscript
db.IrosOtpIssueMeetingDocument	db.IrosOtpIssueMeetingDocument
db.Jurisdiction	db.Jurisdiction
db.LawtalkSignup	db.LawtalkSignup
db.LawtalkSignupAttachment	db.LawtalkSignupAttachment
db.LedgerByCustomerDocument	db.LedgerByCustomerDocument
db.LegalPartner	db.LegalPartner
db.LegalPartnerEmail	db.LegalPartnerEmail
db.LegalPartnerPaypleSettings	db.LegalPartnerPaypleSettings
db.LegalPartnerRegistrationAssistanceSettings	db.LegalPartnerRegistrationAssistanceSettings
db.LegalPartnerSignupChannel	db.LegalPartnerSignupChannel
db.LegalPartnerSlackChannels	db.LegalPartnerSlackChannels
db.LegalPartnerUserRelation	db.LegalPartnerUserRelation
db.ManualOptionVesting	db.ManualOptionVesting
db.ManualOptionVestingItem	db.ManualOptionVestingItem
db.ManualProduct	db.ManualProduct
db.Meeting	db.Meeting
db.MeetingAttachment	db.MeetingAttachment
db.MeetingAttorney	db.MeetingAttorney
db.MeetingDirectorContact	db.MeetingDirectorContact
db.MeetingDocument	db.MeetingDocument
db.MeetingDocumentCache	db.MeetingDocumentCache
db.MeetingDocumentGeneration	db.MeetingDocumentGeneration
db.MeetingDocumentGenerationItem	db.MeetingDocumentGenerationItem
db.MeetingDocumentManualModification	db.MeetingDocumentManualModification
db.MeetingDraft	db.MeetingDraft
db.MeetingDraftAgendaDirectorChange	db.MeetingDraftAgendaDirectorChange
db.MeetingDraftAgendaDirectorCompensation	db.MeetingDraftAgendaDirectorCompensation
db.MeetingDraftAgendaDirectorCompensationItem	db.MeetingDraftAgendaDirectorCompensationItem
db.MeetingDraftRegistrationAssistance	db.MeetingDraftRegistrationAssistance
db.MeetingDraftSchedule	db.MeetingDraftSchedule
db.MeetingPrice	db.MeetingPrice
db.MembershipContent	db.MembershipContent
db.MembershipContentAccessLog	db.MembershipContentAccessLog
db.MembershipContentAuthor	db.MembershipContentAuthor
db.MembershipContentAuthorRelation	db.MembershipContentAuthorRelation
db.MiraeassetAccount	db.MiraeassetAccount
db.Mna	db.Mna
db.MnaBuyer	db.MnaBuyer
db.MnaBuyerAttachment	db.MnaBuyerAttachment
db.MnaConsultingRequest	db.MnaConsultingRequest
db.ModusignAccount	db.ModusignAccount
db.ModusignApiKey	db.ModusignApiKey
db.ModusignApiLog	db.ModusignApiLog
db.ModusignAuthentication	db.ModusignAuthentication
db.ModusignAuthorizationRequest	db.ModusignAuthorizationRequest
db.ModusignCompanyUserConnection	db.ModusignCompanyUserConnection
db.ModusignDocument	db.ModusignDocument
db.ModusignDocumentActionHistory	db.ModusignDocumentActionHistory
db.ModusignDocumentModusignAccountRelation	db.ModusignDocumentModusignAccountRelation
db.ModusignDocumentModusignApiKeyRelation	db.ModusignDocumentModusignApiKeyRelation
db.ModusignDocumentParticipant	db.ModusignDocumentParticipant
db.ModusignEmbeddedDraft	db.ModusignEmbeddedDraft
db.ModusignExceededSignings	db.ModusignExceededSignings
db.ModusignIaUserConnection	db.ModusignIaUserConnection
db.NaverWorkplaceAuthentication	db.NaverWorkplaceAuthentication
db.NaverWorkplaceCompany	db.NaverWorkplaceCompany
db.NaverWorkplaceEmployee	db.NaverWorkplaceEmployee
db.NcpSignupChannel	db.NcpSignupChannel
db.NewCeoCertificateOfSealDocument	db.NewCeoCertificateOfSealDocument
db.NewCeoResidentRegistrationDocument	db.NewCeoResidentRegistrationDocument
db.NewIssueEvent	db.NewIssueEvent
db.NewIssueNoticeEmail	db.NewIssueNoticeEmail
db.NewIssueNoticeEmailRecipient	db.NewIssueNoticeEmailRecipient
db.NewIssueSkipNoticeDocument	db.NewIssueSkipNoticeDocument
db.NewIssueStockAcceptanceDocument	db.NewIssueStockAcceptanceDocument
db.NewIssueStockAllocationDocument	db.NewIssueStockAllocationDocument
db.NewIssueStockAllocationRecordDateNoticeDocument	db.NewIssueStockAllocationRecordDateNoticeDocument
db.NewIssueStockSubscriptionDocument	db.NewIssueStockSubscriptionDocument
db.NewIssueStockUnissuedConfirmationDocument	db.NewIssueStockUnissuedConfirmationDocument
db.NewPartnerInvestmentEvent	db.NewPartnerInvestmentEvent
db.NonUnifiedShareCreateRequest	db.NonUnifiedShareCreateRequest
db.NonUnifiedShareEtcFile	db.NonUnifiedShareEtcFile
db.NonUnifiedShareManagement	db.NonUnifiedShareManagement
db.NonUnifiedShareManagementHistory	db.NonUnifiedShareManagementHistory
db.NonUnifiedShareManagementSalesIntent	db.NonUnifiedShareManagementSalesIntent
db.NonUnifiedShareStockUnissuedConfirmationFile	db.NonUnifiedShareStockUnissuedConfirmationFile
db.NonUnifiedShareSucPoaDocument	db.NonUnifiedShareSucPoaDocument
db.NonUnifiedShareSucPoaModusignDocument	db.NonUnifiedShareSucPoaModusignDocument
db.NonUnifiedShareSucRenewRequest	db.NonUnifiedShareSucRenewRequest
db.NotarizationPoA	db.NotarizationPoA
db.NotarizationPoaDirectorSigner	db.NotarizationPoaDirectorSigner
db.NotarizationPoaDocument	db.NotarizationPoaDocument
db.NotarizationPoaShareholderSigner	db.NotarizationPoaShareholderSigner
db.Notification	db.Notification
db.NotificationInbox	db.NotificationInbox
db.Option	db.Option
db.OptionAdjustment	db.OptionAdjustment
db.OptionAttachment	db.OptionAttachment
db.OptionCancelEvent	db.OptionCancelEvent
db.OptionContractTemplatePermission	db.OptionContractTemplatePermission
db.OptionExerciseClaim	db.OptionExerciseClaim
db.OptionExerciseClaimAttachment	db.OptionExerciseClaimAttachment
db.OptionExerciseClaimCandidate	db.OptionExerciseClaimCandidate
db.OptionExerciseClaimDocumentSetting	db.OptionExerciseClaimDocumentSetting
db.OptionExerciseClaimEventRelation	db.OptionExerciseClaimEventRelation
db.OptionExerciseClaimMeetingDocument	db.OptionExerciseClaimMeetingDocument
db.OptionExerciseClaimOption	db.OptionExerciseClaimOption
db.OptionExerciseClaimOptionTaxation	db.OptionExerciseClaimOptionTaxation
db.OptionExerciseClaimPayment	db.OptionExerciseClaimPayment
db.OptionExerciseEvent	db.OptionExerciseEvent
db.OptionExerciseManagement	db.OptionExerciseManagement
db.OptionExerciseManagementAttachmentSetting	db.OptionExerciseManagementAttachmentSetting
db.OptionExerciseManagementAttachmentSettingItem	db.OptionExerciseManagementAttachmentSettingItem
db.OptionExerciseManagementEmail	db.OptionExerciseManagementEmail
db.OptionExerciseManagementReminderSetting	db.OptionExerciseManagementReminderSetting
db.OptionExerciseManagementTaxation	db.OptionExerciseManagementTaxation
db.OptionExerciseManagementTaxationDefaultSetting	db.OptionExerciseManagementTaxationDefaultSetting
db.OptionGrantContract	db.OptionGrantContract
db.OptionGrantContractCeo	db.OptionGrantContractCeo
db.OptionGrantContractFirstRefusalRightHolder	db.OptionGrantContractFirstRefusalRightHolder
db.OptionGrantContractModusignDocument	db.OptionGrantContractModusignDocument
db.OptionGrantContractModusignEmbeddedDraft	db.OptionGrantContractModusignEmbeddedDraft
db.OptionGrantContractStakeholder	db.OptionGrantContractStakeholder
db.OptionGrantContractTemplate	db.OptionGrantContractTemplate
db.OptionGrantContractTemplateDraft	db.OptionGrantContractTemplateDraft
db.OptionGrantContractTemplateRevision	db.OptionGrantContractTemplateRevision
db.OptionGrantEvent	db.OptionGrantEvent
db.OptionGrantee	db.OptionGrantee
db.OptionManagement	db.OptionManagement
db.OptionManagementStakeholderSeat	db.OptionManagementStakeholderSeat
db.OptionPauseEvent	db.OptionPauseEvent
db.OptionQuantityTimeSeries	db.OptionQuantityTimeSeries
db.OptionResumeEvent	db.OptionResumeEvent
db.OptionTag	db.OptionTag
db.OptionTagCategory	db.OptionTagCategory
db.OptionTaxCalculatorSetting	db.OptionTaxCalculatorSetting
db.OptionValueChange	db.OptionValueChange
db.OptionVesting	db.OptionVesting
db.OptionVestingTraceable	db.OptionVestingTraceable
db.OptionWithdrawEvent	db.OptionWithdrawEvent
db.Order	db.Order
db.OrderPromotionRelation	db.OrderPromotionRelation
db.OrderStaffInChargeRelation	db.OrderStaffInChargeRelation
db.OrderStatusHistory	db.OrderStatusHistory
db.OrganizationChart	db.OrganizationChart
db.OtherDocumentArchive	db.OtherDocumentArchive
db.OtherDocumentArchiveAttachment	db.OtherDocumentArchiveAttachment
db.OwnerPermission	db.OwnerPermission
db.OwnerRole	db.OwnerRole
db.OwnerRolePermissionRelation	db.OwnerRolePermissionRelation
db.PageNumberUpdatedPdfEvent	db.PageNumberUpdatedPdfEvent
db.PasswordReset	db.PasswordReset
db.Payment	db.Payment
db.PaymentLink	db.PaymentLink
db.PaymentRefund	db.PaymentRefund
db.PaymentStatusHistory	db.PaymentStatusHistory
db.PaymentStore	db.PaymentStore
db.PaymentTermPartnerInvestmentEvent	db.PaymentTermPartnerInvestmentEvent
db.Payroll	db.Payroll
db.PayrollAnnualSalaryInfo	db.PayrollAnnualSalaryInfo
db.PayrollAnnualSalaryItem	db.PayrollAnnualSalaryItem
db.PayrollDocumentSealStampSetting	db.PayrollDocumentSealStampSetting
db.PayrollEmployeeMonthlyWage	db.PayrollEmployeeMonthlyWage
db.PayrollLedger	db.PayrollLedger
db.PayrollLedgerAttachment	db.PayrollLedgerAttachment
db.PayrollLedgerFile	db.PayrollLedgerFile
db.PayrollLedgerFileModificationRequest	db.PayrollLedgerFileModificationRequest
db.PayrollLedgerItem	db.PayrollLedgerItem
db.PayrollLedgerItemSettingRelation	db.PayrollLedgerItemSettingRelation
db.PayrollManagementRelation	db.PayrollManagementRelation
db.PayrollSetting	db.PayrollSetting
db.PayrollSettlement	db.PayrollSettlement
db.PayrollSettlementAutoCreation	db.PayrollSettlementAutoCreation
db.PayrollSettlementProgressLog	db.PayrollSettlementProgressLog
db.PayrollSocialInsuranceSetting	db.PayrollSocialInsuranceSetting
db.PayrollStaffUserRelation	db.PayrollStaffUserRelation
db.PayrollStatement	db.PayrollStatement
db.PayrollStatementAttendance	db.PayrollStatementAttendance
db.PayrollStatementDocument	db.PayrollStatementDocument
db.PayrollStatementEmail	db.PayrollStatementEmail
db.PayrollStatementEmailRecipient	db.PayrollStatementEmailRecipient
db.PayrollStatementItem	db.PayrollStatementItem
db.PayrollStatementPayrollInformation	db.PayrollStatementPayrollInformation
db.PayrollStatementScheduledEmail	db.PayrollStatementScheduledEmail
db.PayrollStatementScheduledEmailPeriodicTaskRelation	db.PayrollStatementScheduledEmailPeriodicTaskRelation
db.PdfEvent	db.PdfEvent
db.PerformanceRsuVestingItem	db.PerformanceRsuVestingItem
db.PeriodPhantomStockVestingItem	db.PeriodPhantomStockVestingItem
db.PeriodRsuVestingItem	db.PeriodRsuVestingItem
db.PeriodicOptionVesting	db.PeriodicOptionVesting
db.PeriodicOptionVestingItem	db.PeriodicOptionVestingItem
db.PhantomStock	db.PhantomStock
db.PhantomStockCancelEvent	db.PhantomStockCancelEvent
db.PhantomStockExerciseEvent	db.PhantomStockExerciseEvent
db.PhantomStockGrantContract	db.PhantomStockGrantContract
db.PhantomStockGrantEvent	db.PhantomStockGrantEvent
db.PhantomStockGrantee	db.PhantomStockGrantee
db.PhantomStockPauseEvent	db.PhantomStockPauseEvent
db.PhantomStockResumeEvent	db.PhantomStockResumeEvent
db.PhantomStockVesting	db.PhantomStockVesting
db.PhantomStockVestingItem	db.PhantomStockVestingItem
db.PhantomStockVestingTraceable	db.PhantomStockVestingTraceable
db.Phone	db.Phone
db.PhoneVerification	db.PhoneVerification
db.PingpongDelivery	db.PingpongDelivery
db.PingpongDeliveryAddress	db.PingpongDeliveryAddress
db.PipedriveSettings	db.PipedriveSettings
db.PitchingDayHall	db.PitchingDayHall
db.PitchingDayHallAccessLog	db.PitchingDayHallAccessLog
db.PitchingDayHallAssignedIrs	db.PitchingDayHallAssignedIrs
db.Playbook	db.Playbook
db.PortalAcademyGuide	db.PortalAcademyGuide
db.PortalAcademyGuideSubject	db.PortalAcademyGuideSubject
db.PortalMenuVisibilitySetting	db.PortalMenuVisibilitySetting
db.PortalOptionGuide	db.PortalOptionGuide
db.PortalSetting	db.PortalSetting
db.PortfolioCompany	db.PortfolioCompany
db.PortfolioCompanyFund	db.PortfolioCompanyFund
db.PortfolioCompanyManager	db.PortfolioCompanyManager
db.PortfolioCompanyUserRelation	db.PortfolioCompanyUserRelation
db.Post	db.Post
db.Price	db.Price
db.PrivacyPolicy	db.PrivacyPolicy
db.PrivacyPolicyLog	db.PrivacyPolicyLog
db.Product	db.Product
db.Promotion	db.Promotion
db.PromotionAddress	db.PromotionAddress
db.PromotionCode	db.PromotionCode
db.PromotionCodeUsageHistory	db.PromotionCodeUsageHistory
db.ProofOfEmploymentDocument	db.ProofOfEmploymentDocument
db.Purchase	db.Purchase
db.PurchaseItem	db.PurchaseItem
db.PurchaseStatusHistory	db.PurchaseStatusHistory
db.Purpose	db.Purpose
db.PushToken	db.PushToken
db.QrReplyPasswordReset	db.QrReplyPasswordReset
db.QrReplyPasswordResetRequest	db.QrReplyPasswordResetRequest
db.QuarterlyReportRequest	db.QuarterlyReportRequest
db.QuarterlyReportRequestAttachment	db.QuarterlyReportRequestAttachment
db.QuarterlyReportRequestRecipient	db.QuarterlyReportRequestRecipient
db.QuarterlyReportRequestReportItem	db.QuarterlyReportRequestReportItem
db.QuarterlyReportSettings	db.QuarterlyReportSettings
db.QuarterlyReportSignupChannel	db.QuarterlyReportSignupChannel
db.QuestionMessageAttachment	db.QuestionMessageAttachment
db.QuestionMessageScheduled	db.QuestionMessageScheduled
db.QuestionThread	db.QuestionThread
db.QuestionThreadAssignment	db.QuestionThreadAssignment
db.QuestionThreadMessage	db.QuestionThreadMessage
db.QuestionThreadMessageAccessLog	db.QuestionThreadMessageAccessLog
db.QuestionThreadMessageCategory	db.QuestionThreadMessageCategory
db.QuestionThreadMessageMarkAsAllReadLog	db.QuestionThreadMessageMarkAsAllReadLog
db.QuestionThreadMessagePeriodicTaskRelation	db.QuestionThreadMessagePeriodicTaskRelation
db.QuestionThreadMessageProfile	db.QuestionThreadMessageProfile
db.QuestionThreadMessageReminder	db.QuestionThreadMessageReminder
db.QuestionThreadMessageReview	db.QuestionThreadMessageReview
db.QuestionThreadMessageReviewRequest	db.QuestionThreadMessageReviewRequest
db.QuestionThreadTag	db.QuestionThreadTag
db.RebootProductContactRequest	db.RebootProductContactRequest
db.RegisteredMail	db.RegisteredMail
db.Registration	db.Registration
db.RegistrationAgenda	db.RegistrationAgenda
db.RegistrationAssistance	db.RegistrationAssistance
db.RegistrationAssistanceReceipt	db.RegistrationAssistanceReceipt
db.RegistrationCaseReport	db.RegistrationCaseReport
db.RegistrationCaseReportUpdateLog	db.RegistrationCaseReportUpdateLog
db.RegistrationDirector	db.RegistrationDirector
db.RegistrationFormAllInOneDocument	db.RegistrationFormAllInOneDocument
db.RegistrationFormAoiChangeDocument	db.RegistrationFormAoiChangeDocument
db.RegistrationFormBranchChangeDocument	db.RegistrationFormBranchChangeDocument
db.RegistrationFormCaptable	db.RegistrationFormCaptable
db.RegistrationFormCaptableDocument	db.RegistrationFormCaptableDocument
db.RegistrationFormCaptableNotarizationRequestor	db.RegistrationFormCaptableNotarizationRequestor
db.RegistrationFormCeoAddressChangeDocument	db.RegistrationFormCeoAddressChangeDocument
db.RegistrationFormDirectorChangeDocument	db.RegistrationFormDirectorChangeDocument
db.RegistrationFormHeadOfficeInsideRelocationDocument	db.RegistrationFormHeadOfficeInsideRelocationDocument
db.RegistrationFormHeadOfficeOutsideRelocationDocument	db.RegistrationFormHeadOfficeOutsideRelocationDocument
db.RegistrationFormNewIssueDocument	db.RegistrationFormNewIssueDocument
db.RegistrationFormNewOptionsRuleDocument	db.RegistrationFormNewOptionsRuleDocument
db.RegistrationHelp	db.RegistrationHelp
db.RegistrationPoaDocument	db.RegistrationPoaDocument
db.RegistrationRoundRobinState	db.RegistrationRoundRobinState
db.RegularProduct	db.RegularProduct
db.ResignationLetterDocument	db.ResignationLetterDocument
db.ResignedDirectorCertificateOfSealDocument	db.ResignedDirectorCertificateOfSealDocument
db.RightToConsentOrConsult	db.RightToConsentOrConsult
db.RsuRsa	db.RsuRsa
db.RsuAdjustEvent	db.RsuAdjustEvent
db.RsuCancelEvent	db.RsuCancelEvent
db.RsuExerciseClaim	db.RsuExerciseClaim
db.RsuExerciseClaimAttachment	db.RsuExerciseClaimAttachment
db.RsuExerciseClaimCandidate	db.RsuExerciseClaimCandidate
db.RsuExerciseClaimCandidateEmailRecipient	db.RsuExerciseClaimCandidateEmailRecipient
db.RsuExerciseClaimEventRelation	db.RsuExerciseClaimEventRelation
db.RsuExerciseClaimRsu	db.RsuExerciseClaimRsu
db.RsuExerciseEvent	db.RsuExerciseEvent
db.RsuExerciseManagement	db.RsuExerciseManagement
db.RsuExerciseManagementAttachmentSetting	db.RsuExerciseManagementAttachmentSetting
db.RsuExerciseManagementAttachmentSettingItem	db.RsuExerciseManagementAttachmentSettingItem
db.RsuExerciseManagementEmail	db.RsuExerciseManagementEmail
db.RsuExtraAttachment	db.RsuExtraAttachment
db.RsuGrantContract	db.RsuGrantContract
db.RsuGrantContractModusignDocument	db.RsuGrantContractModusignDocument
db.RsuGrantContractTemplate	db.RsuGrantContractTemplate
db.RsuGrantContractTemplateStakeholder	db.RsuGrantContractTemplateStakeholder
db.RsuGrantEvent	db.RsuGrantEvent
db.RsuGrantee	db.RsuGrantee
db.RsuMeeting	db.RsuMeeting
db.RsuMeetingAttachment	db.RsuMeetingAttachment
db.RsuPauseEvent	db.RsuPauseEvent
db.RsuPerformanceAchievementEvent	db.RsuPerformanceAchievementEvent
db.RsuPerformanceCondition	db.RsuPerformanceCondition
db.RsuResumeEvent	db.RsuResumeEvent
db.RsuTag	db.RsuTag
db.RsuTagCategory	db.RsuTagCategory
db.RsuVesting	db.RsuVesting
db.RsuVestingItem	db.RsuVestingItem
db.RsuVestingTraceable	db.RsuVestingTraceable
db.RtccSummaryAnalysisRequest	db.RtccSummaryAnalysisRequest
db.RtccEmail	db.RtccEmail
db.RtccEmailAuthentication	db.RtccEmailAuthentication
db.RtccInvestor	db.RtccInvestor
db.RtccInvestorFile	db.RtccInvestorFile
db.Safe	db.Safe
db.SafeConversionEvent	db.SafeConversionEvent
db.SafeCreateEvent	db.SafeCreateEvent
db.SalesIntent	db.SalesIntent
db.SalesMetric	db.SalesMetric
db.SalesReportDocument	db.SalesReportDocument
db.SdContactRequest	db.SdContactRequest
db.SealCard	db.SealCard
db.SealCardReturnRequest	db.SealCardReturnRequest
db.SealCardReturnStatusHistory	db.SealCardReturnStatusHistory
db.SealCertificateDelivery	db.SealCertificateDelivery
db.SealCertificateIssueRequest	db.SealCertificateIssueRequest
db.SealStamp	db.SealStamp
db.SealStampCardContinuedUseApplicationFormDocument	db.SealStampCardContinuedUseApplicationFormDocument
db.SealStampDeclarationDocument	db.SealStampDeclarationDocument
db.SealStampImage	db.SealStampImage
db.SealStampUsageHistory	db.SealStampUsageHistory
db.SealedOptionGrantContractDocument	db.SealedOptionGrantContractDocument
db.SealedOptionGrantShareholdersMeetingResolutionDocument	db.SealedOptionGrantShareholdersMeetingResolutionDocument
db.SecondaryDeal	db.SecondaryDeal
db.SelfRegistration	db.SelfRegistration
db.ServiceFee	db.ServiceFee
db.ServiceFeeItem	db.ServiceFeeItem
db.ShareClass	db.ShareClass
db.Shareholder	db.Shareholder
db.ShareholderInstitutionMember	db.ShareholderInstitutionMember
db.ShareholderInstitutionMemberCeo	db.ShareholderInstitutionMemberCeo
db.ShareholderVote	db.ShareholderVote
db.ShareholderVotingRightsPerAgenda	db.ShareholderVotingRightsPerAgenda
db.ShareholdersAgreementModusignDocument	db.ShareholdersAgreementModusignDocument
db.ShareholdersAgreementModusignEmbeddedDraft	db.ShareholdersAgreementModusignEmbeddedDraft
db.ShareholdersAgreementStakeholder	db.ShareholdersAgreementStakeholder
db.ShareholdersCertificateOfSealDocument	db.ShareholdersCertificateOfSealDocument
db.ShareholdersMeeting	db.ShareholdersMeeting
db.ShareholdersMeetingAgenda	db.ShareholdersMeetingAgenda
db.ShareholdersMeetingAuditReportDocument	db.ShareholdersMeetingAuditReportDocument
db.ShareholdersMeetingConvocationNoticeEmail	db.ShareholdersMeetingConvocationNoticeEmail
db.ShareholdersMeetingConvocationNoticeEmailAttachment	db.ShareholdersMeetingConvocationNoticeEmailAttachment
db.ShareholdersMeetingConvocationNoticeEmailNewIssueAttachment	db.ShareholdersMeetingConvocationNoticeEmailNewIssueAttachment
db.ShareholdersMeetingConvocationNoticeEmailRecipient	db.ShareholdersMeetingConvocationNoticeEmailRecipient
db.ShareholdersMeetingConvocationNoticeRecipient	db.ShareholdersMeetingConvocationNoticeRecipient
db.ShareholdersMeetingConvocationNoticeWrittenRecipient	db.ShareholdersMeetingConvocationNoticeWrittenRecipient
db.ShareholdersMeetingDirectorAttendance	db.ShareholdersMeetingDirectorAttendance
db.ShareholdersMeetingMinutesDocument	db.ShareholdersMeetingMinutesDocument
db.ShareholdersMeetingNoticeDocument	db.ShareholdersMeetingNoticeDocument
db.ShareholdersMeetingPowerOfAttorneyDocument	db.ShareholdersMeetingPowerOfAttorneyDocument
db.ShareholdersMeetingPowerOfAttorneyIndividualDocument	db.ShareholdersMeetingPowerOfAttorneyIndividualDocument
db.ShareholdersMeetingShareholderAttendance	db.ShareholdersMeetingShareholderAttendance
db.ShareholdersMeetingShortenPeriodDocument	db.ShareholdersMeetingShortenPeriodDocument
db.ShareholdersMeetingShortenPeriodIndividualDocument	db.ShareholdersMeetingShortenPeriodIndividualDocument
db.ShareholdersMeetingSkipNoticeDocument	db.ShareholdersMeetingSkipNoticeDocument
db.ShareholdersMeetingWrittenDecisionDocument	db.ShareholdersMeetingWrittenDecisionDocument
db.ShareholdersMeetingWrittenDecisionIndividualDocument	db.ShareholdersMeetingWrittenDecisionIndividualDocument
db.ShareholdersWrittenResolutionDocument	db.ShareholdersWrittenResolutionDocument
db.ShortUrlLog	db.ShortUrlLog
db.SignupChannel	db.SignupChannel
db.SignupLog	db.SignupLog
db.SiteSettings	db.SiteSettings
db.SlackChannels	db.SlackChannels
db.StaffInCharge	db.StaffInCharge
db.Stakeholder	db.Stakeholder
db.StakeholderAccount	db.StakeholderAccount
db.StakeholderCustodian	db.StakeholderCustodian
db.StakeholderSeat	db.StakeholderSeat
db.StarredQuestionThread	db.StarredQuestionThread
db.Stock	db.Stock
db.StockConsolidationEvent	db.StockConsolidationEvent
db.StockConversionEvent	db.StockConversionEvent
db.StockDocumentAnalysis	db.StockDocumentAnalysis
db.StockReregistrationEvent	db.StockReregistrationEvent
db.StockRetirementEvent	db.StockRetirementEvent
db.StockSplitEvent	db.StockSplitEvent
db.StockTransferAgreement	db.StockTransferAgreement
db.StockTransferAgreementClauses	db.StockTransferAgreementClauses
db.StockTransferAgreementItem	db.StockTransferAgreementItem
db.StockTransferAgreementManagement	db.StockTransferAgreementManagement
db.StockTransferAgreementManagementStakeholderSeat	db.StockTransferAgreementManagementStakeholderSeat
db.StockTransferAgreementModusignDocument	db.StockTransferAgreementModusignDocument
db.StockTransferAgreementModusignEmbeddedDraft	db.StockTransferAgreementModusignEmbeddedDraft
db.StockTransferAgreementPurchaserInstitution	db.StockTransferAgreementPurchaserInstitution
db.StockTransferAgreementSellerInstitution	db.StockTransferAgreementSellerInstitution
db.StockTransferAgreementSurvey	db.StockTransferAgreementSurvey
db.StockTransferEvent	db.StockTransferEvent
db.StockTransferPrice	db.StockTransferPrice
db.StockUnissuedConfirmationRequest	db.StockUnissuedConfirmationRequest
db.StripeCard	db.StripeCard
db.StripeCustomer	db.StripeCustomer
db.StripePayment	db.StripePayment
db.Subscription	db.Subscription
db.SubscriptionBonus	db.SubscriptionBonus
db.SubscriptionContract	db.SubscriptionContract
db.SubscriptionModusignDocumentUsageHistory	db.SubscriptionModusignDocumentUsageHistory
db.SubscriptionPackage	db.SubscriptionPackage
db.SubscriptionPaymentRequest	db.SubscriptionPaymentRequest
db.SubscriptionPenaltyPayment	db.SubscriptionPenaltyPayment
db.SubscriptionPeriod	db.SubscriptionPeriod
db.SubscriptionPerk	db.SubscriptionPerk
db.SubscriptionPlan	db.SubscriptionPlan
db.SubscriptionPlanOffering	db.SubscriptionPlanOffering
db.SubscriptionPlanPerk	db.SubscriptionPlanPerk
db.SubscriptionPlanPermission	db.SubscriptionPlanPermission
db.SubscriptionPolicy	db.SubscriptionPolicy
db.SubscriptionPromotion	db.SubscriptionPromotion
db.SubscriptionReservation	db.SubscriptionReservation
db.SubscriptionSuspensionHistory	db.SubscriptionSuspensionHistory
db.TalingCoupon	db.TalingCoupon
db.TanTableView	db.TanTableView
db.TaxBookkeepingServiceRequest	db.TaxBookkeepingServiceRequest
db.TaxPartnerTbkContract	db.TaxPartnerTbkContract
db.TaxPartnerTbkContractItem	db.TaxPartnerTbkContractItem
db.TaxPartnerTbkSettings	db.TaxPartnerTbkSettings
db.TaxReceiptDocument	db.TaxReceiptDocument
db.TbkConsulting	db.TbkConsulting
db.TbkConsultingMemo	db.TbkConsultingMemo
db.TbkConsultingRefusal	db.TbkConsultingRefusal
db.TbkConsultingStatusLog	db.TbkConsultingStatusLog
db.TbkContract	db.TbkContract
db.TbkContractBenefit	db.TbkContractBenefit
db.TbkContractSettlement	db.TbkContractSettlement
db.Template	db.Template
db.TextValueWithVisibility	db.TextValueWithVisibility
db.ThirdPartyApiNotice	db.ThirdPartyApiNotice
db.ThirdPartyArticleProvider	db.ThirdPartyArticleProvider
db.ThirdPartyArticleProviderUserRelation	db.ThirdPartyArticleProviderUserRelation
db.TwoFactorAuthentication	db.TwoFactorAuthentication
db.UnknownIssueEvent	db.UnknownIssueEvent
db.UnknownPartnerInvestmentEvent	db.UnknownPartnerInvestmentEvent
db.UserApiKey	db.UserApiKey
db.UserApiKeyCompanyAccess	db.UserApiKeyCompanyAccess
db.UserApiKeyCompanyRelation	db.UserApiKeyCompanyRelation
db.UserApiKeyRevocation	db.UserApiKeyRevocation
db.UserDailyAccess	db.UserDailyAccess
db.UserDetailedSurvey	db.UserDetailedSurvey
db.UserEmailConsentRequest	db.UserEmailConsentRequest
db.UserExtraAuthentication	db.UserExtraAuthentication
db.UserGuideState	db.UserGuideState
db.UserInvitation	db.UserInvitation
db.UserInvitationInvitee	db.UserInvitationInvitee
db.UserInvitationOwnerRoleRelation	db.UserInvitationOwnerRoleRelation
db.UserMarketingStatus	db.UserMarketingStatus
db.UserNotificationSettings	db.UserNotificationSettings
db.UserProfileImage	db.UserProfileImage
db.UserProfileImageMapping	db.UserProfileImageMapping
db.UserSealCardRelation	db.UserSealCardRelation
db.UserSessionLog	db.UserSessionLog
db.UserSettings	db.UserSettings
db.UserSurvey	db.UserSurvey
db.ValuationHistory	db.ValuationHistory
db.ValuationServiceRequest	db.ValuationServiceRequest
db.ValueWithVisibility	db.ValueWithVisibility
db.VcIrRecommendationRequest	db.VcIrRecommendationRequest
db.VcIrRecommendationRequestResult	db.VcIrRecommendationRequestResult
db.VcLpReport	db.VcLpReport
db.VcLpReportRequest	db.VcLpReportRequest
db.VcLpReportRequestRecipient	db.VcLpReportRequestRecipient
db.VcNameAlias	db.VcNameAlias
db.VcSearchLog	db.VcSearchLog
db.VcUserRole	db.VcUserRole
db.VentureBusinessCertification	db.VentureBusinessCertification
db.VentureBusinessCertificationExpirationNotificationLog	db.VentureBusinessCertificationExpirationNotificationLog
db.VentureCapital	db.VentureCapital
db.VentureCapitalEmailTemplates	db.VentureCapitalEmailTemplates
db.VentureCapitalPaymentLink	db.VentureCapitalPaymentLink
db.VentureCapitalQuarterlyReport	db.VentureCapitalQuarterlyReport
db.VentureCapitalQuarterlyReportContentTemplate	db.VentureCapitalQuarterlyReportContentTemplate
db.VentureCapitalQuarterlyReportItem	db.VentureCapitalQuarterlyReportItem
db.VentureCapitalQuarterlyReportItemReply	db.VentureCapitalQuarterlyReportItemReply
db.VentureCapitalQuarterlyReportReply	db.VentureCapitalQuarterlyReportReply
db.VentureCapitalSubscription	db.VentureCapitalSubscription
db.VentureCapitalSubscriptionPlan	db.VentureCapitalSubscriptionPlan
db.VentureCapitalSubscriptionPlanPermission	db.VentureCapitalSubscriptionPlanPermission
db.VentureCapitalSubscriptionPlanPrice	db.VentureCapitalSubscriptionPlanPrice
db.VentureCapitalUserRelation	db.VentureCapitalUserRelation
db.VentureComplex	db.VentureComplex
db.VideoCollection	db.VideoCollection
db.VideoCollectionFeedback	db.VideoCollectionFeedback
db.VideoCollectionPermission	db.VideoCollectionPermission
db.VideoContent	db.VideoContent
db.VideoContentHistory	db.VideoContentHistory
db.VideoContentSpeecher	db.VideoContentSpeecher
db.Webinar	db.Webinar
db.WebinarSubject	db.WebinarSubject
db.WebinarTarget	db.WebinarTarget
db.Whitepaper	db.Whitepaper
db.WhitepaperPreviewFile	db.WhitepaperPreviewFile
db.WhitepaperWatermarkFile	db.WhitepaperWatermarkFile
db.WhtBook	db.WhtBook
db.WhtBookWithoutDate	db.WhtBookWithoutDate
db.WhtCertificate	db.WhtCertificate
db.WhtReceipt	db.WhtReceipt
db.WithdrawAccountRequest	db.WithdrawAccountRequest
db.WithdrawnUser	db.WithdrawnUser
db.WrittenStatementDocument	db.WrittenStatementDocument
db.YearEndTaxSettlement	db.YearEndTaxSettlement
db.YearEndTaxSettlementConfirmationSchedule	db.YearEndTaxSettlementConfirmationSchedule
db.YetsAssistance	db.YetsAssistance
db.YetsAssistanceCreator	db.YetsAssistanceCreator
db.YetsAssistanceCreatorUser	db.YetsAssistanceCreatorUser
db.YetsAssistanceCreatorYetsEmployee	db.YetsAssistanceCreatorYetsEmployee
db.YetsAssistanceMessage	db.YetsAssistanceMessage
db.YetsAssistanceMessageFile	db.YetsAssistanceMessageFile
db.YetsAssistanceStaffAccessLog	db.YetsAssistanceStaffAccessLog
db.YetsAssistanceStaffFavoriteRelation	db.YetsAssistanceStaffFavoriteRelation
db.YetsEmail	db.YetsEmail
db.YetsEmailAuthentication	db.YetsEmailAuthentication
db.YetsEmployee	db.YetsEmployee
db.YetsEmployeeFile	db.YetsEmployeeFile
db.YetsEmployeeResult	db.YetsEmployeeResult
db.YetsEmployeeResultAssistanceMessageRelation	db.YetsEmployeeResultAssistanceMessageRelation
db.YetsEmployeeResultStatusLog	db.YetsEmployeeResultStatusLog
db.YetsEmployeeResultWhtReceipt	db.YetsEmployeeResultWhtReceipt
db.YetsEmployeeSubmissionLog	db.YetsEmployeeSubmissionLog
db.YetsEmployeeUploadForm	db.YetsEmployeeUploadForm
db.YetsEmployeeUploadFormStatusLog	db.YetsEmployeeUploadFormStatusLog
db.ZuzuOptionGrantContractTemplate	db.ZuzuOptionGrantContractTemplate
db.ZuzuOptionGrantContractTemplateRevision	db.ZuzuOptionGrantContractTemplateRevision
db.ZuzuTaxAdvice	db.ZuzuTaxAdvice
db.ZuzuTaxPhoneToken	db.ZuzuTaxPhoneToken
document_ai.DocumentAiProcessRequest	document_ai.DocumentAiProcessRequest
document_ai.DocumentAiProcessResult	document_ai.DocumentAiProcessResult
fi_sta.FiStaCompany	fi_sta.FiStaCompany
fi_sta.FiStaCompanyCeo	fi_sta.FiStaCompanyCeo
fi_sta.FiStaCompanySearchResult	fi_sta.FiStaCompanySearchResult
fi_sta.FiStaContractDocument	fi_sta.FiStaContractDocument
fi_sta.FiStaManagement	fi_sta.FiStaManagement
fi_sta.FiStaModusignDocument	fi_sta.FiStaModusignDocument
fi_sta.FiStaParticipant	fi_sta.FiStaParticipant
fi_sta.FiStaStockTransferAgreementDocument	fi_sta.FiStaStockTransferAgreementDocument
fi_sta.FiStaStockTransferNoticePoaDocument	fi_sta.FiStaStockTransferNoticePoaDocument
fi_sta.FiStaStockUnissuedConfirmationDocument	fi_sta.FiStaStockUnissuedConfirmationDocument
fi_sta.FiStaStockUnissuedConfirmationPoaDocument	fi_sta.FiStaStockUnissuedConfirmationPoaDocument
fi_sta.FiStaTransferStock	fi_sta.FiStaTransferStock
fi_sta.FiStaUser	fi_sta.FiStaUser
vertex_ai.VertexAiPredictionRequest	vertex_ai.VertexAiPredictionRequest
vertex_ai.VertexAiPredictionResult	vertex_ai.VertexAiPredictionResult
db.HrmAttendanceLocation	db.HrmAttendanceLocation
db.CompanyDocumentAIAnalysis	db.CompanyDocumentAIAnalysis
db.HrmSelectiveWorkPlan	db.HrmSelectiveWorkPlan
db.HrmSelectiveWorkPlanItem	db.HrmSelectiveWorkPlanItem
db.IncorporationRequestPromoterCustodian	db.IncorporationRequestPromoterCustodian
db.InvestmentAgreement	db.InvestmentAgreement
db.RsuRsaSealedContractFile	db.RsuRsaSealedContractFile
db.RtccSummaryAnalysisRequestDocument	db.RtccSummaryAnalysisRequestDocument
db.RtccSummaryAnalysisResult	db.RtccSummaryAnalysisResult
db.RtccSummaryAnalysisResultDocument	db.RtccSummaryAnalysisResultDocument
db.AgendaOptionCancelOptionDistribution	db.AgendaOptionCancelOptionDistribution
db.CompanySsoConfiguration	db.CompanySsoConfiguration
db.CompanySsoEmailDomain	db.CompanySsoEmailDomain
db.CompanySsoIdentity	db.CompanySsoIdentity
db.HrmSelectiveWork	db.HrmSelectiveWork
db.HrmSelectiveWorkPlanConfig	db.HrmSelectiveWorkPlanConfig
db.HrmSelectiveWorkSchedule	db.HrmSelectiveWorkSchedule
db.HrmSelectiveWorkSettlementConfig	db.HrmSelectiveWorkSettlementConfig
db.HrmSlackIntegration	db.HrmSlackIntegration
db.HrmSlackChannelConfig	db.HrmSlackChannelConfig
db.IaPartnerWithdrawalEvent	db.IaPartnerWithdrawalEvent
db.OptionExerciseManagementCommonSetting	db.OptionExerciseManagementCommonSetting
db.OptionExerciseManagementPaymentBankSetting	db.OptionExerciseManagementPaymentBankSetting
db.RsaForfeitEvent	db.RsaForfeitEvent
db.RsaVestConfirmEvent	db.RsaVestConfirmEvent
db.UserMailIntegration	db.UserMailIntegration
