db.Address	308	250
db.AgendaAuthorizedSharesChange	262	74
db.AgendaBonusIssueNewIssueBalanceCertificateFile	396	74
db.AgendaBonusIssueNewIssueMinutesFile	336	74
db.AgendaBonusIssueSharesToIssue	284	74
db.AgendaBorrowCapital	236	74
db.AgendaBranchChange	248	98
db.AgendaCashDividends	236	74
db.AgendaCeoAddressChangeItem	254	74
db.AgendaChangeOfAoiClassStock	269	74
db.AgendaChangeOfAoiCustom	248	82
db.AgendaChangeOfAoiDirectorCompensationRule	380	74
db.AgendaChangeOfAoiNumberOfDirectors	328	74
db.AgendaChangeOfAoiThirdPartyAllocation	351	74
db.AgendaChangeOfArticlesOfIncorporation	367	130
db.AgendaDirectorChange	248	106
db.AgendaDirectorCompensation	252	90
db.AgendaDirectorCompensationItem	277	74
db.AgendaHeadOfficeRelocation	259	106
db.AgendaMethodOfGivingPublicNoticeChange	370	82
db.AgendaNewIssue	272	170
db.AgendaNewIssueItem	260	130
db.AgendaNewIssueItemFromConversion	306	74
db.AgendaNewIssueItemFromPayment	284	74
db.AgendaNewIssueItemInstitutionMember	328	74
db.AgendaNewIssueItemInstitutionMemberCeo	358	74
db.AgendaNewIssueItemShareClass	277	74
db.AgendaNewIssueItemShareholder	277	74
db.AgendaNewIssueNewShareClass	269	74
db.AgendaOptionCancel	248	98
db.AgendaOptionCancelGrantee	252	82
db.AgendaOptionCancelOption	248	82
db.AgendaOptionExerciseClaim	252	82
db.AgendaOptionExerciseGrantee	266	90
db.AgendaOptionExerciseGranteeOption	306	74
db.AgendaOptionGrant	248	90
db.AgendaOptionGrantGrantee	248	98
db.AgendaPurposeChangeItem	236	74
db.AgendaRsuGrantGrantee	248	82
db.AgendaShareholdersMeetingConvocation	321	74
db.AiAnalysisFeedback	236	74
db.AiPayrollLedger	236	74
db.AlimtalkActivity	236	74
db.AlimtalkActivityRecipient	248	82
db.AlimtalkActivityRecipientStatusHistory	343	74
db.AllocatedSeat	236	74
db.Announcement	248	82
db.AnnualSalary	236	74
db.AppCard	236	74
db.Article	248	82
db.ArticlePublishHistory	236	74
db.ArticlesOfIncorporation	260	114
db.ArticlesOfIncorporationAnalyzationResult	358	74
db.AuditLog	236	74
db.AvailableModusignRequest	236	74
db.BaseModusignDocumentUsageHistory	311	82
db.Basket	236	74
db.BeforeunloadPdfEvent	236	74
db.BonusIssueEvent	236	74
db.BranchAbolitionEvent	236	74
db.BranchInstallationEvent	248	98
db.BulkEmail	260	138
db.BulkEmailCommonAttachment	240	74
db.BulkEmailRecipientAttachment	262	74
db.BulkEmailTemplate	248	82
db.BulkEmailTemplateRevision	240	74
db.BusinessPlan	236	74
db.BusinessPlanAiAnalysis	236	74
db.BusinessPlanAiAnalysisItem	266	82
db.BusinessPlanAiAnalysisItemImprovement	343	74
db.BusinessPlanAiReview	248	82
db.CalendarEvent	236	74
db.CapitalReductionEvent	236	74
db.CashIncentive	248	82
db.CashIncentiveCategory	236	74
db.CashIncentiveItem	236	74
db.CashPayment	236	74
db.Charge	248	82
db.CmeBulkEmail	248	82
db.CmeBulkEmailRecipient	248	82
db.CmeBulkEmailTemplate	236	74
db.CmeCompany	260	114
db.CmeCompanyContact	236	74
db.CmeCompanyContactNotificationSettings	336	74
db.CmeCompanyDirectorTermManagement	299	74
db.CmeCompanyNote	236	74
db.CmeCompanyRegistration	248	82
db.CmeCompanyRegistrationFile	247	74
db.CmeContact	248	90
db.CmeMemberRelation	236	74
db.CommonAddress	236	74
db.Company	380	434
db.CompanyBulkEmailTemplate	236	74
db.CompanyCreateProgress	236	74
db.CompanyCreateRequest	260	130
db.CompanyDepartment	236	74
db.CompanyDepartmentCode	248	98
db.CompanyDocumentDelivery	236	74
db.CompanyEndorsement	236	74
db.CompanyEndorsementFeed	236	74
db.CompanyExpertClientRelation	254	74
db.CompanyFeed	248	106
db.CompanyFeedAccessLog	236	74
db.CompanyFeedRating	236	74
db.CompanyIrClosingFeed	236	74
db.CompanyIrNewCommitFeed	236	74
db.CompanyIrOpenFeed	236	74
db.CompanyLegalPartnerRelation	254	74
db.CompanyManagingEntity	260	130
db.CompanyMethodOfGivingPublicNoticeChange	365	74
db.CompanyNews	248	82
db.CompanyNewsFeed	236	74
db.CompanyNewsLink	236	74
db.CompanyNotificationSetting	240	74
db.CompanyNotificationTrigger	240	74
db.CompanyOwnerAuditLog	248	82
db.CompanyOwnerAuditLogOwnerRoleRelation	351	74
db.CompanyOwnerNotificationTrigger	284	74
db.CompanyPaymentLink	236	74
db.CompanyPromotionInfo	236	74
db.CompanyPromotionPrizeType	240	74
db.CompanyPurposeChange	236	74
db.CompanyPurposeChangeItem	236	74
db.CompanyQuestionThread	284	178
db.CompanyRegistrationStaffStatus	277	74
db.CompanyUpdateRequest	248	82
db.CompanyUserRelation	248	98
db.CompanyUserRelationOwnerRoleRelation	336	74
db.ConsentForm	248	98
db.ConsentFormItem	236	74
db.ConsentFormModusignDocument	254	74
db.ConsentFormModusignEmbeddedDraft	299	74
db.ConsentFormOptionItem	236	74
db.CorporateRegistration	248	98
db.CorporateRegistrationChangeConfirmation	343	74
db.CorporateRegistrationChangeDetection	333	98
db.CorporateRegistrationChangeDetectionParseResult	396	74
db.CorporateRegistrationExtractionLog	306	74
db.CorporateRegistrationIssueCoupon	303	82
db.CorporateRegistrationIssueCouponIssueLog	365	74
db.CorporateRegistrationIssueCouponUseRequest	380	74
db.CorporateRegistrationIssueCouponUseResult	385	82
db.CorporateRegistrationIssueLog	281	98
db.CorporateRegistrationIssueMaintenance	328	74
db.CorporateRegistrationIssueRequest	299	74
db.CorporateRegistrationPaidIssue	289	82
db.CorporationPostRegistrationEmail	291	74
db.CorporationPostRegistrationScheduledEmail	365	74
db.CorporationPostRegistrationScheduledEmailPeriodicTaskRelation	396	74
db.Credit	248	90
db.CreditCard	248	98
db.CreditUse	236	74
db.CsAgentResponse	248	82
db.CsAgentResponseFeedBack	236	74
db.CustomOptionGrantContractTemplate	306	74
db.CustomOptionGrantContractTemplateRevision	373	74
db.DailyNewspaper	248	82
db.DataPortalAddressInformationCache	306	74
db.DemoCompanyCreationLog	236	74
db.Department	236	74
db.DepartmentStaffUserRelation	236	74
db.Director	272	146
db.DirectorsMeeting	260	122
db.DirectorsMeetingAgenda	284	186
db.DirectorsMeetingDirectorAttendance	330	114
db.DirectorsMeetingNoticeEmail	266	82
db.DirectorsMeetingNoticeEmailRecipient	311	82
db.DivaFund	236	74
db.DocumentDelivery	248	82
db.DocumentDeliveryQuestionThreadRelation	343	74
db.DocumentLoadedPdfEvent	236	74
db.DocumentParseResult	236	74
db.DormantConversionNotifiedActivity	299	74
db.DormantUser	248	82
db.DormantUserEmail	236	74
db.DormantUserPhone	236	74
db.DormantUserReactivationToken	262	74
db.ESOP	260	114
db.ESOPParticipant	248	90
db.ElectronicCertificate	248	90
db.ElectronicCertificateFileDownloadHistory	358	74
db.ElectronicCertificateFileUploadRequest	343	74
db.ElectronicCertificateFileUploaded	299	74
db.ElectronicCertificateReturnRequest	306	74
db.Email	236	74
db.EmailActivity	236	74
db.EmailActivityRecipient	248	98
db.EmailActivityRecipientStatusHistory	321	74
db.EmailVerification	236	74
db.Employee	284	202
db.EmployeeDepartmentCodeRelation	277	74
db.EmployeeOption	248	106
db.EmployeeOptionExerciseCandidate	296	90
db.EmployeeOptionExerciseCandidateFile	321	74
db.EmployeeOptionExerciseClaim	266	82
db.EmployeeOptionExerciseClaimOption	306	74
db.EmployeeOptionExerciseManagement	303	82
db.EmployeeOptionExerciseManagementEmail	336	74
db.EmployeeOptionGrantee	236	74
db.EmployeeOptionVesting	236	74
db.EmployeeOptionVestingItem	240	74
db.EmployeeOptionVestingTraceable	277	74
db.EmployeeStock	236	74
db.EmployeeStockDepositEvent	240	74
db.EmployeeStockGuide	248	82
db.EmployeeStockGuideAudience	247	74
db.EmployeeStockGuideEmail	236	74
db.EmployeeStockTag	248	82
db.EmployeeStockTagCategory	236	74
db.EmployeeStockWithdrawEvent	247	74
db.EmployeeStockWithdrawRequest	262	74
db.EmploymentCertificateDocumentRequest	321	74
db.EmploymentStatusHistory	248	90
db.Event	296	218
db.EventAttachment	236	74
db.ExpertClient	248	98
db.ExpertClientIncorporationSupport	303	82
db.ExpertClientSignupChannel	240	74
db.ExpertClientTaxServiceSettings	284	74
db.FABContent	236	74
db.Faq	236	74
db.FaqLink	236	74
db.Feed	236	74
db.FileAttachment	380	434
db.FinanceAndInsurance	236	74
db.FinancialAccount	248	98
db.FinancialInstitution	248	90
db.Fund	248	90
db.FundPartner	248	82
db.FundingNewsDistributionServiceRequest	348	90
db.HelpTemplate	236	74
db.HoldingCompany	236	74
db.Holiday	236	74
db.Hrm	320	282
db.HrmAlpConfig	236	74
db.HrmAlpConfigIndivApprovalTemplateRel	343	74
db.HrmAlpExcludedEmp	236	74
db.HrmAlpLaborReceiptRefusal	247	74
db.HrmAlpTarget	248	82
db.HrmAlpUsageDesignation	236	74
db.HrmAlpUsageDesignationDate	254	74
db.HrmAlpUsagePlan	248	82
db.HrmAlpUsagePlanDate	236	74
db.HrmAnnualLeave	236	74
db.HrmAnnualLeaveAdjustment	236	74
db.HrmAnnualLeaveConfigBase	240	74
db.HrmAnnualLeaveFiscalBasedConfig	299	74
db.HrmAnnualLeaveHireBasedConfig	284	74
db.HrmApprovable	248	98
db.HrmApproval	248	90
db.HrmApprovalLine	248	82
db.HrmApprovalReview	236	74
db.HrmApprovalTemplate	248	82
db.HrmApprovalTemplateLine	236	74
db.HrmApprovalTemplateReview	240	74
db.HrmApprover	248	106
db.HrmAttendance	248	82
db.HrmAttendanceItem	248	82
db.HrmCertificateConfig	236	74
db.HrmCertificateConfigIndividualApprovalTemplateRelation	396	74
db.HrmCommonLocation	236	74
db.HrmDailyLeaveUsageItem	236	74
db.HrmDept	260	122
db.HrmDeptAbolishedEvent	236	74
db.HrmDeptCreatedEvent	236	74
db.HrmDeptEventBase	236	74
db.HrmDeptName	236	74
db.HrmDeptNameChangedEvent	236	74
db.HrmDeptNameEventBase	236	74
db.HrmDeptParent	248	82
db.HrmDeptParentChangedEvent	247	74
db.HrmDeptParentEventBase	236	74
db.HrmDeptStatus	236	74
db.HrmDeptStatusEventBase	248	82
db.HrmDocument	248	98
db.HrmDocumentDraft	248	82
db.HrmDocumentDraftFieldAttachment	291	74
db.HrmDocumentDraftFieldMultiSelectValue	351	74
db.HrmDocumentDraftFieldValue	266	90
db.HrmDocumentFieldAttachment	247	74
db.HrmDocumentFieldMultiSelectValue	306	74
db.HrmDocumentFieldValue	248	90
db.HrmDocumentForm	248	98
db.HrmDocumentFormFieldDefinition	296	90
db.HrmDocumentFormFieldSelectOption	318	82
db.HrmDocumentFormIndividualApprovalTemplateRelation	396	74
db.HrmEmp	344	346
db.HrmEmpAbsenceEvent	236	74
db.HrmEmpAffiliation	248	82
db.HrmEmpAffiliationChangedEvent	277	74
db.HrmEmpAffiliationDept	236	74
db.HrmEmpAffiliationEventBase	254	74
db.HrmEmpContract	248	82
db.HrmEmpContractMgmt	248	82
db.HrmEmpContractModusignDocument	284	74
db.HrmEmpContractTemplate	236	74
db.HrmEmpContractTemplateRevision	296	82
db.HrmEmpContractTemplateRevisionSigner	336	74
db.HrmEmpDepartedEvent	236	74
db.HrmEmpEmploymentType	236	74
db.HrmEmpEmploymentTypeChangedEvent	306	74
db.HrmEmpEmploymentTypeEventBase	284	74
db.HrmEmpEventBase	236	74
db.HrmEmpJob	248	106
db.HrmEmpJobChangedEvent	236	74
db.HrmEmpJobEventBase	236	74
db.HrmEmpJoinedEvent	236	74
db.HrmEmpReturnToWorkEvent	240	74
db.HrmEmpSalaryAccount	236	74
db.HrmEmpStatusEventBase	248	106
db.HrmEmpUserInvitation	248	82
db.HrmEmpUserInvitationInvitee	262	74
db.HrmEmpWorkAssignment	236	74
db.HrmEmpWorkLocationAssignment	269	74
db.HrmEmpWorkLocationConfig	252	82
db.HrmFixedWork	236	74
db.HrmFixedWorkSchedule	236	74
db.HrmGrantableLeave	236	74
db.HrmLeaveBase	272	146
db.HrmLeaveGrant	236	74
db.HrmLeaveUsage	260	114
db.HrmLeaveUsageAttachment	236	74
db.HrmLeaveUsageItem	248	82
db.HrmOngoingAttendance	248	82
db.HrmOngoingAttendanceClockedSchedule	321	74
db.HrmPersonalLocation	248	90
db.HrmRequestor	236	74
db.HrmStaggeredWork	236	74
db.HrmStaggeredWorkSchedule	236	74
db.HrmStandardWork	236	74
db.HrmStandardWorkSchedule	236	74
db.HrmWorkAutoClockOutConfig	254	74
db.HrmWorkBase	260	122
db.HrmWorkIndividualApprovalTemplateRelation	373	74
db.HrmWorkLocation	248	98
db.HrmWorkLocationGpsConfig	252	82
db.HrmWorkOvertime	236	74
db.IBKSignupChannel	236	74
db.IBKUser	236	74
db.IBKUserLoginToken	236	74
db.IaAccountInfo	236	74
db.IaCertificateOfInvestmentDocumentEmail	351	74
db.IaCertificateOfInvestmentDocumentRecipient	380	74
db.IaConsentForm	291	74
db.IaConsentFormOrMeeting	385	106
db.IaConsentFormOrMeetingDocumentGeneration	343	74
db.IaConsentFormOrMeetingDocumentGenerationItem	380	74
db.IaConsentFormOrMeetingElectronicSignatureRequest	396	106
db.IaConsentFormOrMeetingElectronicSignatureRequestModusignDocument	396	74
db.IaConsentFormOrMeetingElectronicSignatureRequestModusignEmbeddedDraft	396	74
db.IaConsentFormOrMeetingElectronicSignatureRequestStatusHistory	396	74
db.IaConsentFormOrMeetingElectronicSignatureRequestUploadedModusignDocument	396	74
db.IaConsentFormOrMeetingElectronicSignatureRequiredDocument	396	106
db.IaConsentFormOrMeetingEsigRequiredDocumentPageRange	396	74
db.IaConsentFormOrMeetingGuideEmail	314	74
db.IaConsentFormOrMeetingGuideEmailRecipient	388	74
db.IaDocumentArchive	236	74
db.IaDocumentArchiveAttachment	254	74
db.IaExpertPartnerBulkEmailTemplate	306	74
db.IaExplanationFormForElectronicSignatureDocument	396	74
db.IaFoundingMeetingEvent	236	74
db.IaFoundingProgressStatus	236	74
db.IaGpAppointmentEvent	248	82
db.IaGpTerminationEvent	248	82
db.IaInvestmentCertificateRegistrationRequest	373	74
db.IaLegalPartnerRelation	236	74
db.IaMeeting	278	122
db.IaMeetingAgenda	318	82
db.IaMeetingAgendaCustom	358	74
db.IaMeetingAgendaVote	355	82
db.IaMeetingConvocationNoticeEmail	291	74
db.IaMeetingConvocationNoticeRecipient	321	74
db.IaMeetingMinutesDocument	380	74
db.IaMeetingNoticeDocument	373	74
db.IaMeetingSealedNoticeDocumentFile	314	74
db.IaModusignDocumentUsageHistory	284	74
db.IaOperation	236	74
db.IaOperationManagement	236	74
db.IaOwnerAuditLog	236	74
db.IaPartnerDataCollection	248	82
db.IaPartnerInvestmentConfirmation	284	74
db.IaPartnerInvestmentConfirmationEmail	328	74
db.IaPartnerInvestmentConfirmationEmailRecipient	396	74
db.IaPartnerListDocument	236	74
db.IaPaymentLink	236	74
db.IaPfCompany	236	74
db.IaPfCompanyInvestment	248	82
db.IaPfCompanyInvestmentSalesIntent	306	74
db.IaPfCompanyInvestmentStock	254	74
db.IaQuestionThread	314	74
db.IaRule	260	122
db.IaRuleCompensation	236	74
db.IaRuleDocument	236	74
db.IaRuleInvestment	236	74
db.IaRuleMeeting	236	74
db.IaRulePartner	236	74
db.IaSealStampImage	236	74
db.IaShareTransferEvent	236	74
db.IaUserInvitation	248	82
db.IaUserInvitationInvitee	248	98
db.ImAcVcBroker	236	74
db.ImAttachment	248	82
db.ImAttachmentDownloadLog	236	74
db.ImAttachmentPdfEvent	248	82
db.ImBroker	248	82
db.ImBrokerAssignmentInvitedUser	277	74
db.ImConsultingRequest	248	82
db.ImContactRequestIntention	240	74
db.ImDay	248	98
db.ImDayParticipation	248	98
db.ImDayParticipationAttachment	262	74
db.ImDaySurvey	236	74
db.ImDisclosing	236	74
db.ImIndividualGpBroker	236	74
db.ImInvestorBroker	236	74
db.ImIrPartnerBroker	236	74
db.ImIrPartnerBrokerOwnerRelation	291	74
db.ImNote	236	74
db.ImPitchingDay	236	74
db.ImPitchingDayParticipation	247	74
db.ImTag	236	74
db.ImZuzuBroker	236	74
db.IncorporationIssueEvent	236	74
db.IncorporationRequest	296	210
db.IncorporationRequestAoiFile	254	74
db.IncorporationRequestAssistanceReceipt	328	74
db.IncorporationRequestPromoterInstitutionCeo	373	74
db.IncorporationRequestPurpose	247	74
db.IndividualInvestorCompany	260	130
db.IndividualInvestorCompanyCeo	262	74
db.IndividualInvestorCompanyName	269	74
db.IndividualInvestorCompanyParValue	306	74
db.IndividualInvestorCompanyShareClass	321	74
db.IndividualInvestorEvent	248	90
db.IndividualInvestorUser	236	74
db.IndividualStakeholder	236	74
db.IndividualStockOption	260	114
db.IndividualStockOptionCancelEvent	299	74
db.IndividualStockOptionCreateRequest	314	74
db.IndividualStockOptionCreateRequestEtcFile	380	74
db.IndividualStockOptionExerciseEvent	314	74
db.IndividualStockOptionGrantContract	314	74
db.IndividualStockOptionGrantEvent	291	74
db.IndividualStockOptionGrantee	262	74
db.IndividualStockOptionPauseEvent	291	74
db.IndividualStockOptionResumeEvent	299	74
db.IndividualStockOptionSalesIntent	299	74
db.IndividualStockOptionVesting	262	74
db.IndividualStockOptionVestingItem	299	74
db.IndividualStockOptionVestingTraceable	336	74
db.IndustrialCode	236	74
db.InputChannel	236	74
db.InputSignupChannel	236	74
db.InstitutionStakeholder	236	74
db.InstitutionStakeholderManager	269	74
db.InternetRegistryOfficeOtp	252	82
db.InternetRegistryOfficeOtpReturnRequest	351	74
db.InvestmentAssociation	308	266
db.InvestmentAssociationAssociationPartner	343	74
db.InvestmentAssociationAssociationPartnerManager	395	74
db.InvestmentAssociationCorporationPartner	343	74
db.InvestmentAssociationCorporationPartnerManager	395	74
db.InvestmentAssociationDocument	286	122
db.InvestmentAssociationEvent	240	74
db.InvestmentAssociationIndividualPartnerLegalRepresentative	396	74
db.InvestmentAssociationOrganizationPartner	363	98
db.InvestmentAssociationOrganizationPartnerCeo	380	74
db.InvestmentAssociationOrganizationPartnerCorporationSigner	396	74
db.InvestmentAssociationOrganizationPartnerCorporationSignerCeo	396	74
db.InvestmentAssociationOrganizationPartnerIndividualSigner	396	74
db.InvestmentAssociationOrganizationPartnerManager	396	74
db.InvestmentAssociationOrganizationPartnerSigner	396	90
db.InvestmentAssociationPartner	314	218
db.InvestmentAssociationPartnerResume	318	82
db.InvestmentAssociationPartnerResumeItem	343	74
db.InvestmentAssociationPartnerSalesIntent	351	74
db.RtccConsentSummary	236	74
db.InvestmentContractHolder	236	74
db.InvestmentRound	248	82
db.InvestmentRoundNewIssueEvent	269	74
db.InvestmentSimulation	248	90
db.InvestmentSimulationInitialOption	299	74
db.InvestmentSimulationInitialOptionGrantee	358	74
db.InvestmentSimulationInitialShareholder	336	74
db.InvestmentSimulationInitialStock	291	74
db.InvestmentSimulationInvestor	266	82
db.InvestmentSimulationNewIssueInvestment	343	74
db.InvestmentSimulationPurchaseInvestment	336	74
db.InvestmentSimulationPurchaseSellStock	336	74
db.InvestmentSimulationRound	236	74
db.InvestorInterest	236	74
db.InvestorMatching	284	186
db.InvestorRelations	308	258
db.InvitationSeat	236	74
db.InvitationSeatRequest	248	82
db.IrAiAnalysis	236	74
db.IrAiAnalysisLike	236	74
db.IrAlertInvestorRelations	236	74
db.IrApproval	236	74
db.IrApprovalNotificationDismiss	269	74
db.IrBrokerActivity	236	74
db.IrClosing	248	82
db.IrClosingComplete	236	74
db.IrClosingExpired	236	74
db.IrClosingIncomplete	236	74
db.IrConsultingRequest	236	74
db.IrFeed	248	90
db.IrFeedAccessLog	236	74
db.IrFeedRating	236	74
db.IrFundRaising	248	90
db.IrFundRaisingMemo	236	74
db.IrFundRaisingStageLog	236	74
db.IrInsightClub	248	82
db.IrInsightClubParticipation	259	90
db.IrInsightClubParticipationAttendee	314	74
db.IrInsightClubSurvey	236	74
db.IrInvestorFeedback	236	74
db.IrSubscriptionMarketingRequest	277	74
db.IrSyncState	236	74
db.Jurisdiction	236	74
db.LawtalkSignup	236	74
db.LawtalkSignupAttachment	236	74
db.LegalPartner	308	250
db.LegalPartnerSignupChannel	240	74
db.ManualOptionVesting	236	74
db.ManualOptionVestingItem	236	74
db.ManualProduct	236	74
db.Meeting	296	234
db.MeetingAttachment	236	74
db.MeetingAttorney	236	74
db.MeetingDirectorContact	236	74
db.MeetingDocument	356	394
db.MeetingDocumentGeneration	236	74
db.MeetingDocumentGenerationItem	269	74
db.MeetingDraft	320	290
db.MeetingDraftAgendaDirectorChange	299	74
db.MeetingDraftAgendaDirectorCompensation	343	74
db.MeetingDraftAgendaDirectorCompensationItem	380	74
db.MeetingDraftRegistrationAssistance	306	74
db.MeetingDraftSchedule	236	74
db.MeetingPrice	236	74
db.MembershipContent	248	90
db.MembershipContentAuthor	236	74
db.MembershipContentAuthorRelation	284	74
db.MiraeassetAccount	236	74
db.Mna	236	74
db.MnaBuyerAttachment	236	74
db.MnaConsultingRequest	236	74
db.ModusignAccount	248	98
db.ModusignApiKey	236	74
db.ModusignApiLog	236	74
db.ModusignAuthentication	236	74
db.ModusignAuthorizationRequest	254	74
db.ModusignDocument	272	162
db.ModusignDocumentActionHistory	269	74
db.ModusignDocumentModusignAccountRelation	351	74
db.ModusignDocumentModusignApiKeyRelation	351	74
db.ModusignDocumentParticipant	247	74
db.ModusignEmbeddedDraft	248	106
db.ModusignIaUserConnection	380	74
db.NaverWorkplaceAuthentication	254	74
db.NaverWorkplaceCompany	236	74
db.NaverWorkplaceEmployee	236	74
db.NcpSignupChannel	236	74
db.NewIssueEvent	236	74
db.NewIssueNoticeEmail	248	82
db.NewIssueNoticeEmailRecipient	281	82
db.NewIssueStockAllocationRecordDateNoticeDocument	396	74
db.NewPartnerInvestmentEvent	396	74
db.NonUnifiedShareCreateRequest	281	90
db.NonUnifiedShareEtcFile	236	74
db.NonUnifiedShareManagementHistory	311	106
db.NonUnifiedShareManagementSalesIntent	336	74
db.NonUnifiedShareStockUnissuedConfirmationFile	396	90
db.NonUnifiedShareSucPoaDocument	296	82
db.NonUnifiedShareSucPoaModusignDocument	351	74
db.NonUnifiedShareSucRenewRequest	303	90
db.NotarizationPoA	248	82
db.NotarizationPoaDirectorSigner	269	74
db.NotarizationPoaShareholderSigner	291	74
db.NotificationInbox	236	74
db.Option	248	90
db.OptionAttachment	236	74
db.OptionCancelEvent	236	74
db.OptionExerciseClaim	260	130
db.OptionExerciseClaimAttachment	281	82
db.OptionExerciseClaimCandidate	274	90
db.OptionExerciseClaimDocumentSetting	314	74
db.OptionExerciseClaimEventRelation	311	82
db.OptionExerciseClaimMeetingDocument	326	82
db.OptionExerciseClaimOption	240	74
db.OptionExerciseClaimOptionTaxation	306	74
db.OptionExerciseClaimPayment	247	74
db.OptionExerciseEvent	236	74
db.OptionExerciseManagement	260	130
db.OptionExerciseManagementAttachmentSetting	365	74
db.OptionExerciseManagementAttachmentSettingItem	396	74
db.OptionExerciseManagementEmail	269	74
db.OptionExerciseManagementReminderSetting	351	74
db.OptionExerciseManagementTaxation	291	74
db.OptionGrantContract	260	114
db.OptionGrantContractCeo	236	74
db.OptionGrantContractFirstRefusalRightHolder	388	74
db.OptionGrantContractModusignDocument	321	74
db.OptionGrantContractModusignEmbeddedDraft	365	74
db.OptionGrantContractStakeholder	289	106
db.OptionGrantContractTemplate	266	106
db.OptionGrantContractTemplateDraft	299	74
db.OptionGrantContractTemplateRevision	333	90
db.OptionGrantEvent	248	98
db.OptionGrantee	260	114
db.OptionManagement	236	74
db.OptionManagementStakeholderSeat	284	74
db.OptionPauseEvent	236	74
db.OptionQuantityTimeSeries	236	74
db.OptionResumeEvent	236	74
db.OptionTag	236	74
db.OptionTagCategory	236	74
db.OptionValueChange	236	74
db.OptionVesting	236	74
db.OptionVestingTraceable	236	74
db.Order	248	98
db.OrderPromotionRelation	236	74
db.OrderStaffInChargeRelation	254	74
db.OrderStatusHistory	248	82
db.OrganizationChart	236	74
db.OtherDocumentArchive	236	74
db.OtherDocumentArchiveAttachment	289	82
db.OwnerPermission	236	74
db.OwnerRole	248	98
db.OwnerRolePermissionRelation	254	74
db.PageNumberUpdatedPdfEvent	247	74
db.PasswordReset	236	74
db.Payment	260	114
db.PaymentLink	248	90
db.PaymentRefund	236	74
db.PaymentStatusHistory	236	74
db.PaymentStore	248	90
db.PaymentTermPartnerInvestmentEvent	396	74
db.Payroll	260	122
db.PayrollAnnualSalaryInfo	236	74
db.PayrollAnnualSalaryItem	236	74
db.PayrollDocumentSealStampSetting	303	82
db.PayrollEmployeeMonthlyWage	247	74
db.PayrollLedger	248	106
db.PayrollLedgerAttachment	236	74
db.PayrollLedgerFile	236	74
db.PayrollLedgerFileModificationRequest	328	74
db.PayrollLedgerItem	236	74
db.PayrollLedgerItemSettingRelation	311	90
db.PayrollManagementRelation	236	74
db.PayrollSetting	248	82
db.PayrollSettlement	248	82
db.PayrollSettlementAutoCreation	269	74
db.PayrollSettlementProgressLog	262	74
db.PayrollStaffUserRelation	236	74
db.PayrollStatement	260	122
db.PayrollStatementAttendance	240	74
db.PayrollStatementDocument	236	74
db.PayrollStatementEmail	248	90
db.PayrollStatementEmailRecipient	289	82
db.PayrollStatementItem	236	74
db.PayrollStatementPayrollInformation	306	74
db.PayrollStatementScheduledEmail	277	74
db.PayrollStatementScheduledEmailPeriodicTaskRelation	396	74
db.PdfEvent	248	82
db.PerformanceRsuVestingItem	240	74
db.PeriodPhantomStockVestingItem	277	74
db.PeriodRsuVestingItem	236	74
db.PeriodicOptionVesting	236	74
db.PeriodicOptionVestingItem	240	74
db.PhantomStock	248	98
db.PhantomStockGrantContract	240	74
db.PhantomStockGrantee	236	74
db.PhantomStockPauseEvent	236	74
db.PhantomStockResumeEvent	236	74
db.PhantomStockVestingItem	248	82
db.Phone	236	74
db.PhoneVerification	236	74
db.PingpongDelivery	248	98
db.PingpongDeliveryAddress	248	90
db.PipedriveSettings	236	74
db.PitchingDayHall	248	90
db.PitchingDayHallAccessLog	240	74
db.PitchingDayHallAssignedIrs	254	74
db.PortalAcademyGuide	236	74
db.PortalAcademyGuideSubject	240	74
db.PortalOptionGuide	236	74
db.PortfolioCompany	260	130
db.PortfolioCompanyFund	236	74
db.PortfolioCompanyManager	236	74
db.PortfolioCompanyUserRelation	262	74
db.Price	236	74
db.PrivacyPolicy	236	74
db.PrivacyPolicyLog	236	74
db.Product	236	74
db.Promotion	236	74
db.PromotionAddress	236	74
db.PromotionCode	236	74
db.PromotionCodeUsageHistory	240	74
db.Purchase	296	210
db.PurchaseItem	236	74
db.PurchaseStatusHistory	236	74
db.Purpose	236	74
db.PushToken	236	74
db.QrReplyPasswordReset	236	74
db.QrReplyPasswordResetRequest	262	74
db.QuarterlyReportRequest	340	90
db.QuarterlyReportRequestAttachment	291	74
db.QuarterlyReportRequestRecipient	396	90
db.QuarterlyReportRequestReportItem	299	74
db.QuarterlyReportSettings	236	74
db.QuarterlyReportSignupChannel	274	82
db.QuestionMessageAttachment	236	74
db.QuestionMessageScheduled	236	74
db.QuestionThread	260	138
db.QuestionThreadAssignment	269	74
db.QuestionThreadMessage	272	146
db.QuestionThreadMessageMarkAsAllReadLog	358	74
db.QuestionThreadMessagePeriodicTaskRelation	373	74
db.QuestionThreadTag	236	74
db.Registration	248	82
db.RegistrationAgenda	248	90
db.RegistrationAssistance	248	82
db.RegistrationAssistanceReceipt	262	74
db.RegistrationDirector	236	74
db.RegistrationFormCaptable	248	82
db.RegistrationFormCaptableDocument	351	74
db.RegistrationFormCaptableNotarizationRequestor	395	74
db.RegistrationHelp	236	74
db.RegistrationRoundRobinState	254	74
db.RegularProduct	236	74
db.RightToConsentOrConsult	248	82
db.RsuRsa	272	146
db.RsuExerciseClaim	248	106
db.RsuExerciseClaimAttachment	247	74
db.RsuExerciseClaimCandidate	252	98
db.RsuExerciseClaimCandidateEmailRecipient	358	74
db.RsuExerciseClaimEventRelation	277	74
db.RsuExerciseClaimRsu	236	74
db.RsuExerciseEvent	236	74
db.RsuExerciseManagement	248	98
db.RsuExerciseManagementAttachmentSetting	343	74
db.RsuExerciseManagementAttachmentSettingItem	380	74
db.RsuExerciseManagementEmail	247	74
db.RsuExtraAttachment	236	74
db.RsuGrantContract	248	90
db.RsuGrantContractModusignDocument	299	74
db.RsuGrantContractTemplate	248	82
db.RsuGrantContractTemplateStakeholder	291	74
db.RsuGrantee	248	82
db.RsuMeeting	248	90
db.RsuMeetingAttachment	236	74
db.RsuPauseEvent	236	74
db.RsuPerformanceCondition	236	74
db.RsuResumeEvent	236	74
db.RsuTag	248	82
db.RsuTagCategory	236	74
db.RsuVestingItem	248	90
db.RtccSummaryAnalysisRequest	259	82
db.RtccEmail	277	74
db.RtccEmailAuthentication	388	74
db.RtccInvestor	311	90
db.RtccInvestorFile	336	74
db.Safe	236	74
db.SafeConversionEvent	236	74
db.SafeCreateEvent	236	74
db.SalesIntent	236	74
db.SdContactRequest	236	74
db.SealCard	248	82
db.SealCardReturnRequest	248	82
db.SealCardReturnStatusHistory	274	82
db.SealCertificateDelivery	248	98
db.SealCertificateIssueRequest	254	74
db.SealStamp	248	106
db.SealStampImage	236	74
db.SealStampUsageHistory	248	106
db.SecondaryDeal	308	242
db.SelfRegistration	236	74
db.ServiceFee	248	82
db.ServiceFeeItem	248	82
db.ShareClass	248	106
db.Shareholder	260	130
db.ShareholderInstitutionMember	266	82
db.ShareholderInstitutionMemberCeo	284	74
db.ShareholdersAgreementModusignDocument	328	74
db.ShareholdersAgreementModusignEmbeddedDraft	373	74
db.ShareholdersAgreementStakeholder	284	74
db.ShareholdersMeeting	260	138
db.ShareholdersMeetingAgenda	320	274
db.ShareholdersMeetingConvocationNoticeEmail	377	98
db.ShareholdersMeetingConvocationNoticeEmailAttachment	396	74
db.ShareholdersMeetingConvocationNoticeEmailNewIssueAttachment	396	74
db.ShareholdersMeetingConvocationNoticeRecipient	396	90
db.ShareholdersMeetingConvocationNoticeWrittenRecipient	396	74
db.ShareholdersMeetingDirectorAttendance	340	98
db.ShareholdersMeetingShareholderAttendance	375	138
db.ShortUrlLog	236	74
db.SignupChannel	248	82
db.SignupLog	236	74
db.SiteSettings	236	74
db.SlackChannels	236	74
db.StaffInCharge	236	74
db.Stakeholder	332	314
db.StakeholderAccount	236	74
db.StakeholderCustodian	236	74
db.StakeholderSeat	248	82
db.StarredQuestionThread	247	74
db.Stock	248	82
db.StockConsolidationEvent	236	74
db.StockConversionEvent	236	74
db.StockDocumentAnalysis	236	74
db.StockReregistrationEvent	236	74
db.StockRetirementEvent	236	74
db.StockSplitEvent	236	74
db.StockTransferAgreement	272	154
db.StockTransferAgreementClauses	269	74
db.StockTransferAgreementItem	247	74
db.StockTransferAgreementManagement	303	90
db.StockTransferAgreementManagementStakeholderSeat	396	74
db.StockTransferAgreementModusignDocument	343	74
db.StockTransferAgreementModusignEmbeddedDraft	388	74
db.StockTransferAgreementPurchaserInstitution	373	74
db.StockTransferAgreementSellerInstitution	351	74
db.StockTransferEvent	236	74
db.StockTransferPrice	236	74
db.StripeCard	236	74
db.StripeCustomer	236	74
db.StripePayment	248	82
db.Subscription	272	162
db.SubscriptionBonus	236	74
db.SubscriptionModusignDocumentUsageHistory	358	74
db.SubscriptionPaymentRequest	252	82
db.SubscriptionPeriod	236	74
db.SubscriptionPerk	236	74
db.SubscriptionPlan	260	114
db.SubscriptionPlanOffering	236	74
db.SubscriptionPlanPerk	236	74
db.SubscriptionPlanPermission	240	74
db.SubscriptionReservation	236	74
db.SubscriptionSuspensionHistory	262	74
db.TanTableView	236	74
db.TaxBookkeepingServiceRequest	274	82
db.TaxPartnerTbkContract	236	74
db.TaxPartnerTbkContractItem	247	74
db.TbkConsulting	248	98
db.TbkConsultingMemo	236	74
db.TbkConsultingRefusal	236	74
db.TbkConsultingStatusLog	236	74
db.TbkContract	248	82
db.TbkContractBenefit	236	74
db.TbkContractSettlement	236	74
db.ThirdPartyApiNotice	236	74
db.ThirdPartyArticleProvider	240	74
db.ThirdPartyArticleProviderUserRelation	343	74
db.TwoFactorAuthentication	236	74
db.UnknownIssueEvent	236	74
db.UnknownPartnerInvestmentEvent	396	74
db.UserApiKey	248	82
db.UserApiKeyCompanyAccess	248	82
db.UserApiKeyCompanyRelation	247	74
db.UserApiKeyRevocation	236	74
db.UserDailyAccess	236	74
db.UserDetailedSurvey	236	74
db.UserEmailConsentRequest	236	74
db.UserExtraAuthentication	236	74
db.UserGuideState	236	74
db.UserInvitation	248	90
db.UserInvitationInvitee	236	74
db.UserInvitationOwnerRoleRelation	291	74
db.UserMarketingStatus	236	74
db.UserNotificationSettings	236	74
db.UserProfileImage	248	82
db.UserProfileImageMapping	236	74
db.UserSealCardRelation	236	74
db.UserSessionLog	236	74
db.UserSettings	236	74
db.UserSurvey	236	74
db.ValuationServiceRequest	236	74
db.ValueWithVisibility	236	74
db.VcIrRecommendationRequest	240	74
db.VcIrRecommendationRequestResult	291	74
db.VcLpReport	236	74
db.VcLpReportRequest	248	82
db.VcLpReportRequestRecipient	266	82
db.VcNameAlias	236	74
db.VcSearchLog	248	82
db.VcUserRole	236	74
db.VentureBusinessCertificationExpirationNotificationLog	396	74
db.VentureCapital	368	410
db.VentureCapitalEmailTemplates	262	74
db.VentureCapitalPaymentLink	240	74
db.VentureCapitalQuarterlyReport	293	114
db.VentureCapitalQuarterlyReportContentTemplate	395	74
db.VentureCapitalQuarterlyReportItem	318	82
db.VentureCapitalQuarterlyReportItemReply	363	82
db.VentureCapitalQuarterlyReportReply	338	130
db.VentureCapitalSubscription	240	74
db.VentureCapitalSubscriptionPlan	289	82
db.VentureCapitalSubscriptionPlanPermission	358	74
db.VentureCapitalSubscriptionPlanPrice	321	74
db.VentureCapitalUserRelation	259	90
db.VentureComplex	236	74
db.VideoCollection	248	90
db.VideoContent	248	82
db.VideoContentHistory	248	82
db.VideoContentSpeecher	236	74
db.WebinarSubject	236	74
db.WebinarTarget	236	74
db.Whitepaper	248	82
db.WhitepaperPreviewFile	236	74
db.WhitepaperWatermarkFile	236	74
db.WhtBook	248	82
db.WhtBookWithoutDate	236	74
db.WhtCertificate	236	74
db.WhtReceipt	236	74
db.WithdrawAccountRequest	236	74
db.WithdrawnUser	236	74
db.YearEndTaxSettlement	248	90
db.YearEndTaxSettlementConfirmationSchedule	365	74
db.YetsAssistance	248	90
db.YetsAssistanceCreator	236	74
db.YetsAssistanceCreatorUser	240	74
db.YetsAssistanceCreatorYetsEmployee	277	74
db.YetsAssistanceMessage	248	90
db.YetsAssistanceMessageFile	240	74
db.YetsAssistanceStaffAccessLog	269	74
db.YetsAssistanceStaffFavoriteRelation	321	74
db.YetsEmail	247	74
db.YetsEmailAuthentication	358	74
db.YetsEmployee	293	130
db.YetsEmployeeFile	240	74
db.YetsEmployeeResult	248	90
db.YetsEmployeeResultAssistanceMessageRelation	388	74
db.YetsEmployeeResultStatusLog	262	74
db.YetsEmployeeResultWhtReceipt	269	74
db.YetsEmployeeSubmissionLog	240	74
db.YetsEmployeeUploadForm	236	74
db.YetsEmployeeUploadFormStatusLog	299	74
db.ZuzuOptionGrantContractTemplate	291	74
db.ZuzuOptionGrantContractTemplateRevision	358	74
db.ZuzuTaxAdvice	236	74
db.ZuzuTaxPhoneToken	277	74
document_ai.DocumentAiProcessRequest	236	74
document_ai.DocumentAiProcessResult	236	74
fi_sta.FiStaCompany	248	82
fi_sta.FiStaCompanyCeo	236	74
fi_sta.FiStaCompanySearchResult	240	74
fi_sta.FiStaContractDocument	248	90
fi_sta.FiStaManagement	236	74
fi_sta.FiStaModusignDocument	236	74
fi_sta.FiStaParticipant	248	98
fi_sta.FiStaStockTransferAgreementDocument	340	82
fi_sta.FiStaStockTransferNoticePoaDocument	336	74
fi_sta.FiStaStockUnissuedConfirmationDocument	351	74
fi_sta.FiStaStockUnissuedConfirmationPoaDocument	380	74
fi_sta.FiStaTransferStock	236	74
fi_sta.FiStaUser	236	74
vertex_ai.VertexAiPredictionRequest	240	74
vertex_ai.VertexAiPredictionResult	236	74
db.HrmAttendanceLocation	248	98
db.CompanyDocumentAIAnalysis	252	82
db.HrmSelectiveWorkPlan	248	82
db.HrmSelectiveWorkPlanItem	240	74
db.IncorporationRequestPromoterCustodian	328	74
db.InvestmentAgreement	236	74
db.RsuRsaSealedContractFile	240	74
db.RtccSummaryAnalysisRequestDocument	314	74
db.RtccSummaryAnalysisResult	252	82
db.RtccSummaryAnalysisResultDocument	306	74
db.AgendaOptionCancelOptionDistribution	328	74
db.CompanySsoConfiguration	248	90
db.CompanySsoEmailDomain	236	74
db.CompanySsoIdentity	236	74
db.HrmSelectiveWork	248	90
db.HrmSelectiveWorkPlanConfig	254	74
db.HrmSelectiveWorkSchedule	236	74
db.HrmSelectiveWorkSettlementConfig	299	74
db.HrmSlackIntegration	236	74
db.HrmSlackChannelConfig	236	74
db.IaPartnerWithdrawalEvent	236	74
db.OptionExerciseManagementCommonSetting	336	74
db.OptionExerciseManagementPaymentBankSetting	380	74
db.RsaForfeitEvent	236	74
db.RsaVestConfirmEvent	236	74
db.UserMailIntegration	236	74
leaf-card:0	717	478
leaf-card:1	702	354
leaf-card:2	587	354
leaf-card:3	724	470
leaf-card:4	576	354
leaf-card:5	609	470
leaf-card:6	720	702
leaf-card:7	1800	1514
leaf-card:8	913	470
leaf-card:9	1493	1166
leaf-card:10	366	254
leaf-card:11	314	262
leaf-card:12	329	254
leaf-card:13	296	246
leaf-card:14	444	278
leaf-card:15	284	238
leaf-card:16	284	238
leaf-card:17	444	238
leaf-card:18	657	342
leaf-card:19	576	238
leaf-card:20	296	246.00000000000182
leaf-card:21	863	378
leaf-card:22	865	238
leaf-card:23	300	246
leaf-card:24	411	262
leaf-card:25	896	254
leaf-card:26	396	246
leaf-card:27	296	270
leaf-card:28	588	246
leaf-card:29	624	194
leaf-card:30	347	238
leaf-card:31	709	362
leaf-card:32	626	262
leaf-card:33	329	246
leaf-card:34	381	278
leaf-card:35	444	354
leaf-card:36	284	238
leaf-card:37	580	354
leaf-card:38	284	238
leaf-card:39	284	238
leaf-card:40	284	238
leaf-card:41	310	238
leaf-card:42	679	270
leaf-card:43	296	270
leaf-card:44	444	354
leaf-card:45	339	238
leaf-card:46	680	370
leaf-card:47	606	246
leaf-card:48	325	238
