edge:foreign_key:0	app0.M1	app0.M0	foreign_key	declared
edge:foreign_key:1	app0.M2	app0.M0	foreign_key	declared
edge:foreign_key:2	app0.M3	app0.M0	foreign_key	declared
edge:foreign_key:3	app0.M5	app0.M0	foreign_key	declared
edge:foreign_key:4	app0.M6	app0.M0	foreign_key	declared
edge:foreign_key:5	app0.M0	app0.M7	foreign_key	declared
edge:foreign_key:6	app0.M3	app0.M7	foreign_key	declared
edge:foreign_key:7	app0.M0	core.Hub0	foreign_key	declared
edge:foreign_key:8	app0.M0	core.Hub1	foreign_key	declared
edge:foreign_key:9	app1.M1	app1.M0	foreign_key	declared
edge:foreign_key:10	app1.M3	app1.M0	foreign_key	declared
edge:foreign_key:11	app1.M4	app1.M0	foreign_key	declared
edge:foreign_key:12	app1.M5	app1.M0	foreign_key	declared
edge:foreign_key:13	app1.M6	app1.M0	foreign_key	declared
edge:foreign_key:15	app2.M2	app2.M0	foreign_key	declared
edge:foreign_key:16	app2.M6	app2.M0	foreign_key	declared
edge:foreign_key:17	app2.M2	app2.M4	foreign_key	declared
edge:foreign_key:18	app2.M1	app2.M0	foreign_key	declared
edge:foreign_key:19	app2.M0	core.Hub0	foreign_key	declared
edge:foreign_key:20	app3.M3	app3.M0	foreign_key	declared
edge:foreign_key:21	app3.M4	app3.M0	foreign_key	declared
edge:foreign_key:22	app3.M7	app3.M0	foreign_key	declared
edge:foreign_key:23	app3.M9	app3.M0	foreign_key	declared
edge:foreign_key:24	app3.M11	app3.M0	foreign_key	declared
edge:foreign_key:25	app3.M0	app3.M5	foreign_key	declared
edge:foreign_key:26	app3.M4	app3.M1	foreign_key	declared
edge:foreign_key:27	app3.M6	app3.M3	foreign_key	declared
edge:foreign_key:28	app3.M0	core.Hub1	foreign_key	declared
edge:foreign_key:29	app4.M1	app4.M0	foreign_key	declared
edge:foreign_key:30	app4.M2	app4.M0	foreign_key	declared
edge:foreign_key:31	app4.M3	app4.M0	foreign_key	declared
edge:foreign_key:32	app4.M4	app4.M0	foreign_key	declared
edge:foreign_key:33	app4.M5	app4.M0	foreign_key	declared
edge:foreign_key:34	app4.M6	app4.M3	foreign_key	declared
edge:foreign_key:35	app4.M2	app4.M6	foreign_key	declared
edge:foreign_key:36	app4.M0	core.Hub0	foreign_key	declared
edge:foreign_key:37	app5.M1	app5.M0	foreign_key	declared
edge:foreign_key:38	app5.M2	app5.M0	foreign_key	declared
edge:foreign_key:39	app5.M4	app5.M0	foreign_key	declared
edge:foreign_key:40	app5.M5	app5.M0	foreign_key	declared
edge:foreign_key:41	app5.M6	app5.M0	foreign_key	declared
edge:foreign_key:42	app5.M2	app5.M1	foreign_key	declared
edge:foreign_key:43	app5.M0	core.Hub0	foreign_key	declared
edge:foreign_key:44	app5.M0	core.Hub1	foreign_key	declared
edge:foreign_key:45	app6.M1	app6.M0	foreign_key	declared
edge:foreign_key:46	app6.M2	app6.M0	foreign_key	declared
edge:foreign_key:47	app6.M4	app6.M0	foreign_key	declared
edge:foreign_key:48	app6.M5	app6.M0	foreign_key	declared
edge:foreign_key:49	app6.M6	app6.M0	foreign_key	declared
edge:foreign_key:50	app6.M8	app6.M0	foreign_key	declared
edge:foreign_key:51	app6.M10	app6.M0	foreign_key	declared
edge:foreign_key:52	app6.M9	app6.M7	foreign_key	declared
edge:foreign_key:53	app6.M6	app6.M4	foreign_key	declared
edge:foreign_key:54	app7.M1	app7.M0	foreign_key	declared
edge:foreign_key:55	app7.M3	app7.M0	foreign_key	declared
edge:foreign_key:56	app7.M4	app7.M0	foreign_key	declared
edge:foreign_key:57	app7.M5	app7.M0	foreign_key	declared
edge:foreign_key:58	app7.M7	app7.M0	foreign_key	declared
edge:foreign_key:59	app7.M8	app7.M0	foreign_key	declared
edge:foreign_key:60	app7.M9	app7.M0	foreign_key	declared
edge:foreign_key:61	app7.M10	app7.M0	foreign_key	declared
edge:foreign_key:62	app7.M11	app7.M0	foreign_key	declared
edge:foreign_key:63	app7.M2	app7.M11	foreign_key	declared
edge:foreign_key:64	app7.M12	app7.M8	foreign_key	declared
edge:foreign_key:65	app7.M1	app7.M12	foreign_key	declared
edge:foreign_key:66	app8.M1	app8.M0	foreign_key	declared
edge:foreign_key:67	app8.M2	app8.M0	foreign_key	declared
edge:foreign_key:68	app8.M0	app8.M1	foreign_key	declared
edge:foreign_key:69	app8.M0	core.Hub1	foreign_key	declared
edge:foreign_key:70	app9.M1	app9.M0	foreign_key	declared
edge:foreign_key:71	app9.M2	app9.M0	foreign_key	declared
edge:foreign_key:72	app9.M3	app9.M0	foreign_key	declared
edge:foreign_key:73	app9.M4	app9.M0	foreign_key	declared
edge:foreign_key:74	app9.M5	app9.M0	foreign_key	declared
edge:foreign_key:75	app9.M7	app9.M0	foreign_key	declared
edge:foreign_key:76	app9.M8	app9.M0	foreign_key	declared
edge:foreign_key:77	app9.M10	app9.M0	foreign_key	declared
edge:foreign_key:78	app9.M11	app9.M0	foreign_key	declared
edge:foreign_key:79	app9.M6	app9.M2	foreign_key	declared
edge:foreign_key:80	app9.M9	app9.M0	foreign_key	declared
edge:foreign_key:81	app9.M2	app9.M1	foreign_key	declared
edge:foreign_key:82	app9.M0	core.Hub0	foreign_key	declared
edge:foreign_key:83	app10.M1	app10.M0	foreign_key	declared
edge:foreign_key:84	app10.M4	app10.M0	foreign_key	declared
edge:foreign_key:85	app10.M5	app10.M0	foreign_key	declared
edge:foreign_key:86	app10.M6	app10.M0	foreign_key	declared
edge:foreign_key:87	app10.M7	app10.M0	foreign_key	declared
edge:foreign_key:88	app10.M8	app10.M0	foreign_key	declared
edge:foreign_key:89	app10.M9	app10.M0	foreign_key	declared
edge:foreign_key:90	app10.M11	app10.M0	foreign_key	declared
edge:foreign_key:91	app10.M12	app10.M0	foreign_key	declared
edge:foreign_key:92	app10.M1	app10.M4	foreign_key	declared
edge:foreign_key:93	app10.M3	app10.M8	foreign_key	declared
edge:foreign_key:94	app10.M5	app10.M3	foreign_key	declared
edge:foreign_key:95	app10.M0	core.Hub0	foreign_key	declared
edge:foreign_key:96	app11.M1	app11.M0	foreign_key	declared
edge:foreign_key:97	app11.M2	app11.M0	foreign_key	declared
edge:foreign_key:98	app11.M4	app11.M0	foreign_key	declared
edge:foreign_key:99	app11.M7	app11.M0	foreign_key	declared
edge:foreign_key:100	app11.M8	app11.M0	foreign_key	declared
edge:foreign_key:101	app11.M9	app11.M0	foreign_key	declared
edge:foreign_key:102	app11.M10	app11.M0	foreign_key	declared
edge:foreign_key:103	app11.M12	app11.M0	foreign_key	declared
edge:foreign_key:104	app11.M7	app11.M11	foreign_key	declared
edge:foreign_key:105	app11.M6	app11.M0	foreign_key	declared
edge:foreign_key:106	app11.M5	app11.M1	foreign_key	declared
edge:foreign_key:107	app11.M0	core.Hub0	foreign_key	declared
edge:foreign_key:108	app12.M1	app12.M0	foreign_key	declared
edge:foreign_key:109	app12.M2	app12.M0	foreign_key	declared
edge:foreign_key:110	app12.M3	app12.M0	foreign_key	declared
edge:foreign_key:111	app12.M4	app12.M0	foreign_key	declared
edge:foreign_key:113	app13.M1	app13.M0	foreign_key	declared
edge:foreign_key:114	app13.M2	app13.M0	foreign_key	declared
edge:foreign_key:115	app13.M3	app13.M0	foreign_key	declared
edge:foreign_key:116	app13.M5	app13.M0	foreign_key	declared
edge:foreign_key:117	app13.M6	app13.M0	foreign_key	declared
edge:foreign_key:118	app13.M8	app13.M0	foreign_key	declared
edge:foreign_key:119	app13.M2	app13.M3	foreign_key	declared
edge:foreign_key:121	app13.M0	core.Hub0	foreign_key	declared
edge:foreign_key:122	app14.M3	app14.M0	foreign_key	declared
edge:foreign_key:123	app14.M4	app14.M0	foreign_key	declared
edge:foreign_key:124	app14.M5	app14.M0	foreign_key	declared
edge:foreign_key:125	app14.M6	app14.M0	foreign_key	declared
edge:foreign_key:126	app14.M7	app14.M0	foreign_key	declared
edge:foreign_key:127	app14.M8	app14.M0	foreign_key	declared
edge:foreign_key:128	app14.M9	app14.M0	foreign_key	declared
edge:foreign_key:129	app14.M10	app14.M0	foreign_key	declared
edge:foreign_key:130	app14.M11	app14.M0	foreign_key	declared
edge:foreign_key:131	app14.M12	app14.M0	foreign_key	declared
edge:foreign_key:132	app14.M13	app14.M0	foreign_key	declared
edge:foreign_key:133	app14.M0	app14.M9	foreign_key	declared
edge:foreign_key:134	app14.M0	app14.M11	foreign_key	declared
edge:foreign_key:135	app14.M8	app14.M4	foreign_key	declared
edge:foreign_key:136	app14.M0	core.Hub1	foreign_key	declared
edge:foreign_key:137	app15.M1	app15.M0	foreign_key	declared
edge:foreign_key:138	app15.M2	app15.M0	foreign_key	declared
edge:foreign_key:139	app15.M4	app15.M0	foreign_key	declared
edge:foreign_key:140	app15.M6	app15.M0	foreign_key	declared
edge:foreign_key:141	app15.M7	app15.M0	foreign_key	declared
edge:foreign_key:142	app15.M8	app15.M0	foreign_key	declared
edge:foreign_key:143	app15.M9	app15.M0	foreign_key	declared
edge:foreign_key:144	app15.M2	app15.M3	foreign_key	declared
edge:foreign_key:145	app15.M0	app15.M2	foreign_key	declared
edge:foreign_key:146	app15.M0	core.Hub0	foreign_key	declared
edge:foreign_key:147	app16.M1	app16.M0	foreign_key	declared
edge:foreign_key:148	app16.M2	app16.M0	foreign_key	declared
edge:foreign_key:149	app16.M3	app16.M0	foreign_key	declared
edge:foreign_key:150	app16.M5	app16.M0	foreign_key	declared
edge:foreign_key:151	app16.M7	app16.M0	foreign_key	declared
edge:foreign_key:152	app16.M2	app16.M7	foreign_key	declared
edge:foreign_key:154	app16.M0	core.Hub1	foreign_key	declared
edge:foreign_key:155	app17.M2	app17.M0	foreign_key	declared
edge:foreign_key:156	app17.M3	app17.M0	foreign_key	declared
edge:foreign_key:157	app17.M4	app17.M0	foreign_key	declared
edge:foreign_key:158	app17.M6	app17.M0	foreign_key	declared
edge:foreign_key:159	app17.M7	app17.M0	foreign_key	declared
edge:foreign_key:160	app17.M8	app17.M0	foreign_key	declared
edge:foreign_key:161	app17.M11	app17.M0	foreign_key	declared
edge:foreign_key:162	app17.M12	app17.M0	foreign_key	declared
edge:foreign_key:163	app17.M0	app17.M5	foreign_key	declared
edge:foreign_key:164	app17.M1	app17.M3	foreign_key	declared
edge:foreign_key:165	app17.M11	app17.M12	foreign_key	declared
edge:foreign_key:166	app17.M0	core.Hub1	foreign_key	declared
edge:foreign_key:167	app18.M1	app18.M0	foreign_key	declared
edge:foreign_key:168	app18.M3	app18.M0	foreign_key	declared
edge:foreign_key:169	app18.M0	app18.M2	foreign_key	declared
edge:foreign_key:170	app18.M0	core.Hub0	foreign_key	declared
edge:foreign_key:171	app18.M0	core.Hub1	foreign_key	declared
edge:foreign_key:172	app19.M1	app19.M0	foreign_key	declared
edge:foreign_key:173	app19.M3	app19.M0	foreign_key	declared
edge:foreign_key:174	app19.M4	app19.M0	foreign_key	declared
edge:foreign_key:175	app19.M5	app19.M0	foreign_key	declared
edge:foreign_key:176	app19.M6	app19.M0	foreign_key	declared
edge:foreign_key:177	app19.M7	app19.M0	foreign_key	declared
edge:foreign_key:178	app19.M8	app19.M0	foreign_key	declared
edge:foreign_key:179	app19.M9	app19.M0	foreign_key	declared
edge:foreign_key:180	app19.M1	app19.M8	foreign_key	declared
edge:foreign_key:181	app19.M0	app19.M3	foreign_key	declared
edge:foreign_key:182	app19.M0	core.Hub1	foreign_key	declared
edge:foreign_key:183	app19.Note0	app19.M2	foreign_key	declared
edge:foreign_key:184	app9.Note1	app9.M7	foreign_key	declared
edge:foreign_key:185	app7.Note2	app7.M7	foreign_key	declared
edge:foreign_key:186	app18.Log3	app18.M2	foreign_key	declared
edge:foreign_key:187	app6.Address4	app6.M5	foreign_key	declared
edge:foreign_key:188	app14.Tag5	app14.M4	foreign_key	declared
edge:foreign_key:189	app3.Address6	app3.M5	foreign_key	declared
edge:foreign_key:190	app6.Asset7	app6.M4	foreign_key	declared
edge:foreign_key:191	app11.Note8	app11.M0	foreign_key	declared
edge:foreign_key:192	app17.Log9	app17.M0	foreign_key	declared
edge:foreign_key:193	app14.File10	app14.M9	foreign_key	declared
edge:foreign_key:194	app14.File11	app14.M2	foreign_key	declared
edge:foreign_key:195	app7.Address12	app7.M5	foreign_key	declared
edge:foreign_key:196	app3.File13	app3.M1	foreign_key	declared
edge:foreign_key:197	app0.Address14	app0.M6	foreign_key	declared
edge:foreign_key:198	app9.File15	app9.M9	foreign_key	declared
edge:foreign_key:199	app7.Address16	app7.M4	foreign_key	declared
edge:foreign_key:200	app3.Address17	app3.M3	foreign_key	declared
edge:foreign_key:201	app10.Note18	app10.M7	foreign_key	declared
edge:foreign_key:202	app6.Note19	app6.M4	foreign_key	declared
edge:foreign_key:203	app0.File20	app0.M1	foreign_key	declared
edge:foreign_key:204	app4.Address21	app4.M8	foreign_key	declared
edge:foreign_key:205	app4.Note22	app4.M6	foreign_key	declared
edge:foreign_key:206	app12.File23	app12.M3	foreign_key	declared
edge:foreign_key:207	app10.Asset24	app10.M7	foreign_key	declared
edge:foreign_key:208	app10.File25	app10.M4	foreign_key	declared
edge:foreign_key:209	app10.Note26	app10.M0	foreign_key	declared
edge:foreign_key:210	app14.Tag27	app14.M9	foreign_key	declared
edge:foreign_key:211	app3.File28	app3.M4	foreign_key	declared
edge:foreign_key:212	app13.Asset29	app13.M7	foreign_key	declared
edge:foreign_key:213	app4.Note30	app4.M5	foreign_key	declared
edge:foreign_key:214	app19.File31	app19.M4	foreign_key	declared
edge:foreign_key:215	app6.Tag32	app6.M10	foreign_key	declared
edge:foreign_key:216	app16.File33	app16.M5	foreign_key	declared
edge:foreign_key:217	app5.Log34	app5.M5	foreign_key	declared
edge:foreign_key:218	app11.Note35	app11.M11	foreign_key	declared
edge:foreign_key:219	core.Tag36	core.Hub1	foreign_key	declared
edge:foreign_key:220	app2.Tag37	app2.M4	foreign_key	declared
edge:foreign_key:221	app13.Note38	app13.M4	foreign_key	declared
edge:foreign_key:222	app4.Note39	app4.M0	foreign_key	declared
edge:foreign_key:223	app19.Asset40	app19.M6	foreign_key	declared
edge:foreign_key:224	app4.Log41	app4.M1	foreign_key	declared
edge:foreign_key:225	app16.Log42	app16.M3	foreign_key	declared
edge:foreign_key:226	app7.Note43	app7.M3	foreign_key	declared
edge:foreign_key:227	app9.Log44	app9.M11	foreign_key	declared
edge:foreign_key:228	app10.Tag45	app10.M6	foreign_key	declared
edge:foreign_key:229	app15.Note46	app15.M1	foreign_key	declared
edge:foreign_key:230	app0.Log47	app0.M4	foreign_key	declared
edge:foreign_key:231	app19.File48	app19.M1	foreign_key	declared
edge:foreign_key:232	app17.File49	app17.M10	foreign_key	declared
edge:foreign_key:233	app1.Log50	app1.M6	foreign_key	declared
edge:foreign_key:234	app17.Asset51	app17.M7	foreign_key	declared
edge:foreign_key:235	app14.Note52	app14.M9	foreign_key	declared
edge:foreign_key:236	app12.Asset53	app12.M3	foreign_key	declared
edge:foreign_key:237	app0.Log54	app0.M6	foreign_key	declared
edge:foreign_key:238	app1.Log55	app1.M4	foreign_key	declared
edge:foreign_key:239	app15.Note56	app15.M9	foreign_key	declared
edge:foreign_key:240	app17.Tag57	app17.M7	foreign_key	declared
edge:foreign_key:241	app19.File58	app19.M8	foreign_key	declared
edge:foreign_key:242	app19.Tag59	app19.M2	foreign_key	declared
edge:foreign_key:243	app14.File60	app14.M1	foreign_key	declared
edge:foreign_key:244	app0.File61	app0.M3	foreign_key	declared
edge:foreign_key:245	app13.Log62	app13.M1	foreign_key	declared
edge:foreign_key:246	app17.File63	app17.M10	foreign_key	declared
edge:foreign_key:247	app11.File64	app11.M8	foreign_key	declared
edge:foreign_key:248	app3.Address65	app3.M6	foreign_key	declared
edge:foreign_key:249	app6.Log66	app6.M4	foreign_key	declared
edge:foreign_key:250	app11.Note67	app11.M5	foreign_key	declared
edge:foreign_key:251	app5.Tag68	app5.M6	foreign_key	declared
edge:foreign_key:252	app17.File69	app17.M11	foreign_key	declared
edge:foreign_key:253	app11.Log70	app11.M11	foreign_key	declared
edge:foreign_key:254	app3.File71	app3.M11	foreign_key	declared
edge:foreign_key:255	app6.Tag72	app6.M2	foreign_key	declared
edge:foreign_key:256	app7.Address73	app7.M1	foreign_key	declared
edge:foreign_key:257	app1.File74	app1.M6	foreign_key	declared
edge:foreign_key:258	app13.M4	app13.M3	foreign_key	declared
edge:foreign_key:259	app13.M3	app13.M5	foreign_key	declared
edge:foreign_key:261	app14.M6	app14.M10	foreign_key	declared
edge:foreign_key:262	app14.M10	app14.M3	foreign_key	declared
edge:foreign_key:263	app11.M3	app11.M12	foreign_key	declared
edge:foreign_key:264	app13.M7	app13.M3	foreign_key	declared
edge:foreign_key:265	app3.M9	app4.M2	foreign_key	declared
edge:foreign_key:266	app6.M0	app15.M4	foreign_key	declared
edge:foreign_key:267	app8.M2	app2.M3	foreign_key	declared
edge:foreign_key:268	app8.M2	app1.M0	foreign_key	declared
edge:foreign_key:269	app12.M4	app4.M6	foreign_key	declared
edge:many_to_many:270	app12.M3	app16.M6	many_to_many	declared
edge:many_to_many:271	app10.M10	app19.M6	many_to_many	declared
edge:foreign_key:272	app7.M2	app11.M8	foreign_key	declared
edge:foreign_key:273	app18.M2	app10.M9	foreign_key	declared
edge:foreign_key:274	app0.M4	app2.M6	foreign_key	declared
edge:foreign_key:275	app17.M7	app14.M0	foreign_key	declared
edge:foreign_key:276	app19.M3	app6.M10	foreign_key	declared
edge:foreign_key:277	app2.M6	app16.M3	foreign_key	declared
edge:many_to_many:278	app19.M2	app6.M4	many_to_many	declared
edge:foreign_key:279	app3.M3	app1.M3	foreign_key	declared
edge:foreign_key:280	app17.M0	app16.M7	foreign_key	declared
edge:foreign_key:281	app19.M2	app2.M1	foreign_key	declared
edge:foreign_key:282	app14.M11	app1.M3	foreign_key	declared
edge:many_to_many:283	app0.M1	app7.M4	many_to_many	declared
edge:foreign_key:284	app12.M0	app3.M11	foreign_key	declared
edge:foreign_key:285	app0.M1	app5.M0	foreign_key	declared
edge:foreign_key:286	app3.M10	app11.M6	foreign_key	declared
edge:foreign_key:287	app13.M6	app2.M5	foreign_key	declared
edge:foreign_key:288	app19.M4	app6.M9	foreign_key	declared
edge:many_to_many:289	app19.M9	app6.M0	many_to_many	declared
edge:many_to_many:290	app4.M5	app15.M1	many_to_many	declared
edge:foreign_key:291	app17.M4	app0.M0	foreign_key	declared
edge:foreign_key:292	app14.M3	app12.M1	foreign_key	declared
edge:many_to_many:293	app4.M6	app14.M1	many_to_many	declared
edge:many_to_many:294	app7.M0	app12.M1	many_to_many	declared
edge:many_to_many:295	app17.M10	app15.M2	many_to_many	declared
edge:foreign_key:296	app18.M0	app0.M2	foreign_key	declared
edge:foreign_key:297	app3.M6	app2.M4	foreign_key	declared
edge:many_to_many:298	app8.M0	app15.M4	many_to_many	declared
edge:foreign_key:299	app6.M2	app2.M3	foreign_key	declared
edge:foreign_key:300	app6.M6	app17.M1	foreign_key	declared
edge:many_to_many:301	app13.M8	app17.M11	many_to_many	declared
edge:many_to_many:302	app2.M6	app14.M4	many_to_many	declared
edge:foreign_key:303	app6.M2	app12.M4	foreign_key	declared
edge:many_to_many:304	app16.M1	app14.M6	many_to_many	declared
edge:many_to_many:305	app15.M3	app12.M2	many_to_many	declared
edge:foreign_key:306	app12.M1	app9.M7	foreign_key	declared
edge:foreign_key:307	app0.M2	app6.M9	foreign_key	declared
edge:foreign_key:308	app1.M5	app12.M2	foreign_key	declared
edge:foreign_key:309	app1.M1	app16.M0	foreign_key	declared
edge:foreign_key:310	app2.M7	app6.M8	foreign_key	declared
edge:foreign_key:311	app3.M6	app4.M0	foreign_key	declared
edge:foreign_key:312	app4.M0	app11.M6	foreign_key	declared
edge:foreign_key:313	app5.M4	app15.M1	foreign_key	declared
edge:foreign_key:314	app6.M2	app15.M7	foreign_key	declared
edge:foreign_key:315	app7.M2	app2.M3	foreign_key	declared
edge:foreign_key:316	app8.M2	app14.M7	foreign_key	declared
edge:foreign_key:317	app9.M2	app1.M0	foreign_key	declared
edge:foreign_key:318	app10.M5	app5.M4	foreign_key	declared
edge:foreign_key:319	app11.M7	app14.M12	foreign_key	declared
edge:foreign_key:320	app11.M12	app10.M3	foreign_key	declared
edge:foreign_key:321	app12.M2	app9.M0	foreign_key	declared
edge:foreign_key:322	app12.M4	app6.M1	foreign_key	declared
edge:foreign_key:323	app13.M0	app18.M0	foreign_key	declared
edge:foreign_key:324	app14.M4	app2.M7	foreign_key	declared
edge:foreign_key:325	app14.M13	app15.M3	foreign_key	declared
edge:foreign_key:326	app15.M3	app17.M7	foreign_key	declared
edge:foreign_key:327	app16.M0	app0.M4	foreign_key	declared
edge:foreign_key:328	app16.M5	app2.M3	foreign_key	declared
edge:foreign_key:329	app17.M11	app2.M5	foreign_key	declared
edge:foreign_key:330	app17.M5	app8.M0	foreign_key	declared
edge:foreign_key:331	app18.M0	app13.M1	foreign_key	declared
edge:foreign_key:332	app18.M3	app3.M2	foreign_key	declared
edge:foreign_key:333	app19.M9	app18.M3	foreign_key	declared
