edge:declared:db.AgendaBonusIssueSharesToIssue:share_class	16852.05,18457.20 16021.97,18169.01
edge:declared:db.AgendaBorrowCapital:meeting_draft	17401.24,20808.77 17223.83,20773.23
edge:declared:db.AgendaBranchChange:address	18220.08,20308.43 23072.20,18757.84
edge:declared:db.AgendaBranchChange:installation_event	18220.08,20308.43 18937.46,17920.03
edge:declared:db.AgendaBranchChange:meeting_draft	17972.08,20308.43 17223.83,20735.71
edge:declared:db.AgendaCashDividends:meeting_draft	16521.67,20614.70 16903.83,20713.73
june-hub:_louv_212	10295.37,19299.13 11657.61,19133.42
edge:declared:db.AgendaChangeOfAoiClassStock:aoi	19114.43,20340.51 19014.71,20716.49
edge:declared:db.AgendaChangeOfAoiCustom:aoi	19545.80,20324.15 19094.53,20716.49
june-hub:_louv_2	20525.75,18772.65 20410.46,18330.81
edge:declared:db.AgendaChangeOfAoiDirectorCompensationRule:aoi	19574.74,20759.91 19182.57,20811.28
edge:declared:db.AgendaChangeOfAoiNumberOfDirectors:aoi	19524.99,20629.95 19182.57,20765.67
edge:declared:db.AgendaChangeOfAoiThirdPartyAllocation:aoi	19118.30,20980.17 19017.73,20846.49
edge:declared:db.AgendaChangeOfArticlesOfIncorporation:meeting_draft	18815.57,20846.49 17223.83,20759.97
edge:declared:db.AgendaDirectorCompensationItem:director_compensation	15805.09,22024.49 15997.08,21976.10
edge:declared:db.AgendaHeadOfficeRelocation:address	18662.34,21993.38 23072.20,18764.50
edge:declared:db.AgendaHeadOfficeRelocation:meeting_draft	18662.34,21887.38 17223.83,20855.56
june-hub:_louv_12	17210.65,20096.28 17116.94,20565.56
edge:declared:db.AgendaNewIssue:meeting_draft	16721.68,22685.95 17086.30,20855.56
edge:declared:db.AgendaNewIssueItem:new_issue	18922.54,26446.83 16867.30,22855.95
edge:declared:db.AgendaNewIssueItemFromConversion:new_issue_item	19383.28,26929.39 19022.81,26576.83
edge:declared:db.AgendaNewIssueItemFromPayment:new_issue_item	18882.26,26661.84 18955.37,26576.83
edge:declared:db.AgendaNewIssueItemInstitutionMember:institution	20942.01,27146.93 19714.93,25947.97
edge:declared:db.AgendaNewIssueItemInstitutionMemberCeo:member	19971.30,26671.76 20907.02,27146.93
edge:declared:db.AgendaNewIssueItemShareClass:item	18964.88,26113.41 18975.80,26446.83
edge:declared:db.AgendaNewIssueItemShareholder:item	19619.42,25947.97 19071.76,26446.83
edge:declared:db.AgendaNewIssueNewShareClass:new_issue	17055.27,22843.12 16867.30,22823.43
edge:declared:db.AgendaOptionCancel:meeting_draft	15887.88,21084.45 16903.83,20742.75
edge:declared:db.AgendaOptionCancelGrantee:option_cancel	15436.97,21104.92 15639.88,21077.25
edge:declared:db.AgendaOptionCancelGrantee:option_grantee	15184.97,21066.07 14975.32,18996.81
edge:declared:db.AgendaOptionCancelOption:_deprecated_grantee	15223.54,21193.13 15315.98,21143.19
edge:declared:db.AgendaOptionCancelOption:option_cancel	15321.63,21193.13 15652.63,21128.94
edge:declared:db.AgendaOptionExerciseClaim:option_exercise_claim	13881.55,21480.81 12890.59,17419.16
edge:declared:db.AgendaOptionExerciseGrantee:option_grantee	15010.06,21578.69 14972.16,18996.81
edge:declared:db.AgendaOptionExerciseGranteeOption:grantee	14779.72,21844.11 14846.75,21668.69
edge:declared:db.AgendaOptionGrant:meeting_draft	16689.23,20227.71 16950.50,20565.56
edge:declared:db.AgendaOptionGrantGrantee:_deprecated_option_grant_event	15788.00,18884.90 15780.16,18416.62
edge:declared:db.AgendaOptionGrantGrantee:option_grant	15916.37,18982.90 16778.06,20137.71
edge:declared:db.AgendaOptionGrantGrantee:option_grantee	15668.37,18938.44 15111.06,18935.05
edge:declared:db.AgendaRsuGrantGrantee:rsu	15271.22,14054.89 15471.61,14111.22
edge:declared:db.AiPayrollLedger:payroll	6357.24,2209.68 7803.68,2178.56
edge:declared:db.AlimtalkActivityRecipient:activity	32297.01,13092.34 32917.59,12849.95
edge:declared:db.AlimtalkActivityRecipientStatusHistory:recipient	32147.88,13249.54 32176.46,13174.34
june-hub:_louv_24	15959.67,9842.57 16516.90,10609.68
edge:declared:db.Announcement:subscription_plan_set	20843.25,10450.27 20524.26,10379.05
edge:declared:db.AnnualSalary:employee	11724.28,13865.63 10784.81,13940.06
edge:declared:db.AnnualSalary:ledger	11960.28,13875.80 12852.79,14007.67
edge:declared:db.Article:thumbnail_image	20379.81,18944.46 20300.94,18330.81
edge:declared:db.ArticlePublishHistory:article	20270.15,19082.48 20297.80,19026.46
edge:declared:db.ArticlesOfIncorporation:_deprecated_daily_newspaper	17578.84,14387.59 17614.18,14618.24
june-hub:_louv_250	18455.09,17132.38 18010.62,17018.85
edge:declared:db.AuditLog:actor_api_key	18377.56,3559.80 17841.29,4601.76
edge:declared:db.AvailableModusignRequest:modusign_account	21377.84,20692.96 21844.00,20605.84
edge:declared:db.BaseModusignDocumentUsageHistory:modusign_document	24223.93,12941.94 22877.27,20710.06
june-hub:_louv_39	21633.30,12389.15 21880.25,12439.19
edge:declared:db.BranchAbolitionEvent:installation_event	17321.81,17522.92 18690.74,17822.03
edge:declared:db.BranchInstallationEvent:address	18938.74,17907.50 23072.20,18618.75
edge:declared:db.BulkEmail:template_revision	14806.91,16615.57 17116.18,15926.17
edge:declared:db.BulkEmailTemplateRevision:template	17356.18,15933.21 18996.20,14561.43
edge:declared:db.BusinessPlanAiAnalysis:business_plan_ai_review	13455.57,9242.37 14807.91,9973.15
edge:declared:db.BusinessPlanAiAnalysisItem:ai_analysis_feedback	12053.22,8503.85 11727.55,8319.94
edge:declared:db.BusinessPlanAiAnalysisItem:business_plan_ai_analysis	12204.11,8585.85 13316.45,9168.37
edge:declared:db.BusinessPlanAiAnalysisItemImprovement:ai_analysis_feedback	11716.24,7860.51 11745.98,8245.94
edge:declared:db.BusinessPlanAiAnalysisItemImprovement:business_plan_ai_analysis_item	11812.54,7860.51 12112.13,8503.85
edge:declared:db.BusinessPlanAiReview:business_plan	14901.53,10055.15 14943.23,10151.51
edge:declared:db.CashIncentive:category	12589.20,12510.21 14081.07,11897.34
edge:declared:db.CashIncentive:employee	12435.26,12592.21 10776.18,13849.90
edge:declared:db.CashIncentiveItem:cash_incentive	12148.68,12594.13 12365.40,12566.83
edge:declared:db.CashPayment:purchase	22235.79,12627.88 22102.13,12575.34
edge:declared:db.Charge:credit	20294.13,12277.71 20434.64,12396.16
edge:declared:db.CmeBulkEmailRecipient:_deprecated_cme_bulk_email	16976.46,16290.86 17110.98,16081.08
edge:declared:db.CmeBulkEmailTemplate:cme	20307.55,14467.59 20003.63,13264.35
edge:declared:db.CmeCompany:company_managing_entity	19320.00,12842.24 19848.16,13134.35
edge:declared:db.CmeCompany:contact_set	19320.00,12830.42 20333.76,13341.40
edge:declared:db.CmeCompanyContact:cme_company	19594.03,12880.05 19320.00,12814.46
edge:declared:db.CmeCompanyContactNotificationSettings:cme_company_contact	19687.04,12802.36 19703.16,12869.57
edge:declared:db.CmeCompanyDirectorTermManagement:cme_company	19597.82,12625.81 19317.01,12728.24
edge:declared:db.CmeCompanyNote:cme_company	19201.67,12551.70 19185.93,12728.24
edge:declared:db.CmeCompanyRegistration:cme_contact	20291.09,13536.22 20366.58,13431.40
edge:declared:db.CmeCompanyRegistration:company_managing_entity	20221.05,13536.22 20030.60,13264.35
edge:declared:db.CmeCompanyRegistrationFile:cme_company_registration	20428.12,13730.80 20302.57,13618.22
edge:declared:db.CmeContact:company_managing_entity	20306.23,13341.40 20108.16,13257.32
edge:declared:db.CmeMemberRelation:company_managing_entity	20361.43,13104.12 20105.70,13134.35
edge:declared:db.CompanyCreateProgress:company_create_request	22647.70,15874.94 22631.79,16077.39
edge:declared:db.CompanyCreateRequest:address	22631.79,16140.10 23223.45,18514.69
edge:declared:db.CompanyDepartment:department_code	11701.29,12792.87 11659.87,12610.42
edge:declared:db.CompanyDepartmentCode:organization_chart	11772.75,12523.48 13469.05,12004.47
edge:declared:db.CompanyEndorsementFeed:company_endorsement	25346.51,2404.31 23533.25,3481.74
edge:declared:db.CompanyExpertClientRelation:expert_client	20964.08,13287.07 21390.29,13495.57
june-hub:_louv_66	34930.46,9126.85 35074.39,9366.84
edge:declared:db.CompanyFeedAccessLog:venture_capital	36883.07,607.53 34299.17,10608.59
edge:declared:db.CompanyFeedRating:company_feed	27826.67,190.08 27242.57,1019.97
edge:declared:db.CompanyIrClosingFeed:investor_relations	27293.32,3361.26 28260.91,4790.03
edge:declared:db.CompanyIrNewCommitFeed:investor_relations	27749.71,3190.72 28303.59,4790.03
edge:declared:db.CompanyIrOpenFeed:investor_relations	27890.33,2556.67 28323.26,4790.03
june-hub:_louv_67	21265.84,13995.06 21651.59,13935.87
edge:declared:db.CompanyManagingEntity:expert_client	20108.16,13202.70 21382.40,13495.57
edge:declared:db.CompanyManagingEntity:holding_company	19987.53,13134.35 19967.43,13061.13
edge:declared:db.CompanyNewsFeed:company_news	18798.55,6175.61 18443.51,5953.94
edge:declared:db.CompanyNewsLink:company_news	18474.37,5083.75 18396.07,5871.94
edge:declared:db.CompanyNotificationTrigger:notification_setting	15530.49,9087.89 15912.76,9768.57
edge:declared:db.CompanyOwnerAuditLogOwnerRoleRelation:company_owner_audit_log	11665.29,7596.70 10648.19,5905.91
edge:declared:db.CompanyOwnerAuditLogOwnerRoleRelation:owner_role	11314.29,7596.70 11200.07,8959.42
edge:declared:db.CompanyOwnerNotificationTrigger:trigger	15433.55,9267.69 15496.71,9087.89
edge:declared:db.CompanyPurposeChangeItem:company_purpose_change	17496.60,13173.78 17331.90,12919.38
edge:declared:db.CompanyPurposeChangeItem:industrial_code	17532.14,13247.78 17625.49,13545.95
edge:declared:db.CompanyUpdateRequest:change_detection	18083.82,12432.93 18183.53,13195.99
edge:declared:db.CompanyUpdateRequest:company_question_thread	18139.64,12432.93 18879.67,12929.39
june-hub:_louv_28	9764.60,10358.87 9886.93,10699.30
edge:declared:db.CompanyUserRelationOwnerRoleRelation:owner_role	10795.91,9682.25 11026.13,9057.42
edge:declared:db.ConsentForm:investor	23001.17,35059.29 12512.13,23467.47
edge:declared:db.ConsentForm:item	23123.53,34961.29 23313.06,28245.56
edge:declared:db.ConsentFormModusignDocument:consent_form	23553.04,33314.79 23148.21,34961.29
edge:declared:db.ConsentFormModusignEmbeddedDraft:consent_form	21984.31,23672.27 23118.86,34961.29
edge:declared:db.CorporateRegistrationChangeConfirmation:change_detection	18564.78,13014.87 18269.75,13195.99
edge:declared:db.CorporateRegistrationChangeConfirmation:staff_review_required_question_thread	18796.55,13004.78 18870.48,12996.11
edge:declared:db.CorporateRegistrationChangeDetectionParseResult:change_detection	18395.88,12874.48 18217.17,13195.99
edge:declared:db.CorporateRegistrationExtractionLog:corporate_registration_issue_log	20415.91,15166.82 20533.19,14958.67
edge:declared:db.CorporateRegistrationIssueCouponIssueLog:coupon	19038.99,12350.12 18896.20,12620.58
edge:declared:db.CorporateRegistrationIssueCouponUseRequest:coupon	19224.50,14746.74 18993.15,12702.58
edge:declared:db.CorporateRegistrationIssueCouponUseResult:corporate_registration	19841.38,14882.40 19092.91,14823.13
edge:declared:db.CorporateRegistrationIssueCouponUseResult:log	20191.05,14948.00 20423.28,14891.71
edge:declared:db.CorporateRegistrationIssueCouponUseResult:request	19994.44,14882.40 19418.21,14820.74
edge:declared:db.CorporateRegistrationIssueLog:_deprecated_staff_review_required_question_thread	20704.28,14860.67 19154.48,13107.39
edge:declared:db.CorporateRegistrationIssueMaintenance:third_party_api_notice	30772.55,14898.00 30144.02,14874.81
edge:declared:db.CorporateRegistrationIssueRequest:delivery	19179.00,10863.71 19337.84,10794.79
edge:declared:db.CorporateRegistrationPaidIssue:corporate_registration	19175.93,14979.04 19018.97,14839.78
edge:declared:db.CorporationPostRegistrationScheduledEmail:corporation_post_registration_email	15845.83,5098.13 14667.26,5050.95
edge:declared:db.CorporationPostRegistrationScheduledEmailPeriodicTaskRelation:corporation_post_registration_scheduled_email	15698.44,4962.56 15942.90,5068.43
june-hub:_louv_169	28307.81,16699.87 26986.04,16105.12
edge:declared:db.CreditUse:credit	21397.30,12380.71 20609.49,12423.92
edge:declared:db.CsAgentResponse:inquiry_thread_message	24035.08,9537.71 23140.82,9764.32
edge:declared:db.CsAgentResponseFeedBack:cs_agent_response	24520.93,9458.12 24283.08,9504.90
edge:declared:db.DepartmentStaffUserRelation:department	18215.90,34235.83 16028.20,34776.66
edge:declared:db.DirectorsMeeting:chairperson	15882.29,20662.21 15745.41,20588.09
edge:declared:db.DirectorsMeetingAgenda:agenda_branch_change	16267.40,21136.03 17972.08,20308.43
edge:declared:db.DirectorsMeetingAgenda:agenda_director_change	16016.07,21264.66 14717.70,22438.80
edge:declared:db.DirectorsMeetingAgenda:agenda_director_compensation_decision	16133.52,21264.66 16081.90,21886.10
edge:declared:db.DirectorsMeetingAgenda:agenda_head_office_relocation	16267.40,21264.66 18403.34,21892.13
edge:declared:db.DirectorsMeetingAgenda:agenda_new_issue	16242.88,21264.66 16595.30,22685.95
edge:declared:db.DirectorsMeetingAgenda:agenda_option_cancel	15983.40,21134.11 15887.88,21112.73
edge:declared:db.DirectorsMeetingAgenda:agenda_shareholders_meeting_convocation	16252.88,21264.66 16469.66,21439.58
edge:declared:db.DirectorsMeetingAgenda:meeting	16267.40,21078.66 16142.29,20685.49
edge:declared:db.DirectorsMeetingNoticeEmail:directors_meeting	15164.91,20031.34 15882.29,20570.16
edge:declared:db.DirectorsMeetingNoticeEmailRecipient:director	16016.79,20430.38 15745.41,20578.97
edge:declared:db.DirectorsMeetingNoticeEmailRecipient:email	15873.71,20348.38 15164.91,20031.34
edge:declared:db.DocumentDelivery:delivery	19690.50,11004.95 20032.79,10861.32
edge:declared:db.DocumentDeliveryQuestionThreadRelation:document_delivery	19919.37,11000.56 19699.44,11041.10
edge:declared:db.DocumentDeliveryQuestionThreadRelation:question_thread	20262.37,11026.76 20359.17,11019.89
edge:declared:db.DocumentParseResult:attachment	20011.11,16161.56 19990.49,16418.10
edge:declared:db.DormantUserEmail:user	3285.50,32258.65 1997.83,33452.87
edge:declared:db.DormantUserPhone:user	2608.60,31576.36 1967.62,33452.87
edge:declared:db.DormantUserReactivationToken:user	3439.50,32419.58 2010.33,33452.87
edge:declared:db.ESOP:shareholder	11415.84,16149.05 12369.83,23337.47
edge:declared:db.ESOPParticipant:esop	11139.52,15198.98 11420.42,16035.05
edge:declared:db.ElectronicCertificateFileDownloadHistory:file_uploaded	18466.58,16614.14 18457.73,16546.95
edge:declared:db.ElectronicCertificateFileUploaded:file_upload_request	18410.78,16472.95 18335.28,16406.57
edge:declared:db.ElectronicCertificateReturnRequest:recipient_address	24588.61,19824.55 23380.20,18764.09
edge:declared:db.EmailActivityRecipient:email_activity	24244.46,23749.23 24429.99,26773.08
edge:declared:db.EmailActivityRecipientStatusHistory:recipient	24665.93,25505.42 24252.97,23749.23
edge:declared:db.EmailVerification:email	24067.45,1532.40 23560.22,1244.49
edge:declared:db.Employee:department_code_set	10715.93,13849.90 11613.28,12610.42
edge:declared:db.EmployeeDepartmentCodeRelation:department_code	11371.50,12706.75 11555.27,12610.42
edge:declared:db.EmployeeDepartmentCodeRelation:employee	11280.76,12780.75 10697.83,13849.90
edge:declared:db.EmployeeOption:grantee	12051.33,11284.48 11221.24,12457.53
edge:declared:db.EmployeeOptionExerciseCandidate:management	12786.81,11642.09 14450.59,11663.43
edge:declared:db.EmployeeOptionExerciseCandidate:option	12578.26,11595.19 12160.15,11284.48
edge:declared:db.EmployeeOptionExerciseCandidate:option_exercise_claim	12786.81,11628.28 13983.62,11532.00
edge:declared:db.EmployeeOptionExerciseCandidateFile:candidate	12623.97,11319.35 12636.73,11595.19
edge:declared:db.EmployeeOptionExerciseClaimOption:option	13055.96,11209.97 12212.83,11228.72
edge:declared:db.EmployeeOptionExerciseClaimOption:option_exercise_claim	13315.67,11243.57 13998.38,11480.30
edge:declared:db.EmployeeOptionExerciseManagementEmail:management	14356.33,13475.33 14600.75,11706.37
edge:declared:db.EmployeeOptionVesting:employee_option	11328.19,11470.42 11964.83,11270.43
edge:declared:db.EmployeeOptionVestingItem:option_vesting	11144.98,11737.41 11199.87,11544.42
edge:declared:db.EmployeeOptionVestingTraceable:option	12079.39,11636.93 12087.60,11284.48
edge:declared:db.EmployeeStock:participant	11838.60,15337.35 11249.53,15133.07
edge:declared:db.EmployeeStockGuide:esop	12034.98,15940.72 11542.19,16035.05
edge:declared:db.EmployeeStockGuideAudience:employee_stock_guide	12522.40,15558.77 12162.52,15858.72
edge:declared:db.EmployeeStockGuideAudience:participant	12446.46,15558.77 11249.53,15194.99
edge:declared:db.EmployeeStockGuideEmail:employee_stock_guide	13028.44,16817.31 12233.82,15940.72
edge:declared:db.EmployeeStockTag:category	11479.87,15673.39 11474.47,15289.20
edge:declared:db.EmployeeStockTag:employee_stock_set	11727.87,15630.61 11838.60,15354.45
edge:declared:db.EmployeeStockTag:esop	11578.19,15684.06 11473.84,16035.05
edge:declared:db.EmployeeStockTagCategory:esop	11354.14,15355.06 11441.73,16035.05
edge:declared:db.EmployeeStockWithdrawRequest:account	12342.34,16655.73 12617.67,16571.01
edge:declared:db.EmployeeStockWithdrawRequest:esop	12147.49,16581.73 11536.50,16149.05
edge:declared:db.EmploymentCertificateDocumentRequest:history	14244.58,12242.46 12645.65,13105.34
edge:declared:db.EmploymentStatusHistory:connected_hrm_status_event	12557.12,13195.34 7567.02,15165.19
edge:declared:db.EmploymentStatusHistory:employee	12444.77,13195.34 10784.81,13894.44
edge:declared:db.EmploymentStatusHistory:related_events	12681.95,13165.26 16178.35,16101.06
edge:declared:db.EventAttachment:event	16729.33,16193.66 16474.35,16214.19
edge:declared:db.ExpertClientIncorporationSupport:contact_set	20827.65,13824.26 20486.02,13431.40
edge:declared:db.ExpertClientIncorporationSupport:expert_client	21051.01,13836.17 21382.40,13568.38
edge:declared:db.ExpertClientIncorporationSupport:incorporation_request	20912.01,13906.26 21317.07,15034.72
edge:declared:db.ExpertClientSignupChannel:expert_client	23611.72,13882.95 21630.40,13593.57
edge:declared:db.ExpertClientTaxServiceSettings:expert_client	21187.52,13950.51 21422.07,13593.57
edge:declared:db.FABContent:thumbnail_image	21230.63,17357.46 20541.18,17989.83
edge:declared:db.FinancialAccount:institution	12746.28,16473.20 13009.04,15944.98
edge:declared:db.Fund:fund_partners	31645.68,12401.94 32764.45,12313.83
edge:declared:db.Fund:portfolio_company_set	31397.68,12437.57 28382.46,13112.35
edge:declared:db.FundingNewsDistributionServiceRequest:company_question_thread	18704.26,13953.44 18978.31,13107.39
june-hub:_louv_129	3068.78,15305.40 3554.02,15408.40
edge:declared:db.HrmAlpConfigIndivApprovalTemplateRel:alp_config	2394.06,14632.97 2088.54,14865.59
edge:declared:db.HrmAlpExcludedEmp:emp	8293.70,17491.49 7673.32,17621.40
edge:declared:db.HrmAlpLaborReceiptRefusal:emp	7896.10,18547.80 7571.27,17829.76
june-hub:_louv_131	8134.92,18129.61 8017.39,18231.95
edge:declared:db.HrmAlpUsageDesignation:target	8161.29,18244.55 8072.50,18300.93
edge:declared:db.HrmAlpUsageDesignationDate:leave_usage	8712.22,18162.85 8857.94,18158.27
edge:declared:db.HrmAlpUsageDesignationDate:usage_designation	8518.76,18198.12 8345.75,18234.18
edge:declared:db.HrmAnnualLeaveAdjustment:emp	8057.64,17615.21 7673.32,17645.71
edge:declared:db.HrmAnnualLeaveConfigBase:annual_leave	6893.18,23008.88 6907.27,22068.70
edge:declared:db.HrmApproval:approvable	6522.52,17611.20 5957.32,17298.71
edge:declared:db.HrmApprovalLine:approval	6678.64,17770.10 6624.97,17701.20
edge:declared:db.HrmApprovalLine:approver	6634.24,17852.10 6133.36,18121.16
edge:declared:db.HrmApprovalReview:approval	6343.92,17859.49 6535.47,17701.20
edge:declared:db.HrmApprovalReview:approver	6263.91,17933.49 6085.17,18121.16
edge:declared:db.HrmApprovalTemplateLine:approver	5889.83,17989.82 5993.04,18121.16
edge:declared:db.HrmApprovalTemplateLine:template	5819.70,17915.82 5098.01,17612.26
edge:declared:db.HrmApprovalTemplateReview:approver	5595.62,17947.54 5932.00,18121.16
edge:declared:db.HrmApprovalTemplateReview:template	5497.45,17873.54 5081.87,17612.26
edge:declared:db.HrmApprover:dept	5910.69,18136.20 3456.94,17836.83
edge:declared:db.HrmAttendanceItem:attendance	7949.59,17138.35 6678.18,17268.86
edge:declared:db.HrmCertificateConfigIndividualApprovalTemplateRelation:certificate_config	2395.56,15854.04 2912.25,15357.87
edge:declared:db.HrmCommonLocation:work_location_config	7932.94,14586.39 8527.91,14535.14
edge:declared:db.HrmDailyLeaveUsageItem:usage	8120.51,20726.60 8964.26,18217.04
edge:declared:db.HrmDeptName:dept	2824.03,19381.68 3292.31,17858.03
edge:declared:db.HrmDeptName:event	2793.54,19455.68 2652.55,20005.51
edge:declared:db.HrmDeptParent:dept	3503.28,19372.03 3314.45,17858.03
edge:declared:db.HrmDeptParent:event	3507.60,19454.03 3649.18,19910.51
edge:declared:db.HrmDeptStatus:dept	3980.35,19643.71 3329.72,17858.03
edge:declared:db.HrmDeptStatus:event	3978.54,19717.71 3804.69,21556.59
edge:declared:db.HrmDocument:form	4633.52,16353.98 3271.55,13836.54
edge:declared:db.HrmDocumentDraft:form	4557.61,14726.93 3384.89,13782.83
edge:declared:db.HrmDocumentDraftFieldAttachment:field_value	4348.62,9514.45 3494.19,11348.41
edge:declared:db.HrmDocumentDraftFieldMultiSelectValue:field_value	3312.65,11815.54 3456.10,11438.41
edge:declared:db.HrmDocumentDraftFieldMultiSelectValue:selected_option	3257.96,11889.54 3094.68,12038.27
edge:declared:db.HrmDocumentDraftFieldValue:draft	3490.47,11438.41 4665.89,14726.93
edge:declared:db.HrmDocumentDraftFieldValue:field_definition	3419.96,11438.41 2025.72,12616.44
edge:declared:db.HrmDocumentFieldAttachment:field_value	2963.05,13223.51 3191.84,13276.71
edge:declared:db.HrmDocumentFieldMultiSelectValue:field_value	3647.87,12520.61 3291.89,13199.47
edge:declared:db.HrmDocumentFieldMultiSelectValue:selected_option	3575.24,12446.61 3108.33,12120.27
edge:declared:db.HrmDocumentFieldValue:document	3439.84,13289.47 4637.42,16353.98
edge:declared:db.HrmDocumentFieldValue:field_definition	3191.84,13230.48 2120.46,12678.14
edge:declared:db.HrmDocumentFormFieldDefinition:form	2073.96,12706.44 3150.37,13738.54
edge:declared:db.HrmDocumentFormFieldSelectOption:field_definition	2973.81,12120.27 2055.73,12616.44
edge:declared:db.HrmDocumentFormIndividualApprovalTemplateRelation:document_form	3103.10,13921.14 3136.89,13825.54
edge:declared:db.HrmEmpAffiliation:event	5751.78,16979.41 6711.21,16446.11
edge:declared:db.HrmEmpAffiliationDept:affiliation	5214.91,17442.22 5584.59,16979.41
edge:declared:db.HrmEmpAffiliationDept:dept	5071.02,17442.22 3456.94,17736.03
edge:declared:db.HrmEmpContract:mgmt	7420.07,34563.06 4924.85,23956.72
edge:declared:db.HrmEmpContractMgmt:template_revision	4851.76,23874.72 3195.68,22804.43
edge:declared:db.HrmEmpContractModusignDocument:hrm_emp_contract	23600.49,35905.74 7553.72,34641.15
edge:declared:db.HrmEmpContractTemplateRevision:template	3120.37,22722.43 2247.23,19706.66
edge:declared:db.HrmEmpContractTemplateRevisionSigner:revision	2456.24,23367.53 3086.36,22804.43
edge:declared:db.HrmEmpEmploymentType:event	6772.78,16788.76 6925.20,16696.03
edge:declared:db.HrmEmpJob:event	5960.59,15934.20 6505.57,15789.94
edge:declared:db.HrmEmpReturnToWorkEvent:absence_event	7856.45,14763.77 7701.22,14905.13
edge:declared:db.HrmEmpSalaryAccount:institution	13211.37,14520.33 13000.68,15854.98
edge:declared:db.HrmEmpUserInvitationInvitee:invitation	5870.49,17725.87 5513.22,17534.37
edge:declared:db.HrmEmpWorkAssignment:work	6334.94,18570.13 5404.87,18665.23
edge:declared:db.HrmEmpWorkLocationAssignment:work_location	7069.04,15240.33 6704.35,14463.69
edge:declared:db.HrmEmpWorkLocationAssignment:work_location_config	7079.30,15314.33 7045.39,15870.43
edge:declared:db.HrmEmpWorkLocationConfig:work_location_set	7032.96,15870.43 6695.25,14463.69
edge:declared:db.HrmFixedWorkSchedule:fixed_work	5397.52,18335.56 5355.93,18401.94
edge:declared:db.HrmLeaveGrant:grantable_leave	6950.03,19041.35 6664.09,20155.12
edge:declared:db.HrmLeaveUsage:leave	8935.02,18217.04 6475.28,21037.35
edge:declared:db.HrmLeaveUsageAttachment:usage	9478.93,19194.15 9002.22,18217.04
edge:declared:db.HrmLeaveUsageItem:emp	7668.42,18812.67 7522.57,17829.76
edge:declared:db.HrmOngoingAttendanceClockedSchedule:ongoing_attendance	9284.54,16480.31 8877.84,16733.41
edge:declared:db.HrmPersonalLocation:work_location_config	8658.86,16340.24 8767.04,14535.14
edge:declared:db.HrmRequestor:dept	4663.10,18916.02 3360.90,17858.03
edge:declared:db.HrmStaggeredWorkSchedule:staggered_work	4937.00,20464.92 4413.10,19428.04
edge:declared:db.HrmStandardWorkSchedule:standard_work	2625.03,17106.49 2996.83,16255.48
edge:declared:db.HrmWorkAutoClockOutConfig:work	4839.52,18667.73 5144.87,18675.30
edge:declared:db.HrmWorkIndividualApprovalTemplateRelation:work	6135.68,19323.08 5356.34,18739.52
edge:declared:db.HrmWorkLocationGpsConfig:work_location	8515.04,14494.12 6809.58,14414.71
edge:declared:db.HrmWorkOvertime:work	4905.27,18561.19 5144.87,18637.25
edge:declared:db.IBKSignupChannel:ibk_user_login_token	24685.04,13378.01 24657.37,13317.61
edge:declared:db.IBKUserLoginToken:ibk_user	24659.26,13243.61 24663.91,13160.81
edge:declared:db.IaAccountInfo:investment_association	31311.16,17761.22 28556.97,15973.91
edge:declared:db.IaCertificateOfInvestmentDocumentRecipient:certificate_of_investment_document_email	1840.93,20019.35 1815.40,20128.66
edge:declared:db.IaConsentForm:consent_form_or_meeting	32753.74,18271.79 30729.46,19017.94
edge:declared:db.IaConsentFormOrMeetingDocumentGeneration:consent_form_or_meeting	31092.27,18961.42 30772.37,19043.87
edge:declared:db.IaConsentFormOrMeetingDocumentGenerationItem:document	32057.32,18960.44 32639.24,19063.37
edge:declared:db.IaConsentFormOrMeetingDocumentGenerationItem:generation	31777.84,18935.62 31435.27,18926.31
edge:declared:db.IaConsentFormOrMeetingElectronicSignatureRequest:document	29193.16,21129.39 31392.67,19866.09
edge:declared:db.IaConsentFormOrMeetingElectronicSignatureRequestModusignDocument:electronic_signature_request	27672.70,20002.52 28797.16,21112.83
edge:declared:db.IaConsentFormOrMeetingElectronicSignatureRequestModusignEmbeddedDraft:electronic_signature_request	25768.17,23599.54 28852.20,21204.96
edge:declared:db.IaConsentFormOrMeetingElectronicSignatureRequestStatusHistory:electronic_signature_request	29183.49,21610.91 29005.91,21204.96
edge:declared:db.IaConsentFormOrMeetingElectronicSignatureRequestUploadedModusignDocument:electronic_signature_request	27278.86,21329.36 28848.48,21204.96
edge:declared:db.IaConsentFormOrMeetingElectronicSignatureRequiredDocument:consent_form_or_meeting	31171.99,19760.09 30602.55,19123.94
edge:declared:db.IaConsentFormOrMeetingElectronicSignatureRequiredDocument:partner	31392.67,19760.09 35301.81,17976.09
edge:declared:db.IaConsentFormOrMeetingEsigRequiredDocumentPageRange:esig_required_document	31706.40,19242.47 31266.88,19760.09
edge:declared:db.IaConsentFormOrMeetingEsigRequiredDocumentPageRange:page_range_document	31954.81,19195.92 32639.24,19129.40
edge:declared:db.IaConsentFormOrMeetingGuideEmail:consent_form_or_meeting	30987.85,18632.14 30638.73,19017.94
edge:declared:db.IaConsentFormOrMeetingGuideEmailRecipient:consent_form_or_meeting_guide_email	30994.97,18374.18 31023.25,18558.14
edge:declared:db.IaDocumentArchiveAttachment:ia_document_archive	29688.16,14020.11 29903.09,13930.85
edge:declared:db.IaFoundingProgressStatus:investment_association	29566.39,17033.31 28536.44,16006.97
edge:declared:db.IaGpAppointmentEvent:partner	32527.31,17409.11 35301.81,17841.71
edge:declared:db.IaGpTerminationEvent:appointment_event	32641.48,17718.03 32432.99,17430.06
edge:declared:db.IaGpTerminationEvent:partner	32795.16,17764.51 35301.81,17860.15
edge:declared:db.IaInvestmentCertificateRegistrationRequest:partner	35584.71,19690.41 35466.79,17976.09
edge:declared:db.IaMeeting:consent_form_or_meeting	30817.03,21601.02 30594.35,19123.94
edge:declared:db.IaMeetingAgenda:meeting	32301.51,20620.12 30909.67,21601.02
edge:declared:db.IaMeetingAgendaVote:agenda	32144.17,23003.25 32370.49,20620.12
edge:declared:db.IaMeetingAgendaVote:electronic_signature	32104.12,23003.25 29041.90,21204.96
edge:declared:db.IaMeetingAgendaVote:partner	32166.59,23003.25 35388.88,17976.09
edge:declared:db.IaMeetingConvocationNoticeEmail:ia_meeting	31974.01,22457.05 30829.10,21723.02
edge:declared:db.IaMeetingConvocationNoticeRecipient:convocation_notice_email	31379.34,21945.74 31985.49,22457.05
edge:declared:db.IaMeetingMinutesDocument:meeting	32011.79,20010.45 30835.64,21601.02
edge:declared:db.IaMeetingNoticeDocument:meeting	31653.33,19812.07 30820.43,21601.02
edge:declared:db.IaMeetingSealedNoticeDocumentFile:ia_meeting	27151.02,19245.10 30807.14,21601.02
edge:declared:db.IaOperation:ia_operation_management	31742.45,15645.56 31607.67,15835.27
edge:declared:db.IaPartnerInvestmentConfirmation:partner	32281.37,16463.22 35301.81,17796.84
edge:declared:db.IaPartnerInvestmentConfirmationEmailRecipient:ia_partner_investment_confirmation_email	13408.97,2612.72 13333.54,2679.58
edge:declared:db.IaPfCompany:investment_association	28650.94,16557.80 28451.20,16006.97
edge:declared:db.IaPfCompanyInvestmentSalesIntent:ia_pf_company_investment	30963.27,22569.30 29355.17,22325.36
edge:declared:db.IaPfCompanyInvestmentStock:ia_pf_company_investment	28768.55,22624.78 29171.57,22347.55
edge:declared:db.IaRule:address	24407.19,18797.51 23380.20,18661.07
edge:declared:db.IaRuleCompensation:rule	26394.37,19250.81 24667.19,18862.63
edge:declared:db.IaRuleDocument:rule	31151.36,19137.82 24667.19,18833.02
edge:declared:db.IaRuleInvestment:rule	26605.56,18552.98 24642.62,18754.56
edge:declared:db.IaRuleMeeting:rule	25327.19,19438.60 24469.36,18876.56
edge:declared:db.IaRulePartner:rule	25978.03,19282.69 24584.27,18876.56
edge:declared:db.IaUserInvitationInvitee:invitation	33566.47,15880.33 31274.40,16079.90
edge:declared:db.IaUserInvitationInvitee:legal_representative	33691.06,15918.53 33695.84,16316.31
edge:declared:db.IaUserInvitationInvitee:partner	33733.37,15918.53 35363.38,17758.09
edge:declared:db.ImAttachment:investor_matching	30339.90,9667.04 26706.44,9018.17
edge:declared:db.ImAttachmentDownloadLog:attachment	32243.41,10405.79 30565.71,9730.18
edge:declared:db.ImAttachmentPdfEvent:attachment	31734.04,9881.83 30587.90,9707.99
edge:declared:db.ImAttachmentPdfEvent:pdf_event	31774.27,9859.64 31309.26,9632.03
edge:declared:db.ImConsultingRequest:investor_matching	25514.00,7055.79 26514.01,8899.81
edge:declared:db.ImDay:recipients	30771.19,9023.97 30610.33,8525.07
edge:declared:db.ImDayParticipation:im_day	30552.24,8814.40 30742.50,9023.97
edge:declared:db.ImDayParticipation:investor_matching	30383.75,8772.55 26706.44,8984.62
edge:declared:db.ImDayParticipationAttachment:participation	30037.11,8176.02 30468.62,8716.40
edge:declared:db.ImDaySurvey:im_day	28773.32,8946.22 30662.99,9065.16
edge:declared:db.ImDaySurvey:investor_matching	28537.32,8941.84 26706.44,8989.14
edge:declared:db.ImDisclosing:investor_matching	27362.15,7577.42 26616.85,8899.81
edge:declared:db.ImIrPartnerBrokerOwnerRelation:im_ir_partner_broker	28513.14,10467.26 28724.02,10396.42
edge:declared:db.ImNote:investor_matching	27104.52,8341.48 26641.56,8899.81
edge:declared:db.ImTag:investor_matching_set	28342.95,8374.30 26706.44,8943.43
edge:declared:db.IncorporationRequest:address	21497.09,15244.72 23197.19,18514.69
edge:declared:db.IncorporationRequest:company_question_thread	21286.52,15034.72 19154.48,13107.39
edge:declared:db.IncorporationRequestAoiFile:incorporation_request	21613.28,14863.95 21433.28,15034.72
edge:declared:db.IncorporationRequestPurpose:incorporation_request	20948.25,15157.53 21201.09,15148.63
edge:declared:db.IndividualInvestorCompanyName:non_unified_share_company	31682.89,26167.94 29814.47,26141.27
edge:declared:db.IndividualInvestorCompanyParValue:non_unified_share_company	29009.36,26182.17 29554.47,26147.64
edge:declared:db.IndividualInvestorCompanyShareClass:non_unified_share_company	29560.55,28679.40 29681.30,26204.41
edge:declared:db.IndividualInvestorEvent:company	33498.53,29570.19 29756.73,26204.41
edge:declared:db.IndividualInvestorUser:address	24412.53,20214.68 23327.82,18764.69
edge:declared:db.IndividualStockOption:company	28169.63,23843.45 29641.58,26074.41
edge:declared:db.IndividualStockOption:create_request	28262.02,23757.55 28933.84,23608.19
edge:declared:db.IndividualStockOption:grantee	28117.45,23729.45 27808.68,22521.32
edge:declared:db.IndividualStockOptionCreateRequestEtcFile:create_request	29891.61,23541.45 29247.84,23567.05
edge:declared:db.IndividualStockOptionGrantContract:individual_stock_option	27821.66,23427.74 28082.70,23729.45
edge:declared:db.IndividualStockOptionResumeEvent:pause_event	30628.40,31267.65 29990.99,28783.23
edge:declared:db.IndividualStockOptionSalesIntent:individual_stock_option	30844.00,23695.84 28262.02,23782.11
edge:declared:db.IndividualStockOptionVesting:individual_stock_option	28734.39,24237.01 28208.23,23843.45
edge:declared:db.IndividualStockOptionVestingItem:individual_stock_option_vesting	28873.68,24055.51 28799.07,24237.01
edge:declared:db.IndividualStockOptionVestingTraceable:individual_stock_option	28469.07,23372.29 28178.41,23729.45
edge:declared:db.InputSignupChannel:input_channel	24784.04,14023.62 25153.55,14227.92
edge:declared:db.InstitutionStakeholderManager:institution_stakeholder	11878.12,21847.92 11897.75,21384.87
edge:declared:db.InternetRegistryOfficeOtp:director	17638.71,15577.70 17246.64,15581.47
edge:declared:db.InternetRegistryOfficeOtpReturnRequest:internet_registry_office_otp	22322.13,19976.16 17795.02,15577.70
edge:declared:db.InternetRegistryOfficeOtpReturnRequest:recipient_address	22390.60,19976.16 23173.72,18764.69
edge:declared:db.InvestmentAssociationEvent:investment_association	30529.11,17065.97 28556.97,15960.31
edge:declared:db.InvestmentAssociationOrganizationPartnerCeo:organization_partner	35003.74,16088.88 34540.47,16106.71
edge:declared:db.InvestmentAssociationOrganizationPartnerCorporationSignerCeo:corporation	34984.53,13869.91 34890.74,13788.86
edge:declared:db.InvestmentAssociationOrganizationPartnerManager:organization_partner	31964.28,14481.88 34287.06,16064.70
edge:declared:db.InvestmentAssociationOrganizationPartnerSigner:_deprecated_manager	34090.70,14060.28 32107.98,14409.96
edge:declared:db.InvestmentAssociationOrganizationPartnerSigner:organization_partner	34290.21,14070.36 34357.32,16064.70
edge:declared:db.InvestmentAssociationPartner:address	35301.81,17888.39 23380.20,18625.69
edge:declared:db.InvestmentAssociationPartnerResume:partner	36751.69,16003.70 35534.21,17758.09
edge:declared:db.InvestmentAssociationPartnerResume:signer	36727.33,15921.70 34346.57,14070.36
edge:declared:db.InvestmentAssociationPartnerResumeItem:resume	36906.16,15559.93 36792.89,15921.70
edge:declared:db.InvestmentAssociationPartnerSalesIntent:partner	33569.73,22109.78 35410.27,17976.09
edge:declared:db.InvestmentRoundNewIssueEvent:investment_round	16840.58,7844.75 16660.66,8189.83
edge:declared:db.InvestmentRoundNewIssueEvent:new_issue_event	16871.83,7770.75 16899.38,7685.47
edge:declared:db.InvestmentSimulationInitialOption:option_grantee	12918.68,3822.59 13329.68,3951.26
edge:declared:db.InvestmentSimulationInitialOptionGrantee:simulation	13626.87,3992.11 16249.22,4048.47
edge:declared:db.InvestmentSimulationInitialShareholder:simulation	11876.59,3015.32 16249.22,4022.57
edge:declared:db.InvestmentSimulationInitialStock:shareholder	10174.17,590.03 11692.08,2941.32
edge:declared:db.InvestmentSimulationInvestor:simulation_round	18355.99,562.29 15240.11,3420.57
edge:declared:db.InvestmentSimulationNewIssueInvestment:investor	17579.03,2647.36 18391.08,562.29
edge:declared:db.InvestmentSimulationPurchaseInvestment:investor	20816.75,2453.13 18449.62,562.29
edge:declared:db.InvestmentSimulationPurchaseSellStock:seller	21183.08,2066.33 20880.69,2453.13
edge:declared:db.InvestmentSimulationRound:simulation	15272.93,3494.57 16284.26,4006.13
edge:declared:db.InvestorInterest:venture_capital	35495.72,12109.71 34430.21,11004.45
edge:declared:db.InvitationSeat:allocated_seat	10635.00,12164.01 10562.18,13531.01
edge:declared:db.InvitationSeat:invitation_seat_request	10652.37,12090.01 11756.09,9437.45
june-hub:_louv_65	28436.25,4314.05 28367.03,4790.03
edge:declared:db.IrAiAnalysisLike:ai_analysis	29397.00,3869.40 29032.99,4319.93
edge:declared:db.IrApprovalNotificationDismiss:ir_approval	28532.39,3906.14 28450.68,4240.05
edge:declared:db.IrBrokerActivity:vc_user_relations	28831.45,6807.10 30548.36,8435.07
edge:declared:db.IrFeedAccessLog:ir_feeds	27883.36,5243.64 27696.48,5166.49
edge:declared:db.IrFeedRating:ir_feed	27676.96,4916.27 27607.09,5076.49
edge:declared:db.IrFundRaisingMemo:fund_raising	32178.55,5205.15 32753.16,4958.88
edge:declared:db.IrFundRaisingStageLog:fund_raising	32336.86,2136.87 32849.71,4868.88
edge:declared:db.IrInsightClub:pitching_day_hall	32594.25,6408.06 32383.69,6344.36
edge:declared:db.IrInsightClubParticipation:ir_insight_club	32093.25,5559.30 32689.34,6404.58
edge:declared:db.IrInsightClubParticipationAttendee:ir_insight_club_participation	31735.21,5119.24 32024.35,5469.30
edge:declared:db.IrInsightClubSurvey:ir_insight_club_participation	32380.76,5582.43 32191.02,5541.94
edge:declared:db.IrInvestorFeedback:venture_capital	34359.47,11162.82 34312.69,11018.59
edge:declared:db.LawtalkSignupAttachment:lawtalk_signup	19306.99,16028.94 19221.80,15604.76
edge:declared:db.ManualOptionVestingItem:manual_option_vesting	15323.25,18394.13 15457.01,18265.25
edge:declared:db.Meeting:employee_attorney	18010.62,16918.53 18093.96,16835.98
edge:declared:db.MeetingDocument:directors_meeting	16069.98,26879.11 16142.29,20685.49
edge:declared:db.MeetingDocument:shareholders_meeting	16234.24,26879.11 16563.86,23297.44
edge:declared:db.MeetingDocumentGenerationItem:meeting_document	21327.74,27614.85 16389.38,27096.11
edge:declared:db.MeetingDocumentGenerationItem:meeting_document_generation	21456.16,27592.96 20358.70,21173.75
edge:declared:db.MeetingDraftAgendaDirectorChange:meeting_draft	16676.46,19502.05 17015.25,20565.56
edge:declared:db.MeetingDraftAgendaDirectorCompensation:meeting_draft	15060.44,20182.35 16903.83,20658.72
edge:declared:db.MeetingDraftAgendaDirectorCompensationItem:director_compensation	14599.15,20391.48 14868.57,20182.35
edge:declared:db.MeetingDraftRegistrationAssistance:meeting_draft	17176.88,21278.05 17090.75,20855.56
edge:declared:db.MeetingDraftSchedule:meeting_draft	16518.67,20349.26 16903.83,20616.39
edge:declared:db.MembershipContentAuthorRelation:author	26148.10,26609.10 25994.93,26373.70
edge:declared:db.ModusignApiLog:modusign_account	21854.78,20106.81 21877.03,20507.84
edge:declared:db.ModusignAuthentication:modusign_account	21553.28,20161.85 21851.70,20507.84
edge:declared:db.ModusignDocument:_option_grant_contract	22809.84,20718.97 20671.32,18886.65
edge:declared:db.ModusignDocumentActionHistory:modusign_document	23239.42,20584.50 23081.84,20732.83
edge:declared:db.ModusignDocumentActionHistory:modusign_document_participant	23309.49,20510.50 23171.33,20197.77
edge:declared:db.ModusignDocumentModusignAccountRelation:modusign_account	21995.16,20342.02 21961.31,20507.84
edge:declared:db.ModusignDocumentModusignAccountRelation:modusign_document	22133.94,20342.02 22809.84,20721.72
edge:declared:db.ModusignDocumentModusignApiKeyRelation:modusign_api_key	22355.33,20967.28 22204.74,21187.82
edge:declared:db.ModusignDocumentModusignApiKeyRelation:modusign_document	22476.52,20893.28 22809.84,20843.51
edge:declared:db.ModusignDocumentParticipant:modusign_document	23138.25,20197.77 22982.48,20710.06
edge:declared:db.ModusignEmbeddedDraft:modusign_account	21862.56,23105.43 21884.12,20605.84
edge:declared:db.ModusignEmbeddedDraft:modusign_api_key	21880.63,23105.43 22174.78,21261.82
edge:declared:db.ModusignEmbeddedDraft:modusign_document	21904.92,23105.43 22898.43,20872.06
edge:declared:db.ModusignIaUserConnection:investment_association	28824.77,14913.60 28461.38,15740.97
edge:declared:db.NaverWorkplaceEmployee:naver_workplace_company	25479.79,13828.97 25630.04,13932.76
edge:declared:db.NcpSignupChannel:naver_workplace_company	25432.78,13944.33 25565.61,13957.80
edge:declared:db.NewIssueNoticeEmail:new_issue	12713.13,23256.08 16595.30,22713.67
edge:declared:db.NewIssueNoticeEmailRecipient:email	12989.27,22805.02 12561.32,23174.08
edge:declared:db.NewIssueNoticeEmailRecipient:shareholder	12989.27,22805.02 12448.12,23337.47
edge:declared:db.NonUnifiedShareCreateRequest:stock_unissued_confirmation_file	28902.46,29766.67 29085.86,31031.78
edge:declared:db.NonUnifiedShareEtcFile:create_request	28670.89,28808.72 28884.85,29676.67
edge:declared:db.NonUnifiedShareEtcFile:management_history	28631.78,28734.72 28188.41,28714.22
edge:declared:db.NonUnifiedShareManagementHistory:create_request	28170.51,28714.22 28874.67,29676.67
edge:declared:db.NonUnifiedShareManagementHistory:renew_request	28071.30,28608.22 27906.85,28553.20
edge:declared:db.NonUnifiedShareManagementHistory:stock_unissued_confirmation_file	28162.51,28714.22 29077.91,31031.78
edge:declared:db.NonUnifiedShareSucPoaDocument:modusign_document	23851.41,22552.74 23433.92,22248.30
edge:declared:db.NonUnifiedShareSucPoaDocument:request	24078.02,22634.74 27891.35,28463.20
edge:declared:db.NonUnifiedShareSucPoaDocument:user_address	23869.05,22552.74 23300.92,18764.69
edge:declared:db.NonUnifiedShareSucRenewRequest:renew_stock_unissued_confirmation_file	27862.88,28553.20 29073.38,31031.78
edge:declared:db.NotarizationPoA:meeting	16381.62,23787.32 16447.00,23297.44
edge:declared:db.NotarizationPoaDirectorSigner:director	16352.60,23515.41 16077.48,23430.55
edge:declared:db.NotarizationPoaDirectorSigner:notarization_poa	16395.58,23589.41 16313.54,23787.32
edge:declared:db.NotarizationPoaShareholderSigner:notarization_poa	16702.80,23791.22 16491.51,23869.32
edge:declared:db.NotarizationPoaShareholderSigner:shareholder	16956.74,23791.22 17332.31,23946.78
edge:declared:db.OptionExerciseClaim:financial_account	12917.68,17289.16 12805.18,16571.20
edge:declared:db.OptionExerciseClaimAttachment:attachment_setting_item	13715.77,17123.05 14051.24,16967.32
edge:declared:db.OptionExerciseClaimAttachment:option_exercise_claim	13434.77,17174.49 13016.79,17289.16
edge:declared:db.OptionExerciseClaimCandidate:option_exercise_claim	13168.84,17159.71 12991.59,17289.16
edge:declared:db.OptionExerciseClaimCandidate:option_exercise_management	13378.39,17090.26 14548.75,15401.90
edge:declared:db.OptionExerciseClaimCandidate:option_grantee	13373.81,17159.71 14851.06,18882.81
edge:declared:db.OptionExerciseClaimDocumentSetting:management	14460.07,15926.85 14550.51,15401.90
edge:declared:db.OptionExerciseClaimEventRelation:_deprecated_payment	13000.32,17744.56 13096.76,17692.66
edge:declared:db.OptionExerciseClaimEventRelation:claim	12951.02,17744.56 12880.62,17419.16
edge:declared:db.OptionExerciseClaimEventRelation:event	12946.56,17826.56 12813.86,17915.08
edge:declared:db.OptionExerciseClaimMeetingDocument:exercise_claim	14371.17,21758.75 13881.55,21562.81
edge:declared:db.OptionExerciseClaimMeetingDocument:grantee	14438.15,21758.75 14748.52,21668.69
edge:declared:db.OptionExerciseClaimOption:option_exercise_claim	13118.20,17322.25 13016.79,17354.00
edge:declared:db.OptionExerciseClaimOptionTaxation:_deprecated_claim	13298.35,17454.98 13016.79,17396.19
edge:declared:db.OptionExerciseClaimOptionTaxation:claim_option	13387.14,17454.98 13263.86,17359.10
edge:declared:db.OptionExerciseClaimPayment:option_exercise_claim	13131.51,17618.66 12910.08,17419.16
edge:declared:db.OptionExerciseManagement:excluded_institution_set	14430.67,15401.90 13137.27,15854.98
edge:declared:db.OptionExerciseManagementAttachmentSetting:management	13942.14,16528.17 14549.30,15401.90
edge:declared:db.OptionExerciseManagementAttachmentSettingItem:setting	14051.24,16893.32 14172.92,16602.17
edge:declared:db.OptionExerciseManagementEmail:option_exercise_management	14806.35,15752.94 14589.78,15401.90
edge:declared:db.OptionExerciseManagementReminderSetting:management	15175.53,15273.81 14690.67,15297.03
edge:declared:db.OptionExerciseManagementTaxation:management	14321.61,15144.17 14430.67,15312.91
edge:declared:db.OptionGrantContract:_deprecated_template	20556.22,18772.65 19465.46,15464.31
edge:declared:db.OptionGrantContract:_grantee	20411.32,18886.65 15916.37,18982.41
edge:declared:db.OptionGrantContract:template_revision	20557.16,18772.65 20213.70,16044.32
edge:declared:db.OptionGrantContractModusignDocument:option_grant_contract	21633.37,19702.39 20671.32,18886.65
edge:declared:db.OptionGrantContractModusignEmbeddedDraft:option_grant_contract	20929.42,20986.43 20666.09,18886.65
edge:declared:db.OptionGrantContractTemplate:_deprecated_stakeholder	19507.72,15358.31 19601.85,15312.72
edge:declared:db.OptionGrantContractTemplateDraft:stakeholder_set	18469.32,15512.14 19490.42,15299.30
edge:declared:db.OptionGrantContractTemplateRevision:stakeholder_set	20117.62,15954.32 19779.42,15312.72
edge:declared:db.OptionGrantContractTemplateRevision:template	20106.54,15954.32 19547.47,15464.31
edge:declared:db.OptionGrantEvent:_deprecated_grantee	15717.03,18416.62 15049.41,18882.81
edge:declared:db.OptionGrantEvent:share_class	15793.47,18318.62 15900.99,18169.01
edge:declared:db.OptionManagement:agenda_option_grant	16352.08,19661.69 16778.06,20137.71
edge:declared:db.OptionManagementStakeholderSeat:option_management	14656.99,18794.96 16116.08,19605.72
edge:declared:db.OptionManagementStakeholderSeat:stakeholder_seat	14396.17,18794.96 10295.37,19346.08
edge:declared:db.OptionResumeEvent:pause_event	31582.90,1061.93 31461.80,1199.50
edge:declared:db.OptionTag:category	15165.37,13006.78 15210.48,12935.60
edge:declared:db.OptionValueChange:investment_round	16326.79,8124.57 16518.71,8189.83
edge:declared:db.OptionVesting:_deprecated_grant_event	15594.03,18139.61 15703.45,18318.62
edge:declared:db.Order:seal_card	5060.83,5789.92 3477.99,5890.84
edge:declared:db.OrderPromotionRelation:order	6200.68,7354.65 5216.48,5831.01
edge:declared:db.OrderPromotionRelation:promotion	6247.69,7354.65 6700.57,6629.47
edge:declared:db.OrderStaffInChargeRelation:order	5013.24,3945.21 5180.25,5733.01
edge:declared:db.OrderStaffInChargeRelation:staff_in_charge	4882.78,3918.49 4141.96,3978.48
edge:declared:db.OrderStatusHistory:order	4194.29,7806.00 5160.85,5831.01
edge:declared:db.OtherDocumentArchiveAttachment:other_document_archive	19966.32,16418.10 19823.15,16040.95
edge:declared:db.OwnerRolePermissionRelation:owner_permission	10713.92,8753.62 10622.49,8554.45
edge:declared:db.OwnerRolePermissionRelation:owner_role	10847.60,8827.62 11027.98,8959.42
edge:declared:db.Payment:app_card	20644.38,12102.76 20883.13,12182.12
edge:declared:db.Payment:charge	20413.14,12114.48 20320.62,12195.71
edge:declared:db.Payment:credit_card	20644.38,12088.11 22940.14,11885.08
edge:declared:db.PaymentLink:payment_store	24979.31,12243.54 23347.41,12938.74
edge:declared:db.PaymentLink:question_threads	24920.88,12158.69 20619.17,11086.62
edge:declared:db.PaymentRefund:payment	21027.64,11934.72 20644.38,12016.16
edge:declared:db.PaymentRefund:payment_status_history	21107.90,11860.72 21043.06,11794.32
edge:declared:db.PaymentStatusHistory:payment	20957.56,11794.32 20590.43,12000.48
edge:declared:db.Payroll:setting	7932.72,2185.47 7461.28,10129.33
edge:declared:db.PayrollAnnualSalaryInfo:employee	10219.74,13512.51 10544.21,13849.90
edge:declared:db.PayrollDocumentSealStampSetting:_deprecated_ceo	16578.73,14790.52 17146.89,15581.47
edge:declared:db.PayrollDocumentSealStampSetting:seal_stamp	16704.51,14738.28 16799.51,14721.74
edge:declared:db.PayrollEmployeeMonthlyWage:hrm_emp	7130.14,18168.84 7369.62,17829.76
edge:declared:db.PayrollLedgerAttachment:payroll_ldeger	12453.38,13602.68 12924.82,13974.83
edge:declared:db.PayrollLedgerFile:payroll_ledger	12854.13,13324.44 12967.35,13974.83
edge:declared:db.PayrollLedgerFileModificationRequest:payroll_ledger_file	13470.82,13028.57 12902.71,13250.44
edge:declared:db.PayrollLedgerItemSettingRelation:ledger_item	7941.98,10402.88 7547.47,10356.70
edge:declared:db.PayrollLedgerItemSettingRelation:setting	7983.19,10376.09 7564.76,10211.33
edge:declared:db.PayrollManagementRelation:payroll	9867.09,4429.36 7984.38,2185.47
edge:declared:db.PayrollSetting:ledger_item_set	7453.23,10211.33 7436.15,10305.88
edge:declared:db.PayrollSettlement:company_question_thread_set	12816.85,7262.81 18885.00,12929.39
edge:declared:db.PayrollSettlement:payroll	12711.28,7180.92 7986.64,2185.47
edge:declared:db.PayrollSettlementAutoCreation:payroll	8826.12,4110.63 7964.79,2185.47
edge:declared:db.PayrollSettlementAutoCreation:payroll_question_help_template	8868.20,4184.63 10092.05,6750.45
edge:declared:db.PayrollSettlementProgressLog:payroll_settlement	12120.98,7664.95 12568.85,7234.98
edge:declared:db.PayrollStaffUserRelation:payroll	7695.34,2325.99 7866.60,2185.47
edge:declared:db.PayrollStatement:_deprecated_employee	10846.07,14939.30 10665.14,14051.90
edge:declared:db.PayrollStatement:payroll_ledger	10989.56,15061.30 12852.79,14080.83
edge:declared:db.PayrollStatementAttendance:payroll_statement	10783.75,15260.72 10850.76,15061.30
edge:declared:db.PayrollStatementDocument:payroll_statement	11664.29,14885.97 10989.56,15061.30
edge:declared:db.PayrollStatementEmail:payroll_ledger	12312.76,17036.67 13100.79,14080.83
edge:declared:db.PayrollStatementEmailRecipient:email	11783.48,17224.15 12177.37,17051.51
edge:declared:db.PayrollStatementEmailRecipient:payroll_statement	11628.61,17224.15 10880.16,15061.30
edge:declared:db.PayrollStatementPayrollInformation:payroll_statement	11310.84,15066.96 10989.56,15061.30
edge:declared:db.PayrollStatementScheduledEmail:payroll_statement_email	11898.02,16646.85 12104.99,16961.51
edge:declared:db.PayrollStatementScheduledEmailPeriodicTaskRelation:payroll_statement_scheduled_email	11735.99,16725.78 11823.89,16646.85
edge:declared:db.PeriodicOptionVestingItem:periodic_option_vesting	15121.21,18084.37 15129.04,18167.23
edge:declared:db.PhantomStock:grantee	10884.85,16839.32 11232.06,18168.70
edge:declared:db.PhantomStockGrantContract:phantom_stock	10641.23,16381.67 10813.94,16741.32
edge:declared:db.PhantomStockResumeEvent:pause_event	16040.30,15559.00 16037.56,15401.78
edge:declared:db.PhoneVerification:phone	8325.90,12693.04 6600.25,10948.29
edge:declared:db.PingpongDelivery:dropoff_address	20216.17,10866.13 22674.54,12830.17
edge:declared:db.PitchingDayHallAccessLog:pitching_day_hall	32410.84,6584.78 32284.16,6351.84
edge:declared:db.PitchingDayHallAssignedIrs:pitching_day_hall	30599.08,5496.51 32167.47,6261.84
edge:declared:db.PortfolioCompanyFund:fund	30051.28,12578.17 31397.68,12425.75
edge:declared:db.PortfolioCompanyFund:portfolio_company	29815.28,12628.16 28382.46,13099.11
edge:declared:db.PortfolioCompanyManager:portfolio_company	28251.43,14800.03 28245.23,13204.46
edge:declared:db.PortfolioCompanyUserRelation:portfolio_company	28368.05,13297.74 28327.43,13204.46
edge:declared:db.PrivacyPolicyLog:privacy_policy	3949.99,32014.16 3962.36,31885.84
edge:declared:db.PromotionAddress:promotion	6647.96,4495.08 6722.34,6555.47
edge:declared:db.PromotionCodeUsageHistory:promotion_code	24953.01,11017.95 24830.00,10752.45
edge:declared:db.PromotionCodeUsageHistory:service_fee_item	24933.19,11091.95 24592.89,11432.60
edge:declared:db.Purchase:basket	22147.70,12365.34 22481.66,12187.98
edge:declared:db.Purchase:service_fee	22176.25,12410.11 22949.89,12069.05
edge:declared:db.PurchaseItem:payment_store	23219.30,12846.18 23261.38,12938.74
edge:declared:db.PurchaseStatusHistory:purchase	21823.38,12551.09 21880.25,12497.45
edge:declared:db.Purpose:articles_of_incorporation	17646.36,13809.65 17578.45,14273.59
edge:declared:db.Purpose:industrial_code	17648.91,13735.65 17639.95,13619.95
edge:declared:db.QrReplyPasswordReset:request	23922.99,15546.28 24838.63,15669.15
edge:declared:db.QrReplyPasswordResetRequest:reply	24821.36,15743.15 25061.78,15805.43
edge:declared:db.QuarterlyReportRequest:quarterly_report	26968.69,16015.12 27286.59,15700.94
edge:declared:db.QuarterlyReportRequestAttachment:quarterly_report_request	24942.15,17042.03 26746.68,16105.12
edge:declared:db.QuarterlyReportRequestReportItem:quarterly_report_item	26163.12,15988.93 26011.95,15964.50
edge:declared:db.QuarterlyReportRequestReportItem:quarterly_report_request	26462.12,16014.60 26727.24,16058.40
edge:declared:db.QuarterlyReportSettings:quarterly_report	27242.03,15138.49 27258.67,15586.94
edge:declared:db.QuarterlyReportSignupChannel:portfolio_company	27267.14,13697.94 28123.71,13204.46
edge:declared:db.QuarterlyReportSignupChannel:quarterly_report	27322.93,13779.94 27324.77,15586.94
edge:declared:db.QuestionMessageScheduled:question_thread_message	23479.26,8973.77 23120.12,9700.57
edge:declared:db.QuestionThreadAssignment:question_thread	20362.26,11697.71 20458.27,11113.84
edge:declared:db.QuestionThreadMessage:question_thread	22868.82,9846.57 20557.89,10975.84
edge:declared:db.QuestionThreadMessagePeriodicTaskRelation:question_message_scheduled	23396.74,8786.45 23503.00,8899.77
edge:declared:db.QuestionThreadTag:question_thread_set	20674.97,11358.38 20504.34,11113.84
edge:declared:db.RegistrationAgenda:agenda_director_change	13555.55,22307.83 14599.20,22438.80
edge:declared:db.RegistrationAgenda:registration	13386.18,22217.83 13899.64,20469.66
edge:declared:db.RegistrationAssistanceReceipt:registration_assistance	21228.29,16237.63 21394.81,15951.66
edge:declared:db.RegistrationDirector:registration	14779.15,20645.84 13902.39,20469.66
edge:declared:db.RegistrationFormCaptable:agenda	19350.87,24862.07 17778.25,21756.78
edge:declared:db.RegistrationFormCaptableDocument:captable	18718.02,25196.03 19350.87,24944.07
edge:declared:db.RegistrationFormCaptableNotarizationRequestor:registration_form_captable	18213.81,23849.23 19200.81,24862.07
edge:declared:db.RegistrationFormCaptableNotarizationRequestor:shareholder	18126.55,23849.23 17638.68,23941.76
edge:declared:db.RegistrationHelp:company_question_thread	18790.90,13111.54 18870.48,13054.43
edge:declared:db.RsuRsa:grantee	15617.72,14160.12 13610.90,16427.97
edge:declared:db.RsuRsa:source_meeting	15743.61,14149.00 16035.74,14191.68
edge:declared:db.RsuExerciseClaim:financial_account	14341.26,14618.84 12864.10,16473.20
edge:declared:db.RsuExerciseClaimAttachment:attachment_setting_item	14082.49,14687.37 14026.21,14751.84
edge:declared:db.RsuExerciseClaimAttachment:rsu_exercise_claim	14266.83,14618.51 14323.98,14597.83
edge:declared:db.RsuExerciseClaimCandidate:rsu_exercise_claim	13544.78,15708.84 14342.27,14618.84
edge:declared:db.RsuExerciseClaimCandidate:rsu_exercise_management	13410.24,15702.36 13302.41,15360.92
edge:declared:db.RsuExerciseClaimCandidate:rsu_grantee	13451.02,15800.36 13459.92,16353.73
edge:declared:db.RsuExerciseClaimCandidateEmailRecipient:candidate	13664.57,15917.84 13490.61,15800.36
edge:declared:db.RsuExerciseClaimEventRelation:claim	15433.05,14924.69 14571.98,14614.84
edge:declared:db.RsuExerciseClaimEventRelation:event	15317.19,14998.69 15740.92,15489.85
edge:declared:db.RsuExerciseClaimRsu:rsu	15067.12,14462.89 15471.61,14153.65
edge:declared:db.RsuExerciseClaimRsu:rsu_exercise_claim	15109.48,14536.89 14571.98,14614.58
edge:declared:db.RsuExerciseManagement:excluded_institution_set	13273.22,15360.92 13032.23,15854.98
edge:declared:db.RsuExerciseManagementAttachmentSetting:management	13527.05,15057.53 13369.73,15262.92
edge:declared:db.RsuExerciseManagementAttachmentSettingItem:setting	13953.79,14825.84 13595.92,14983.53
edge:declared:db.RsuExerciseManagementEmail:rsu_exercise_management	14647.07,16363.58 13417.87,15360.92
edge:declared:db.RsuExtraAttachment:rsu	15914.31,13740.99 15708.09,14014.12
edge:declared:db.RsuGrantContract:rsu	16206.86,13828.02 15743.61,14053.24
edge:declared:db.RsuGrantContract:template	16325.19,13752.13 16214.69,13288.64
edge:declared:db.RsuGrantContractModusignDocument:rsu_grant_contract	20879.91,18650.13 16454.86,13841.91
edge:declared:db.RsuGrantContractTemplate:stakeholder_set	16200.13,13206.64 16171.66,12731.00
edge:declared:db.RsuMeetingAttachment:meeting	16046.57,14384.71 16099.56,14281.68
edge:declared:db.RsuResumeEvent:pause_event	15943.06,16851.11 15802.27,16802.16
edge:declared:db.RsuTag:category	15909.23,13065.23 15841.78,12998.02
edge:declared:db.RsuTag:rsu_set	15936.68,13147.23 15632.00,14014.12
edge:declared:db.RsuVestingItem:performance_condition	14992.59,13682.60 15649.58,12842.60
edge:declared:db.RtccEmail:right_to_consent_or_consult	15118.83,16210.41 15035.94,16005.61
edge:declared:db.RtccEmailAuthentication:rtcc_investor	15717.14,17066.65 15642.60,17393.14
edge:declared:db.RtccInvestor:right_to_consent_or_consult	15639.42,17393.14 15183.25,16005.61
edge:declared:db.RtccInvestorFile:investor	19404.71,18086.00 15743.21,17481.53
edge:declared:db.Safe:holder	11700.89,17429.68 12173.05,18081.28
edge:declared:db.SdContactRequest:secondary_deal	34298.36,6148.17 35117.67,3309.80
edge:declared:db.SealCardReturnRequest:seal_card	2776.83,5993.49 3229.99,5919.11
edge:declared:db.SealCardReturnStatusHistory:seal_card_return_request	3667.63,7570.35 2679.56,6054.85
edge:declared:db.SealCertificateDelivery:seal_card_pickup_delivery	19574.78,10757.54 20032.79,10805.38
edge:declared:db.SealCertificateIssueRequest:delivery	19580.88,10863.71 19504.84,10794.79
edge:declared:db.SealStamp:director	16929.96,14765.54 17183.80,15581.47
edge:declared:db.SealStampImage:seal_stamp	19281.63,16428.73 17047.51,14755.27
edge:declared:db.SealStampUsageHistory:employee	12387.07,14232.37 10784.81,13978.85
edge:declared:db.SealStampUsageHistory:payroll_statement_document	12593.72,14309.78 11724.59,14816.57
edge:declared:db.SealStampUsageHistory:seal_stamp	12635.07,14309.78 16799.51,14660.04
edge:declared:db.SealStampUsageHistory:wht_book	12387.07,14262.84 11466.49,14283.95
edge:declared:db.SealStampUsageHistory:wht_certificate	12598.93,14203.78 12424.79,14060.65
edge:declared:db.SealStampUsageHistory:wht_receipt	12460.15,14203.78 12056.89,14126.02
edge:declared:db.SelfRegistration:meeting	18067.72,17006.34 18010.62,16979.44
edge:declared:db.ServiceFee:basket	22926.63,12029.22 22641.75,12149.87
edge:declared:db.ServiceFeeItem:product	24509.63,11432.60 23676.76,10625.36
edge:declared:db.ShareholderInstitutionMember:institution	12018.41,22319.38 12359.20,23337.47
edge:declared:db.ShareholderInstitutionMember:manager	11990.67,22237.38 11888.53,21921.92
edge:declared:db.ShareholderInstitutionMemberCeo:member	11964.48,23065.95 12001.90,22319.38
edge:declared:db.ShareholdersAgreementStakeholder:stakeholder	10977.45,18826.06 11657.61,19068.88
edge:declared:db.ShareholdersMeeting:chairperson	16340.75,23297.44 16077.48,23430.55
edge:declared:db.ShareholdersMeetingAgenda:agenda_authorized_shares_change	17539.36,21730.51 17150.97,21999.31
edge:declared:db.ShareholdersMeetingAgenda:agenda_branch_change	17859.36,21514.52 18220.08,20308.43
edge:declared:db.ShareholdersMeetingAgenda:agenda_change_of_articles_of_incorporation	17859.36,21591.35 18862.30,20846.49
edge:declared:db.ShareholdersMeetingAgenda:agenda_director_change	17539.36,21699.38 14779.39,22544.80
edge:declared:db.ShareholdersMeetingAgenda:agenda_director_compensation_decision	17539.36,21688.39 16211.83,21970.16
edge:declared:db.ShareholdersMeetingAgenda:agenda_head_office_relocation	17859.36,21682.03 18403.34,21890.00
edge:declared:db.ShareholdersMeetingAgenda:agenda_new_issue	17602.57,21756.78 16857.98,22685.95
edge:declared:db.ShareholdersMeetingAgenda:agenda_option_cancel	17539.36,21637.72 15887.88,21128.94
edge:declared:db.ShareholdersMeetingAgenda:agenda_option_grant	17657.20,21482.78 16668.64,20227.71
edge:declared:db.ShareholdersMeetingAgenda:meeting	17673.03,21756.78 16600.75,23159.44
edge:declared:db.ShareholdersMeetingConvocationNoticeEmail:shareholders_meeting	18394.74,20846.00 16548.99,23159.44
edge:declared:db.ShareholdersMeetingConvocationNoticeEmailAttachment:convocation_notice_email	19550.70,19511.37 18484.75,20828.49
edge:declared:db.ShareholdersMeetingConvocationNoticeEmailNewIssueAttachment:email	19514.30,24241.49 18484.75,20846.00
edge:declared:db.ShareholdersMeetingConvocationNoticeEmailNewIssueAttachment:new_issue	19514.30,24241.49 16867.30,22855.95
edge:declared:db.ShareholdersMeetingConvocationNoticeRecipient:convocation_notice_email	19262.66,22682.17 18484.75,20846.00
edge:declared:db.ShareholdersMeetingConvocationNoticeRecipient:shareholder	19300.22,22772.17 17578.25,23941.76
edge:declared:db.ShareholdersMeetingShareholderAttendance:meeting	17426.56,23941.76 16564.00,23297.44
edge:declared:db.ShareholdersMeetingShareholderAttendance:original_shareholder	17332.31,24064.57 12512.13,23467.47
edge:declared:db.StakeholderAccount:account	12533.59,16788.97 12727.08,16571.20
edge:declared:db.StakeholderCustodian:stakeholder	11311.07,19305.81 11657.61,19183.86
edge:declared:db.StarredQuestionThread:question_thread	20063.74,11155.99 20359.17,11053.76
edge:declared:db.Stock:share_class	15278.17,17521.40 15796.11,18077.87
edge:declared:db.Stock:shareholder	15030.81,17524.26 12413.72,23337.47
edge:declared:db.StockDocumentAnalysis:document_ai_process_request	26640.98,29156.13 27291.24,28830.61
edge:declared:db.StockDocumentAnalysis:stock_reregistration_event	26593.42,29230.13 26723.65,29412.98
edge:declared:db.StockTransferAgreement:seller	17512.85,18399.59 12470.16,23337.47
edge:declared:db.StockTransferAgreement:stock_transfer_event	17535.56,18288.34 17179.84,18077.17
edge:declared:db.StockTransferAgreementClauses:stock_transfer_agreement	17805.49,18201.57 17784.85,18324.90
edge:declared:db.StockTransferAgreementItem:agreement	17001.17,18211.58 17512.85,18339.54
edge:declared:db.StockTransferAgreementItem:share_class	16754.17,18161.64 16044.11,18142.63
edge:declared:db.StockTransferAgreementManagement:related_tax_advices	16852.65,12580.07 20359.17,11113.84
edge:declared:db.StockTransferAgreementManagement:stock_transfer_agreement	16852.65,12580.07 17559.59,18288.34
edge:declared:db.StockTransferAgreementManagementStakeholderSeat:stakeholder_seat	8729.57,7032.68 10219.86,19264.08
edge:declared:db.StockTransferAgreementManagementStakeholderSeat:stock_transfer_agreement_management	8729.57,7032.68 16549.65,12490.07
edge:declared:db.StockTransferAgreementModusignDocument:stock_transfer_agreement	20062.19,20009.50 17784.85,18442.34
edge:declared:db.StockTransferAgreementModusignEmbeddedDraft:stock_transfer_agreement	21302.78,21576.90 17784.85,18442.34
edge:declared:db.StockTransferAgreementPurchaserInstitution:agreement	18192.01,18520.12 17784.85,18407.95
edge:declared:db.StockTransferAgreementSellerInstitution:agreement	18012.32,18363.52 17784.85,18380.05
edge:declared:db.StockTransferPrice:share_class	16856.94,17883.54 16044.11,18102.95
edge:declared:db.StockTransferPrice:stock_transfer_event	16985.49,17908.11 17114.85,18003.17
edge:declared:db.StripeCard:customer	4558.13,4551.79 4612.01,5016.26
edge:declared:db.StripePayment:card	3648.93,5355.97 4514.04,4551.79
edge:declared:db.StripePayment:order	3728.82,5427.19 5060.83,5751.79
edge:declared:db.StripePayment:seal_card_return_request	3541.55,5437.97 2716.10,5972.85
edge:declared:db.Subscription:subscription_plan	20899.19,9348.69 20432.47,10293.03
edge:declared:db.SubscriptionBonus:subscription	22390.72,9432.96 21089.49,9286.34
edge:declared:db.SubscriptionModusignDocumentUsageHistory:subscription	27573.82,11564.99 21089.49,9348.69
edge:declared:db.SubscriptionPaymentRequest:subscription	21209.18,9939.88 20967.36,9348.69
edge:declared:db.SubscriptionPeriod:subscription	22127.58,8910.86 21089.49,9216.45
edge:declared:db.SubscriptionPerk:subscription	21636.11,8987.50 21089.49,9188.94
edge:declared:db.SubscriptionPlan:permissions	20264.26,10340.11 20012.45,10320.90
edge:declared:db.SubscriptionPlanOffering:subscription_plan	20768.49,10302.98 20524.26,10333.69
edge:declared:db.SubscriptionPlanPerk:subscription_plan	20774.82,10184.76 20524.26,10293.57
edge:declared:db.SubscriptionReservation:subscription_plan	19345.42,10433.95 20264.26,10360.43
edge:declared:db.SubscriptionSuspensionHistory:subscription	20873.26,9125.31 20978.78,9186.69
edge:declared:db.TaxBookkeepingServiceRequest:incorporation_request	20496.58,12691.50 21295.28,15034.72
edge:declared:db.TaxPartnerTbkContractItem:tax_partner_tbk_contract	23090.80,13424.53 23046.59,13358.14
edge:declared:db.TbkConsulting:tax_bookkeeping_service_request	20953.93,12927.33 20640.69,12664.75
edge:declared:db.TbkConsulting:tbk_question_thread	20953.93,12974.77 19154.48,12969.39
edge:declared:db.TbkConsultingMemo:tbk_consulting	21533.07,12750.08 21150.03,12891.22
edge:declared:db.TbkConsultingRefusal:incorporation_request	20990.58,14539.05 21286.78,15034.72
edge:declared:db.TbkConsultingStatusLog:tbk_consulting	20926.59,12552.17 21055.13,12891.22
edge:declared:db.TbkContract:tbk_consulting	22209.65,13911.98 21201.93,12988.29
edge:declared:db.TbkContractBenefit:tbk_contract	22314.64,14050.24 22231.64,13993.98
edge:declared:db.TbkContractSettlement:tbk_contract	22533.04,13897.47 22215.52,13911.98
edge:declared:db.ThirdPartyArticleProviderUserRelation:article_provider	20191.34,19851.23 20206.67,19803.18
edge:declared:db.UserApiKeyCompanyAccess:api_key	17619.80,5659.59 17784.64,4683.76
edge:declared:db.UserApiKeyCompanyRelation:company_access	18145.26,5039.84 17633.54,5659.59
edge:declared:db.UserApiKeyRevocation:api_key	17671.30,4804.18 17680.75,4635.39
edge:declared:db.UserInvitationOwnerRoleRelation:owner_role	11405.66,9317.05 11067.10,9057.42
edge:declared:db.UserInvitationOwnerRoleRelation:user_invitation	11377.12,9391.05 11010.33,10548.30
edge:declared:db.UserProfileImageMapping:profile_image	21348.08,18485.80 21180.71,18418.79
edge:declared:db.UserSealCardRelation:seal_card	3112.75,6082.94 3300.29,5939.75
edge:declared:db.ValuationServiceRequest:company_question_thread	18681.88,12329.67 19007.12,12929.39
edge:declared:db.VcIrRecommendationRequestResult:request	31219.76,6470.08 32551.33,7491.68
edge:declared:db.VcLpReportRequest:alimtalk_activity	34389.70,11917.93 33069.26,12775.95
edge:declared:db.VcLpReportRequest:vc_lp_report	34384.78,11835.93 33910.47,11550.04
edge:declared:db.VcLpReportRequestRecipient:alimtalk_activity_recipient	32694.18,12598.42 32230.53,13092.34
edge:declared:db.VcLpReportRequestRecipient:fund_partner	32757.88,12516.42 32863.24,12345.06
edge:declared:db.VcLpReportRequestRecipient:vc_lp_report_request	32836.31,12516.42 34349.16,11917.93
edge:declared:db.VcNameAlias:venture_capital	35073.94,10380.63 34430.21,10717.35
edge:declared:db.VentureCapitalEmailTemplates:venture_capital	34648.39,10951.62 34430.21,10876.74
edge:declared:db.VentureCapitalQuarterlyReport:content_template	27378.99,15586.94 27742.98,13983.12
edge:declared:db.VentureCapitalQuarterlyReportItem:quarterly_report	26010.34,15897.81 27230.59,15682.10
edge:declared:db.VentureCapitalQuarterlyReportItemReply:item	24522.73,17027.34 25764.08,15979.81
edge:declared:db.VentureCapitalQuarterlyReportItemReply:reply	24408.34,17027.34 25078.89,15935.43
edge:declared:db.VentureCapitalQuarterlyReportReply:company_create_request	24869.43,15805.43 22631.79,16096.94
edge:declared:db.VentureCapitalQuarterlyReportReply:portfolio_company	25207.43,15805.43 28124.26,13204.46
edge:declared:db.VentureCapitalQuarterlyReportReply:quarterly_report	25207.43,15837.75 27230.59,15672.27
edge:declared:db.VentureCapitalSubscription:venture_capital	34894.06,9126.85 34324.95,10608.59
edge:declared:db.VentureCapitalSubscriptionPlanPermission:subscription_plan	36171.38,9351.12 35243.48,9400.20
edge:declared:db.VentureCapitalSubscriptionPlanPrice:subscription_plan	35019.02,10163.13 35094.64,9448.84
edge:declared:db.VentureCapitalUserRelation:roles	30554.78,8435.07 29218.79,6970.25
edge:declared:db.VentureComplex:address	24216.47,18157.39 23380.20,18551.83
edge:declared:db.VideoCollection:video_contents	18827.79,7222.64 19364.32,6488.41
edge:declared:db.VideoContentHistory:video_collection	19063.46,7675.26 18824.56,7312.64
edge:declared:db.VideoContentHistory:video_content	19100.29,7675.26 19384.46,6488.41
edge:declared:db.VideoContentSpeecher:video_content	19102.47,6380.18 19270.28,6418.84
edge:declared:db.WhitepaperPreviewFile:whitepaper	4103.46,3384.49 4072.18,3539.93
edge:declared:db.WhitepaperWatermarkFile:whitepaper	5102.60,2931.09 4129.46,3539.93
edge:declared:db.WhtBook:employee	11258.85,14249.01 10784.81,14020.51
edge:declared:db.WhtBook:wht_book_without_date	11296.05,14331.01 11139.82,14468.92
edge:declared:db.WhtBookWithoutDate:employee	11067.87,14468.92 10724.82,14051.90
edge:declared:db.WhtCertificate:employee	12368.12,14016.94 10784.81,13958.97
edge:declared:db.WhtReceipt:employee	11903.34,14076.93 10784.81,13965.44
edge:declared:db.YearEndTaxSettlement:payroll	9893.42,18387.35 7964.07,2185.47
edge:declared:db.YearEndTaxSettlementConfirmationSchedule:year_end_tax_settlement	9264.10,17516.92 9753.36,18387.35
edge:declared:db.YetsAssistance:employee	14860.51,32899.64 8124.19,32120.93
edge:declared:db.YetsAssistanceCreatorYetsEmployee:yets_employee	9742.77,32263.32 8124.19,32078.56
edge:declared:db.YetsAssistanceMessage:assistance	15781.38,32664.58 15108.51,32899.00
edge:declared:db.YetsAssistanceMessage:creator	15781.38,32643.69 13671.11,32198.81
edge:declared:db.YetsAssistanceMessageFile:message	22292.31,33793.31 16029.38,32703.80
edge:declared:db.YetsAssistanceStaffAccessLog:assistance	14378.25,32950.65 14860.51,32932.47
edge:declared:db.YetsAssistanceStaffFavoriteRelation:assistance	14752.77,32783.69 15100.94,32859.78
edge:declared:db.YetsEmail:year_end_tax_settlement	9982.16,20621.63 9893.42,18387.35
edge:declared:db.YetsEmailAuthentication:yets_employee	8087.54,33184.67 7920.82,32179.86
edge:declared:db.YetsEmployee:employee	8015.69,32049.86 10635.45,14051.90
edge:declared:db.YetsEmployee:year_end_tax_settlement	7984.56,32049.86 9764.66,18477.35
edge:declared:db.YetsEmployeeFile:employee	22468.91,34272.52 8124.19,32150.60
edge:declared:db.YetsEmployeeResult:yets_employee	9591.31,30910.72 8016.86,32049.86
edge:declared:db.YetsEmployeeResultAssistanceMessageRelation:assistance_message	14045.72,31710.01 15781.38,32625.10
edge:declared:db.YetsEmployeeResultAssistanceMessageRelation:result	13820.78,31636.01 9726.43,30910.72
edge:declared:db.YetsEmployeeResultStatusLog:result	9921.96,31270.87 9621.90,30910.72
edge:declared:db.YetsEmployeeResultWhtReceipt:result	22107.51,32879.91 9742.42,30910.72
edge:declared:db.YetsEmployeeSubmissionLog:yets_employee	8446.54,32765.71 7994.55,32179.86
edge:declared:db.YetsEmployeeUploadForm:yets_employee	10433.44,33008.53 8124.19,32154.20
edge:declared:db.YetsEmployeeUploadFormStatusLog:yets_employee_upload_form	10142.45,33880.25 10533.43,33077.22
edge:declared:db.ZuzuTaxPhoneToken:phone	6898.00,10717.33 6627.44,10874.29
edge:declared:document_ai.DocumentAiProcessResult:request	26771.96,31761.21 27357.75,28830.61
edge:declared:fi_sta.FiStaCompanyCeo:fi_sta_company	32510.81,32446.51 31708.36,35324.31
edge:declared:fi_sta.FiStaCompanySearchResult:fi_sta_company	31756.12,33852.07 31698.53,35324.31
edge:declared:fi_sta.FiStaContractDocument:participant	29804.47,35977.43 30285.64,36449.03
edge:declared:fi_sta.FiStaContractDocument:stock_transfer_agreement_document	29634.56,35963.92 27635.28,36471.65
edge:declared:fi_sta.FiStaContractDocument:stock_transfer_notice_poa_document	29772.05,35977.43 29860.41,36272.09
edge:declared:fi_sta.FiStaContractDocument:stock_unissued_confirmation_poa_document	29757.55,35887.43 29679.18,32381.46
edge:declared:fi_sta.FiStaManagement:fi_sta_company	33625.96,38146.67 31725.37,35406.31
edge:declared:fi_sta.FiStaParticipant:fi_sta_user	30441.42,36547.03 32250.03,37384.77
edge:declared:fi_sta.FiStaStockTransferAgreementDocument:starter	27643.84,36511.78 30211.63,36498.66
edge:declared:fi_sta.FiStaStockTransferNoticePoaDocument:signer	29962.39,36346.09 30215.26,36449.03
edge:declared:fi_sta.FiStaStockUnissuedConfirmationPoaDocument:signer	29684.21,32381.46 30327.88,36449.03
edge:declared:fi_sta.FiStaTransferStock:stock_transfer_agreement_document	29243.72,36770.18 27643.84,36537.39
edge:declared:fi_sta.FiStaUser:fi_sta_management	32394.10,37458.77 33587.43,38146.67
edge:declared:vertex_ai.VertexAiPredictionResult:request	35698.79,16856.53 35625.52,16971.97
edge:inheritance:db.AgendaBonusIssueNewIssueBalanceCertificateFile->db.FileAttachment	19334.08,18260.92 20161.18,18153.21
edge:inheritance:db.AgendaBonusIssueNewIssueMinutesFile->db.FileAttachment	18653.60,17023.77 20161.18,17992.11
edge:inheritance:db.Announcement->db.QuestionThread	20945.13,10518.96 20526.40,10975.84
edge:inheritance:db.BeforeunloadPdfEvent->db.PdfEvent	30548.42,9264.91 31140.37,9550.03
edge:inheritance:db.BranchAbolitionEvent->db.Event	17175.40,17520.03 16410.06,16319.06
edge:inheritance:db.BranchInstallationEvent->db.Event	18690.74,17822.03 16474.35,16319.06
edge:inheritance:db.BulkEmailCommonAttachment->db.FileAttachment	19427.71,17776.42 20161.18,18044.88
edge:inheritance:db.BulkEmailRecipientAttachment->db.FileAttachment	18946.69,18684.29 20161.18,18191.16
edge:inheritance:db.CmeBulkEmail->db.BulkEmail	17016.52,16071.01 14806.91,16641.77
edge:inheritance:db.CmeBulkEmailTemplate->db.BulkEmailTemplate	20076.22,14541.59 19244.20,14479.43
edge:inheritance:db.CompanyBulkEmailTemplate->db.BulkEmailTemplate	18872.40,14172.10 18996.20,14526.93
edge:inheritance:db.CompanyDocumentDelivery->db.DocumentDelivery	18447.19,11011.93 19451.44,11042.21
edge:inheritance:db.CompanyEndorsementFeed->db.CompanyFeed	25460.13,2330.31 27131.71,1125.97
edge:inheritance:db.CompanyFeed->db.Feed	27200.72,1125.97 26961.04,3916.15
edge:inheritance:db.CompanyIrClosingFeed->db.CompanyFeed	27267.22,3287.26 27206.75,1125.97
edge:inheritance:db.CompanyIrNewCommitFeed->db.CompanyFeed	27727.45,3116.72 27218.81,1125.97
edge:inheritance:db.CompanyIrOpenFeed->db.CompanyFeed	27865.82,2482.67 27230.10,1125.97
edge:inheritance:db.CompanyNewsFeed->db.CompanyFeed	18917.90,6175.61 27119.19,1125.97
edge:inheritance:db.CompanyOwnerAuditLog->db.AuditLog	10738.20,5905.91 18292.53,3559.80
edge:inheritance:db.CompanyPaymentLink->db.PaymentLink	22132.45,10576.04 24988.52,12153.54
edge:inheritance:db.CompanyQuestionThread->db.QuestionThread	19154.48,12964.40 20359.17,11113.84
edge:inheritance:db.ConsentFormModusignDocument->db.ModusignDocument	23697.44,33240.79 23077.84,20872.06
edge:inheritance:db.ConsentFormModusignEmbeddedDraft->db.ModusignEmbeddedDraft	21981.59,23598.27 21870.98,23211.43
edge:inheritance:db.ConsentFormOptionItem->db.ConsentFormItem	22719.72,25135.19 23304.69,28171.56
edge:inheritance:db.CustomOptionGrantContractTemplate->db.OptionGrantContractTemplate	19947.65,15654.83 19607.65,15457.95
edge:inheritance:db.CustomOptionGrantContractTemplateRevision->db.OptionGrantContractTemplateRevision	20832.59,15381.21 20211.78,15954.32
edge:inheritance:db.Director->db.Stakeholder	17087.77,15727.47 11989.61,19024.39
edge:inheritance:db.DirectorsMeetingNoticeEmail->db.BulkEmail	15164.91,20026.74 14806.91,16753.57
edge:inheritance:db.DocumentLoadedPdfEvent->db.PdfEvent	31023.00,9369.67 31187.98,9550.03
edge:inheritance:db.ESOPParticipant->db.Employee	11070.10,15108.98 10723.80,14051.90
edge:inheritance:db.Employee->db.Stakeholder	10642.47,14051.90 11769.22,18968.45
edge:inheritance:db.EmployeeOptionExerciseManagementEmail->db.BulkEmail	14442.25,13549.33 14677.17,16615.57
edge:inheritance:db.EmployeeOptionGrantee->db.Employee	11181.06,12531.53 10681.04,13849.90
edge:inheritance:db.EmployeeStockGuideEmail->db.BulkEmail	13264.44,16889.51 14546.91,16747.16
edge:inheritance:db.ExpertClientSignupChannel->db.SignupChannel	23796.92,13821.97 24117.67,13501.93
edge:inheritance:db.HrmAlpUsagePlan->db.HrmApprovable	8226.03,18047.61 6007.93,17298.71
edge:inheritance:db.HrmAnnualLeave->db.HrmLeaveBase	6887.73,21994.70 6447.15,21183.35
edge:inheritance:db.HrmAnnualLeaveFiscalBasedConfig->db.HrmAnnualLeaveConfigBase	7145.48,25939.93 6895.86,23082.88
edge:inheritance:db.HrmAnnualLeaveHireBasedConfig->db.HrmAnnualLeaveConfigBase	6821.01,24957.11 6891.24,23082.88
edge:inheritance:db.HrmAttendance->db.HrmApprovable	6430.18,17284.90 6007.93,17246.40
edge:inheritance:db.HrmDeptAbolishedEvent->db.HrmDeptStatusEventBase	3857.18,22992.74 3802.47,21638.59
edge:inheritance:db.HrmDeptCreatedEvent->db.HrmDeptStatusEventBase	3712.50,20823.68 3796.13,21556.59
edge:inheritance:db.HrmDeptNameChangedEvent->db.HrmDeptNameEventBase	2959.88,19713.93 2678.74,20005.51
edge:inheritance:db.HrmDeptNameEventBase->db.HrmDeptEventBase	2679.07,20079.51 2891.87,20298.13
edge:inheritance:db.HrmDeptParentChangedEvent->db.HrmDeptParentEventBase	3200.38,19922.93 3542.66,19941.21
edge:inheritance:db.HrmDeptParentEventBase->db.HrmDeptEventBase	3590.71,19984.51 2997.83,20298.13
edge:inheritance:db.HrmDeptStatusEventBase->db.HrmDeptEventBase	3772.46,21556.59 2953.46,20372.13
edge:inheritance:db.HrmDocument->db.HrmApprovable	4722.81,16451.98 5759.93,17240.48
edge:inheritance:db.HrmEmpAbsenceEvent->db.HrmEmpStatusEventBase	7593.26,14942.13 7428.64,15165.19
edge:inheritance:db.HrmEmpAffiliationChangedEvent->db.HrmEmpAffiliationEventBase	6246.05,16169.06 6733.57,16372.11
edge:inheritance:db.HrmEmpAffiliationEventBase->db.HrmEmpEventBase	6877.19,16376.81 6941.65,16536.30
edge:inheritance:db.HrmEmpContractModusignDocument->db.ModusignDocument	23866.18,35905.94 23081.84,20869.69
edge:inheritance:db.HrmEmpDepartedEvent->db.HrmEmpStatusEventBase	8382.28,14932.65 7567.02,15186.42
edge:inheritance:db.HrmEmpEmploymentTypeChangedEvent->db.HrmEmpEmploymentTypeEventBase	7340.67,16476.28 7058.92,16622.03
edge:inheritance:db.HrmEmpEmploymentTypeEventBase->db.HrmEmpEventBase	6998.74,16622.03 7046.92,16543.29
edge:inheritance:db.HrmEmpJobChangedEvent->db.HrmEmpJobEventBase	6663.19,15471.27 6628.67,15721.70
edge:inheritance:db.HrmEmpJobEventBase->db.HrmEmpEventBase	6654.74,15795.70 7028.48,16469.29
edge:inheritance:db.HrmEmpJoinedEvent->db.HrmEmpStatusEventBase	7840.60,15659.77 7454.60,15271.19
edge:inheritance:db.HrmEmpReturnToWorkEvent->db.HrmEmpStatusEventBase	7951.52,14800.77 7478.73,15165.19
edge:inheritance:db.HrmEmpStatusEventBase->db.HrmEmpEventBase	7438.21,15271.19 7177.65,16516.53
edge:inheritance:db.HrmFixedWork->db.HrmWorkBase	5323.81,18475.94 5289.61,18617.52
edge:inheritance:db.HrmGrantableLeave->db.HrmLeaveBase	6644.63,20229.12 6427.15,21037.35
edge:inheritance:db.HrmLeaveUsage->db.HrmApprovable	8857.94,18137.17 6007.93,17298.71
edge:inheritance:db.HrmStaggeredWork->db.HrmWorkBase	4440.13,19354.04 5199.49,18739.52
edge:inheritance:db.IBKSignupChannel->db.SignupChannel	24582.00,13441.76 24313.92,13432.82
edge:inheritance:db.IaConsentFormOrMeetingElectronicSignatureRequestModusignDocument->db.ModusignDocument	27287.46,19928.52 23081.84,20848.53
edge:inheritance:db.IaConsentFormOrMeetingElectronicSignatureRequestModusignEmbeddedDraft->db.ModusignEmbeddedDraft	25661.97,23673.54 21997.90,23181.63
edge:inheritance:db.IaConsentFormOrMeetingElectronicSignatureRequiredDocument->db.InvestmentAssociationDocument	31322.91,19760.09 32639.24,19181.60
edge:inheritance:db.IaExpertPartnerBulkEmailTemplate->db.BulkEmailTemplate	20951.69,14977.97 19244.20,14561.43
edge:inheritance:db.IaExplanationFormForElectronicSignatureDocument->db.InvestmentAssociationDocument	33072.51,19348.14 32925.24,19170.90
edge:inheritance:db.IaGpAppointmentEvent->db.InvestmentAssociationEvent	32279.31,17369.44 30715.11,17121.96
edge:inheritance:db.IaGpTerminationEvent->db.InvestmentAssociationEvent	32547.16,17719.84 30712.19,17139.97
edge:inheritance:db.IaMeetingAgendaCustom->db.IaMeetingAgenda	32675.88,20952.20 32407.51,20620.12
edge:inheritance:db.IaMeetingMinutesDocument->db.InvestmentAssociationDocument	32056.69,19936.45 32742.61,19183.50
edge:inheritance:db.IaMeetingNoticeDocument->db.InvestmentAssociationDocument	31707.79,19738.07 32711.62,19183.50
edge:inheritance:db.IaMeetingSealedNoticeDocumentFile->db.FileAttachment	26837.02,19181.54 20541.18,18179.31
edge:inheritance:db.IaModusignDocumentUsageHistory->db.BaseModusignDocumentUsageHistory	25196.94,13128.11 24350.95,12927.03
edge:inheritance:db.IaOwnerAuditLog->db.AuditLog	23431.91,1670.00 18491.93,3485.80
edge:inheritance:db.IaPartnerListDocument->db.InvestmentAssociationDocument	32579.87,18739.29 32785.56,19061.50
edge:inheritance:db.IaPaymentLink->db.PaymentLink	25959.32,12033.94 25168.88,12179.20
edge:inheritance:db.IaPfCompanyInvestmentSalesIntent->db.SalesIntent	31160.08,22629.51 32349.45,23634.00
edge:inheritance:db.IaQuestionThread->db.QuestionThread	21662.05,11738.78 20604.71,11113.84
edge:inheritance:db.IaRuleDocument->db.InvestmentAssociationDocument	31387.36,19107.59 32639.24,19114.29
edge:inheritance:db.IaSealStampImage->db.FileAttachment	21358.22,18179.17 20541.18,18126.51
edge:inheritance:db.ImAcVcBroker->db.ImZuzuBroker	27451.36,10668.06 29407.80,10540.31
edge:inheritance:db.ImIndividualGpBroker->db.ImZuzuBroker	29226.50,10724.37 29468.05,10569.60
edge:inheritance:db.ImInvestorBroker->db.ImBroker	31950.45,10646.20 30179.33,10514.10
edge:inheritance:db.ImIrPartnerBroker->db.ImBroker	28952.16,10373.47 29931.33,10490.08
edge:inheritance:db.ImPitchingDay->db.ImDay	30064.23,8892.62 30662.99,9042.03
edge:inheritance:db.ImPitchingDayParticipation->db.ImDayParticipation	28799.15,7396.27 30446.60,8716.40
edge:inheritance:db.ImZuzuBroker->db.ImBroker	29643.80,10526.42 29931.33,10511.35
edge:inheritance:db.IncorporationRequestAssistanceReceipt->db.FileAttachment	21408.42,16452.01 20489.21,17896.81
edge:inheritance:db.IndividualStakeholder->db.Stakeholder	12301.25,20506.67 11877.90,19282.45
edge:inheritance:db.IndividualStockOptionCancelEvent->db.IndividualInvestorEvent	34663.10,30420.32 33610.85,29660.19
edge:inheritance:db.IndividualStockOptionExerciseEvent->db.IndividualInvestorEvent	35002.75,31708.80 33579.82,29660.19
edge:inheritance:db.IndividualStockOptionGrantEvent->db.IndividualInvestorEvent	33668.25,27571.02 33551.19,29570.19
edge:inheritance:db.IndividualStockOptionPauseEvent->db.IndividualInvestorEvent	30127.00,28781.67 33424.56,29584.98
edge:inheritance:db.IndividualStockOptionResumeEvent->db.IndividualInvestorEvent	30701.64,31267.65 33471.03,29660.19
edge:inheritance:db.IndividualStockOptionSalesIntent->db.SalesIntent	31143.00,23688.72 32275.26,23672.67
edge:inheritance:db.InputSignupChannel->db.SignupChannel	24631.77,13949.62 24284.49,13501.93
edge:inheritance:db.InstitutionStakeholder->db.Stakeholder	11898.06,21310.87 11828.96,19282.45
edge:inheritance:db.InvestmentAssociationAssociationPartner->db.InvestmentAssociationOrganizationPartner	33092.03,15012.45 34302.60,16064.70
edge:inheritance:db.InvestmentAssociationCorporationPartner->db.InvestmentAssociationOrganizationPartner	35267.56,15068.63 34401.57,16064.70
edge:inheritance:db.InvestmentAssociationOrganizationPartner->db.InvestmentAssociationPartner	34389.27,16162.70 35391.41,17758.09
edge:inheritance:db.InvestmentAssociationOrganizationPartnerCorporationSigner->db.InvestmentAssociationOrganizationPartnerSigner	34772.27,13788.86 34380.71,13980.36
edge:inheritance:db.InvestmentAssociationOrganizationPartnerIndividualSigner->db.InvestmentAssociationOrganizationPartnerSigner	34151.67,13859.24 34251.58,13980.36
edge:inheritance:db.InvestmentAssociationPartnerSalesIntent->db.SalesIntent	33525.09,22183.78 32421.42,23634.00
edge:inheritance:db.InvestmentContractHolder->db.Stakeholder	12129.01,18155.28 11866.12,18968.45
edge:inheritance:db.InvestorRelations->db.InvestorMatching	28291.78,5048.03 26605.16,8899.81
edge:inheritance:db.IrClosingComplete->db.IrClosing	29469.25,2009.32 30351.75,3815.60
edge:inheritance:db.IrClosingExpired->db.IrClosing	30360.92,4496.62 30371.08,3897.60
edge:inheritance:db.IrClosingIncomplete->db.IrClosing	31216.34,3894.70 30495.78,3862.19
edge:inheritance:db.IrConsultingRequest->db.ImConsultingRequest	26186.21,7764.41 25529.75,7055.79
edge:inheritance:db.IrFeed->db.Feed	27563.22,5076.49 26977.80,3990.15
edge:inheritance:db.LawtalkSignupAttachment->db.FileAttachment	19339.27,16102.94 20243.65,17896.81
edge:inheritance:db.LegalPartnerSignupChannel->db.SignupChannel	23314.67,13680.29 24065.92,13465.71
edge:inheritance:db.ManualOptionVesting->db.OptionVesting	15491.00,18191.25 15533.21,18139.61
edge:inheritance:db.ManualProduct->db.Product	23463.55,10455.05 23590.01,10551.36
edge:inheritance:db.MeetingAttachment->db.FileAttachment	18640.85,17177.34 20161.18,18010.07
edge:inheritance:db.Mna->db.InvestorMatching	26229.92,8749.08 26436.80,8899.81
edge:inheritance:db.MnaConsultingRequest->db.ImConsultingRequest	25100.30,7053.38 25367.77,7027.01
edge:inheritance:db.NcpSignupChannel->db.SignupChannel	25196.78,13906.21 24313.92,13488.42
edge:inheritance:db.NewIssueNoticeEmail->db.BulkEmail	12465.13,23174.08 14806.91,16753.57
edge:inheritance:db.NewIssueStockAllocationRecordDateNoticeDocument->db.MeetingDocument	18169.66,25956.19 16389.38,26980.23
edge:inheritance:db.NonUnifiedShareManagementSalesIntent->db.SalesIntent	30157.54,25691.17 32352.31,23708.00
edge:inheritance:db.NonUnifiedShareSucPoaModusignDocument->db.ModusignDocument	23285.36,22174.30 23081.84,20855.90
edge:inheritance:db.OptionExerciseClaimAttachment->db.FileAttachment	13715.77,17175.71 20161.18,18057.37
edge:inheritance:db.OptionExerciseClaimMeetingDocument->db.MeetingDocument	14412.73,21840.75 16069.66,26879.11
edge:inheritance:db.OptionExerciseManagementEmail->db.BulkEmail	14818.21,15826.94 14685.69,16615.57
edge:inheritance:db.OptionGrantContractCeo->db.OptionGrantContractStakeholder	19650.32,15116.74 19663.58,15206.72
edge:inheritance:db.OptionGrantContractFirstRefusalRightHolder->db.OptionGrantContractStakeholder	19997.33,15123.24 19743.00,15206.72
edge:inheritance:db.OptionGrantContractModusignDocument->db.ModusignDocument	21760.85,19776.39 22809.84,20718.33
edge:inheritance:db.OptionGrantContractModusignEmbeddedDraft->db.ModusignEmbeddedDraft	21131.56,20987.54 21845.77,23105.43
edge:inheritance:db.OptionGrantEvent->db.Event	15899.79,18415.31 16404.26,16319.06
edge:inheritance:db.OptionGrantee->db.Stakeholder	14851.06,18996.81 11989.61,19139.74
edge:inheritance:db.OtherDocumentArchiveAttachment->db.FileAttachment	19995.64,16500.10 20303.13,17896.81
edge:inheritance:db.PageNumberUpdatedPdfEvent->db.PdfEvent	31547.55,9651.48 31349.49,9614.30
edge:inheritance:db.PayrollStatementEmail->db.BulkEmail	12312.76,17050.84 14546.91,16750.41
edge:inheritance:db.PerformanceRsuVestingItem->db.RsuVestingItem	15446.18,13690.47 15081.39,13718.18
edge:inheritance:db.PeriodPhantomStockVestingItem->db.PhantomStockVestingItem	10821.19,17892.89 10644.74,17534.25
edge:inheritance:db.PeriodRsuVestingItem->db.RsuVestingItem	15418.02,13572.90 15081.39,13685.96
edge:inheritance:db.PeriodicOptionVesting->db.OptionVesting	15206.56,18167.23 15465.37,18139.61
edge:inheritance:db.PhantomStockGrantee->db.Stakeholder	11261.79,18242.70 11758.30,18968.45
edge:inheritance:db.PhantomStockPauseEvent->db.Event	15944.07,15432.34 16254.13,16101.06
edge:inheritance:db.PhantomStockResumeEvent->db.Event	16166.43,15602.44 16302.41,16101.06
edge:inheritance:db.PingpongDeliveryAddress->db.Address	22830.41,12920.17 23239.20,18514.69
edge:inheritance:db.QuarterlyReportRequestAttachment->db.FileAttachment	24962.70,17116.03 20541.18,18061.76
edge:inheritance:db.QuarterlyReportSignupChannel->db.SignupChannel	27048.93,13737.64 24313.92,13462.11
edge:inheritance:db.QuestionMessageAttachment->db.FileAttachment	21251.90,18032.82 20541.18,18097.09
edge:inheritance:db.RegistrationAssistanceReceipt->db.FileAttachment	21189.54,16311.63 20452.07,17896.81
edge:inheritance:db.RegistrationFormCaptableDocument->db.MeetingDocument	18732.59,25270.03 16389.38,26934.05
edge:inheritance:db.RegularProduct->db.Product	23507.48,10754.32 23609.36,10625.36
edge:inheritance:db.RsuExerciseEvent->db.Event	15806.34,15563.85 16200.33,16101.06
edge:inheritance:db.RsuExerciseManagementEmail->db.BulkEmail	14596.18,16437.58 14630.99,16615.57
edge:inheritance:db.RsuGrantContractModusignDocument->db.ModusignDocument	20833.23,18724.13 22809.84,20710.06
edge:inheritance:db.RsuGrantee->db.Stakeholder	13477.24,16435.73 11918.24,18968.45
edge:inheritance:db.RsuPauseEvent->db.Event	15852.09,16728.16 16178.35,16316.92
edge:inheritance:db.RsuResumeEvent->db.Event	15964.43,16851.11 16267.62,16319.06
edge:inheritance:db.RtccEmail->db.BulkEmail	15058.93,16284.41 14749.39,16615.57
edge:inheritance:db.RtccInvestorFile->db.FileAttachment	19404.71,18137.52 20161.18,18119.91
edge:inheritance:db.SafeCreateEvent->db.Event	17060.16,16882.75 16440.80,16319.06
edge:inheritance:db.SealStampImage->db.FileAttachment	19190.68,16502.73 20192.52,17896.81
edge:inheritance:db.Shareholder->db.Stakeholder	12373.43,23337.47 11844.63,19282.45
edge:inheritance:db.ShareholdersAgreementModusignDocument->db.ModusignDocument	22238.44,20705.31 22809.84,20780.36
edge:inheritance:db.ShareholdersAgreementModusignEmbeddedDraft->db.ModusignEmbeddedDraft	21663.87,23351.82 21791.49,23211.43
edge:inheritance:db.ShareholdersMeetingConvocationNoticeEmail->db.BulkEmail	18107.75,20748.00 14806.91,16753.57
edge:inheritance:db.ShareholdersMeetingConvocationNoticeEmailAttachment->db.FileAttachment	19946.70,19511.37 20299.41,18330.81
edge:inheritance:db.ShareholdersMeetingConvocationNoticeWrittenRecipient->db.ShareholdersMeetingConvocationNoticeRecipient	20357.15,23743.04 19347.33,22772.17
edge:inheritance:db.StockTransferAgreementModusignDocument->db.ModusignDocument	20153.73,20079.80 22809.84,20755.05
edge:inheritance:db.StockTransferAgreementModusignEmbeddedDraft->db.ModusignEmbeddedDraft	21149.29,21650.90 21815.87,23105.43
edge:inheritance:db.SubscriptionModusignDocumentUsageHistory->db.BaseModusignDocumentUsageHistory	27215.82,11620.38 24350.95,12884.96
edge:inheritance:db.UserProfileImage->db.FileAttachment	20966.36,18336.79 20541.18,18183.40
edge:inheritance:db.VentureCapitalPaymentLink->db.PaymentLink	26607.01,11453.50 25168.88,12155.22
edge:inheritance:db.Whitepaper->db.MembershipContent	4031.79,3539.93 2742.13,1894.78
edge:inheritance:db.YetsAssistanceCreatorUser->db.YetsAssistanceCreator	13248.30,32418.67 13504.96,32221.43
edge:inheritance:db.YetsAssistanceCreatorYetsEmployee->db.YetsAssistanceCreator	10019.77,32227.32 13435.11,32185.86
edge:inheritance:db.YetsAssistanceMessageFile->db.FileAttachment	22529.28,33721.24 20359.05,18330.81
edge:inheritance:db.YetsEmail->db.BulkEmail	9982.16,20621.47 14588.94,16753.57
edge:inheritance:db.YetsEmployeeFile->db.FileAttachment	22708.91,34198.53 20366.53,18330.81
edge:inheritance:db.YetsEmployeeResultWhtReceipt->db.FileAttachment	22376.51,32805.91 20356.09,18330.81
edge:inheritance:db.ZuzuOptionGrantContractTemplate->db.OptionGrantContractTemplate	20556.02,15358.27 19607.65,15360.56
edge:inheritance:db.ZuzuOptionGrantContractTemplateRevision->db.OptionGrantContractTemplateRevision	20286.24,15482.40 20171.01,15954.32
edge:declared:db.AgendaOptionCancelOptionDistribution:option	15476.97,21374.28 15256.03,21275.13
edge:declared:db.BulkEmail:sender_mail_integration	14628.80,16753.57 14592.13,16926.66
edge:declared:db.Company:sso_configuration	16480.15,10833.82 16263.84,10841.58
edge:declared:db.CompanyDocumentAIAnalysis:file	18803.83,15591.64 20217.84,17896.81
edge:declared:db.CompanySsoEmailDomain:configuration	15480.38,10855.83 16015.84,10848.04
edge:declared:db.CompanySsoIdentity:configuration	15467.48,11025.98 16015.84,10879.39
edge:declared:db.HrmAttendanceLocation:attendance_item	8190.79,16644.83 8088.09,17084.62
edge:declared:db.HrmAttendanceLocation:ongoing_attendance	8332.12,16591.68 8687.96,16778.56
edge:declared:db.HrmAttendanceLocation:personal_location	8249.07,16546.83 8497.25,16349.07
edge:declared:db.HrmAttendanceLocation:work_location	8084.12,16623.09 6809.58,14453.49
edge:declared:db.HrmSelectiveWorkPlanConfig:selective_work	5280.94,19367.55 5339.77,19009.09
edge:declared:db.HrmSelectiveWorkPlanItem:plan	6190.00,16925.60 6073.31,16978.73
edge:declared:db.HrmSelectiveWorkSchedule:selective_work	5521.23,19144.74 5390.51,19009.09
edge:declared:db.HrmSelectiveWorkSettlementConfig:selective_work	4825.76,19367.55 5289.00,19009.09
edge:declared:db.HrmSlackChannelConfig:integration	3127.91,15639.37 3123.58,15895.34
edge:declared:db.HrmSlackIntegration:hrm	3145.67,15895.34 3627.43,15528.42
edge:declared:db.IaPartnerWithdrawalEvent:partner	35526.65,17519.10 35481.13,17758.09
edge:declared:db.IncorporationRequestPromoterCustodian:address	22596.03,17974.88 23140.76,18514.69
edge:declared:db.OptionExerciseManagementCommonSetting:management	14994.37,15558.94 14633.38,15401.90
edge:declared:db.OptionExerciseManagementPaymentBankSetting:company	15453.39,11163.48 16480.15,10879.91
edge:declared:db.RsuRsaSealedContractFile:grant_contract	16171.34,13602.74 16291.43,13752.13
edge:declared:db.RtccConsentSummary:source_result	14579.00,8672.13 14722.35,7287.19
edge:declared:db.RtccSummaryAnalysisRequestDocument:request	15201.48,8079.49 14786.22,6859.17
edge:declared:db.RtccSummaryAnalysisResult:request	14730.97,7205.19 14767.89,6859.17
edge:declared:db.RtccSummaryAnalysisResultDocument:result	15069.36,8311.52 14739.78,7287.19
edge:inheritance:db.HrmAttendanceLocation->db.HrmApprovable	8084.12,16624.78 6007.93,17220.76
edge:inheritance:db.HrmPersonalLocation->db.HrmApprovable	8410.86,16349.07 6007.93,17212.55
edge:inheritance:db.HrmSelectiveWork->db.HrmWorkBase	5335.76,18919.09 5290.31,18739.52
edge:inheritance:db.HrmSelectiveWorkPlan->db.HrmApprovable	6038.81,17060.73 5899.84,17200.71
edge:inheritance:db.RsaForfeitEvent->db.Event	15989.92,16207.29 16178.35,16202.58
edge:inheritance:db.RsaVestConfirmEvent->db.Event	16600.73,15828.01 16411.24,16101.06
leaf-connection:["db.MeetingDraft","leaf-card:29"]	17500.75,20339.23 17223.83,20565.56
leaf-connection:["db.RegistrationAgenda","leaf-card:43"]	13383.84,22225.77 13275.87,22255.30
leaf-connection:["db.DirectorsMeetingAgenda","leaf-card:32"]	16124.68,21264.66 14811.31,22730.28
leaf-connection:["db.ShareholdersMeetingAgenda","leaf-card:31"]	17793.06,21756.78 18052.52,22096.91
leaf-connection:["db.Company","leaf-card:9"]	22991.75,7550.45 16860.15,10728.44
leaf-connection:["db.CompanyPromotionPrizeType","leaf-card:0"]	14996.20,5303.59 16153.25,5556.94
leaf-connection:["db.AgendaNewIssue","leaf-card:21"]	18035.39,24789.76 16867.30,22855.95
leaf-connection:["db.BranchInstallationEvent","leaf-card:13"]	18860.00,17701.88 18830.61,17822.03
leaf-connection:["db.BulkEmailRecipientAttachment","leaf-card:14"]	18986.80,18698.71 19672.13,18580.60
leaf-connection:["db.VentureBusinessCertificationExpirationNotificationLog","leaf-card:42"]	18352.23,14649.83 18449.81,14530.43
leaf-connection:["db.Event","leaf-card:46"]	15841.26,15255.28 16223.51,16101.06
leaf-connection:["db.VentureCapital","leaf-card:39"]	28392.60,6047.61 34062.21,10663.78
leaf-connection:["db.ArticlesOfIncorporation","leaf-card:36"]	17446.03,14170.16 17526.02,14273.59
leaf-connection:["db.AgendaNewIssueItem","leaf-card:22"]	18659.67,26538.90 18840.50,26532.83
leaf-connection:["db.DirectorsMeetingDirectorAttendance","leaf-card:48"]	15623.75,20734.99 15610.26,20692.97
leaf-connection:["db.Employee","leaf-card:15"]	12986.17,12685.45 10784.81,13874.32
leaf-connection:["db.SealCardReturnStatusHistory","leaf-card:16"]	3730.13,7744.64 3705.36,7652.35
leaf-connection:["db.HrmEmpStatusEventBase","leaf-card:20"]	8338.41,15453.39 7566.33,15271.19
leaf-connection:["db.Hrm","leaf-card:5"]	3355.13,14755.02 3657.24,15246.42
leaf-connection:["db.HrmEmpJob","leaf-card:19"]	5712.59,15930.10 5114.18,15763.02
leaf-connection:["db.HrmLeaveBase","leaf-card:6"]	5927.95,21103.09 6271.51,21108.29
leaf-connection:["db.IaConsentForm","leaf-card:25"]	33493.44,18211.21 33003.67,18230.91
leaf-connection:["db.IaSealStampImage","leaf-card:24"]	21594.22,18188.18 22171.75,18217.86
leaf-connection:["db.IaUserInvitation","leaf-card:23"]	31170.21,16131.70 31465.54,16742.84
leaf-connection:["db.IaPartnerDataCollection","leaf-card:10"]	24388.49,17390.66 25320.78,17226.73
leaf-connection:["db.InvestmentAssociationIndividualPartnerLegalRepresentative","leaf-card:26"]	33498.28,16382.36 33333.00,16406.60
leaf-connection:["db.ImContactRequestIntention","leaf-card:28"]	28144.26,9500.98 28323.84,9672.18
leaf-connection:["db.InvestorMatching","leaf-card:27"]	27342.11,9830.93 26650.73,9085.81
leaf-connection:["db.AgendaDirectorChange","leaf-card:45"]	13946.57,22727.72 14531.39,22534.92
leaf-connection:["db.IncorporationRequest","leaf-card:33"]	21619.58,15113.76 21497.09,15127.37
leaf-connection:["db.IncorporationRequestPromoterCustodian","leaf-card:11"]	22485.42,17900.88 21553.86,17677.29
leaf-connection:["db.IndividualInvestorCompanyCeo","leaf-card:12"]	25859.93,22363.18 24981.72,23274.94
leaf-connection:["db.IndividualInvestorCompany","leaf-card:34"]	29214.30,26459.12 29588.88,26204.41
leaf-connection:["db.IrAlertInvestorRelations","leaf-card:47"]	31173.67,6946.06 31917.79,7753.40
leaf-connection:["db.InvestorRelations","leaf-card:4"]	29607.92,4966.79 28502.27,4924.87
leaf-connection:["db.Stakeholder","leaf-card:35"]	10724.22,23503.40 11782.06,19282.45
leaf-connection:["db.LegalPartner","leaf-card:3"]	22134.29,14337.46 21876.99,14069.06
leaf-connection:["db.MeetingDocument","leaf-card:7"]	18327.40,27782.88 16389.38,27135.22
leaf-connection:["db.MembershipContent","leaf-card:2"]	2550.00,1515.04 2685.76,1804.78
leaf-connection:["db.Event","leaf-card:8"]	16361.20,12404.01 16330.76,16101.06
leaf-connection:["db.PhantomStockVestingItem","leaf-card:41"]	10669.43,17327.68 10635.68,17452.25
leaf-connection:["db.QuestionThreadMessage","leaf-card:1"]	24183.61,9791.84 23140.82,9781.60
leaf-connection:["db.AgendaHeadOfficeRelocation","leaf-card:17"]	19868.95,24357.95 18662.34,21993.38
leaf-connection:["db.RsuVestingItem","leaf-card:40"]	14807.12,13535.26 14918.76,13682.60
leaf-connection:["db.SecondaryDeal","leaf-card:18"]	34998.60,3089.37 34848.53,2992.48
leaf-connection:["db.ShareholdersMeetingAgenda","leaf-card:30"]	17625.17,22092.08 17673.54,21756.78
leaf-connection:["db.ShareholdersMeetingShareholderAttendance","leaf-card:44"]	17357.74,24473.19 17404.99,24079.76
leaf-connection:["db.Subscription","leaf-card:37"]	20817.49,9329.83 19945.34,9821.01
leaf-connection:["db.VideoCollection","leaf-card:38"]	18748.21,7846.43 18791.28,7312.64
