db.Address	24090.010000000	18938.850000000
db.AgendaAuthorizedSharesChange	16537.710000000	21733.720000000
db.AgendaBonusIssue	18029.730000000	20149.550000000
db.AgendaBonusIssueNewIssueBalanceCertificateFile	18620.650000000	19755.790000000
db.AgendaBonusIssueNewIssueMinutesFile	18432.850000000	20145.210000000
db.AgendaBonusIssueSharesToIssue	16950.430000000	19346.100000000
db.AgendaBorrowCapital	16740.600000000	20117.950000000
db.AgendaBranchChange	17595.960000000	20043.230000000
db.AgendaCashDividends	15682.650000000	20560.710000000
db.AgendaCeoAddressChange	12816.220000000	22019.650000000
db.AgendaCeoAddressChangeItem	11980.810000000	21280.460000000
db.AgendaChangeOfAoiClassStock	19646.090000000	20573.890000000
db.AgendaChangeOfAoiCustom	19866.130000000	19420.830000000
db.AgendaChangeOfAoiDirectorCompensationRule	19864.790000000	20701.410000000
db.AgendaChangeOfAoiNumberOfDirectors	19353.250000000	20388.840000000
db.AgendaChangeOfAoiThirdPartyAllocation	19367.750000000	20814.950000000
db.AgendaChangeOfArticlesOfIncorporation	19017.950000000	20540.170000000
db.AgendaCoCeoSystemChange	16011.400000000	21109.700000000
db.AgendaCompanyNameChange	17151.560000000	20980.360000000
db.AgendaCustom	16032.270000000	20985.440000000
db.AgendaDirectorChange	12633.180000000	22832.230000000
db.AgendaDirectorCompensation	14835.900000000	21477.220000000
db.AgendaDirectorCompensationItem	12321.360000000	20967.910000000
db.AgendaDirectorCompensationRule	16636.170000000	21153.510000000
db.AgendaFinancialStatements	17313.000000000	20197.580000000
db.AgendaHeadOfficeRelocation	18491.170000000	21584.340000000
db.AgendaHeadOfficeRelocationAoiChange	17083.940000000	20731.520000000
db.AgendaMethodOfGivingPublicNoticeChange	17227.430000000	20062.960000000
db.AgendaNewIssue	16151.500000000	22342.440000000
db.AgendaNewIssueItem	19532.260000000	25297.400000000
db.AgendaNewIssueItemFromConversion	19426.080000000	25819.690000000
db.AgendaNewIssueItemFromPayment	18756.470000000	25542.360000000
db.AgendaNewIssueItemInstitutionMember	21380.530000000	25999.990000000
db.AgendaNewIssueItemInstitutionMemberCeo	20031.550000000	25544.830000000
db.AgendaNewIssueItemShareClass	18811.410000000	25190.110000000
db.AgendaNewIssueItemShareholder	19755.410000000	24944.960000000
db.AgendaNewIssueNewShareClass	16685.340000000	22414.060000000
db.AgendaNewOptionsRule	16772.060000000	21024.040000000
db.AgendaNewOrChangeRsuRule	17143.920000000	21130.130000000
db.AgendaOptionCancel	14962.730000000	21031.620000000
db.AgendaOptionCancelGrantee	14312.650000000	20933.190000000
db.AgendaOptionCancelOption	14389.420000000	21059.230000000
db.AgendaOptionExercise	13220.440000000	21847.100000000
db.AgendaOptionExerciseClaim	12796.650000000	21350.850000000
db.AgendaOptionExerciseGrantee	13356.990000000	21674.330000000
db.AgendaOptionExerciseGranteeOption	13187.770000000	21453.300000000
db.AgendaOptionGrant	15591.540000000	19720.360000000
db.AgendaOptionGrantGrantee	14718.510000000	19191.370000000
db.AgendaPurposeChange	17742.010000000	21650.780000000
db.AgendaPurposeChangeItem	17837.030000000	21848.510000000
db.AgendaRsuGrant	15699.160000000	20900.430000000
db.AgendaRsuGrantGrantee	13105.160000000	18142.130000000
db.AgendaShareholdersMeetingConvocation	15644.030000000	21222.370000000
db.AgendaSubsidiaryEstablishment	15730.340000000	21375.920000000
db.AgendaTemplate	24840.360000000	8344.560000000
db.AiAnalysisFeedback	9757.520000000	10335.110000000
db.AiPayrollLedger	3029.470000000	5332.350000000
db.AlimtalkActivity	36389.710000000	14089.530000000
db.AlimtalkActivityRecipient	35366.470000000	14355.050000000
db.AlimtalkActivityRecipientStatusHistory	35293.860000000	14482.010000000
db.AllocatedSeat	7981.050000000	13446.610000000
db.Announcement	21167.100000000	12180.330000000
db.AnnualSalary	10243.340000000	14951.750000000
db.AppCard	21392.370000000	13597.350000000
db.AppointedDirectorCertificateOfSealDocument	16807.030000000	29549.410000000
db.AppointedDirectorResidentRegistrationDocument	18898.590000000	26473.950000000
db.Article	20411.840000000	19653.210000000
db.ArticlePublishHistory	20664.290000000	19789.080000000
db.ArticlesOfIncorporation	17082.290000000	15408.880000000
db.ArticlesOfIncorporationAfterChangeDocument	21734.100000000	27812.690000000
db.ArticlesOfIncorporationAnalyzationRequest	13146.530000000	7602.110000000
db.ArticlesOfIncorporationAnalyzationResult	10598.710000000	7946.310000000
db.ArticlesOfIncorporationBeforeChangeDocument	16945.310000000	26000.250000000
db.ArticlesOfIncorporationDocument	17801.870000000	27762.330000000
db.AuditLog	17203.960000000	5576.920000000
db.AuditReportDocument	19013.150000000	29158.150000000
db.AvailableModusignRequest	21257.380000000	19382.890000000
db.BalanceCertificateDocument	14476.250000000	22726.630000000
db.BaseModusignDocumentUsageHistory	25365.760000000	13576.590000000
db.Basket	23306.370000000	13540.880000000
db.BeforeunloadPdfEvent	33220.400000000	11118.270000000
db.BigNumberValueWithVisibility	38620.510000000	4551.440000000
db.BonusIssueEvent	2184.610000000	34845.910000000
db.BranchAbolitionEvent	18224.380000000	18106.220000000
db.BranchChangeEvent	19541.840000000	18503.110000000
db.BranchInstallationEvent	19086.700000000	18314.790000000
db.BulkEmail	13582.710000000	17241.730000000
db.BulkEmailCommonAttachment	17717.830000000	18004.090000000
db.BulkEmailRecipient	17278.520000000	19117.770000000
db.BulkEmailRecipientAttachment	19539.130000000	18773.660000000
db.BulkEmailTemplate	19399.220000000	15020.580000000
db.BulkEmailTemplateRevision	17456.770000000	16535.500000000
db.BusinessPlan	13870.470000000	11914.420000000
db.BusinessPlanAiAnalysis	11909.360000000	11099.600000000
db.BusinessPlanAiAnalysisItem	10336.060000000	10552.160000000
db.BusinessPlanAiAnalysisItemImprovement	9804.210000000	10505.340000000
db.BusinessPlanAiReview	13776.330000000	11769.900000000
db.BusinessRegistrationCertificate	19547.350000000	9779.700000000
db.CalendarEvent	2178.360000000	34725.200000000
db.CapitalChangeEvent	15255.930000000	16066.500000000
db.CapitalReductionEvent	2138.530000000	34596.120000000
db.CaptableAfterNewIssueDocument	17460.100000000	29742.880000000
db.CaptableAtRecordDateDocument	19560.700000000	26269.020000000
db.CaptableBeforeNewIssueDocument	16669.040000000	24626.840000000
db.CaptableRequest	18659.920000000	16480.040000000
db.CashIncentive	11173.510000000	13970.030000000
db.CashIncentiveCategory	12079.030000000	13673.660000000
db.CashIncentiveItem	10258.620000000	13952.350000000
db.CashPayment	23106.840000000	14097.230000000
db.CeoAddressChangeEvent	16002.950000000	16571.890000000
db.CeoConfirmationDocument	18518.600000000	26129.850000000
db.CeoTypeChangedCeoResidentRegistrationDocument	13686.320000000	24498.200000000
db.CertificateOfCorporateSealDocument	16765.620000000	25738.890000000
db.CertificateOfSealNotarizationPoaDocument	14476.130000000	27308.230000000
db.Charge	20636.940000000	13529.110000000
db.CmeBulkEmail	17821.480000000	16467.240000000
db.CmeBulkEmailRecipient	18245.380000000	16383.860000000
db.CmeBulkEmailTemplate	19977.350000000	15009.150000000
db.CmeCompany	19203.700000000	14075.970000000
db.CmeCompanyContact	19765.070000000	14187.420000000
db.CmeCompanyContactNotificationSettings	19660.240000000	14052.670000000
db.CmeCompanyDirectorTermManagement	19662.350000000	13925.880000000
db.CmeCompanyNote	19159.120000000	13842.340000000
db.CmeCompanyRegistration	20532.760000000	14760.510000000
db.CmeCompanyRegistrationFile	20746.800000000	14880.890000000
db.CmeContact	21051.390000000	14823.860000000
db.CmeMemberRelation	20764.230000000	14402.660000000
db.CoCeoSystemChangeEvent	15919.110000000	16451.530000000
db.CommonAddress	2177.320000000	34474.900000000
db.Company	15985.500000000	12443.490000000
db.CompanyAddressChangeEvent	19544.260000000	18372.200000000
db.CompanyAppointedTransferAgentChange	20969.040000000	9806.440000000
db.CompanyAuthorizedSharesChange	23643.730000000	9408.710000000
db.CompanyBenefit	18956.650000000	10628.190000000
db.CompanyBulkEmailTemplate	18678.850000000	13925.020000000
db.CompanyCreateAssignmentReadiness	16655.260000000	9957.380000000
db.CompanyCreateProgress	23596.980000000	16727.130000000
db.CompanyCreateRequest	23817.880000000	17126.500000000
db.CompanyDepartment	9817.000000000	14103.540000000
db.CompanyDepartmentCode	9713.560000000	13972.920000000
db.CompanyDocumentDelivery	18750.560000000	12681.340000000
db.CompanyEndorsement	24378.350000000	8439.910000000
db.CompanyEndorsementFeed	26611.590000000	7577.490000000
db.CompanyExpertClientRelation	20294.590000000	13982.150000000
db.CompanyFeed	29132.180000000	5085.800000000
db.CompanyFeedAccessLog	41229.960000000	3943.170000000
db.CompanyFeedRating	29953.660000000	3597.170000000
db.CompanyGuideState	17848.150000000	12512.860000000
db.CompanyInvestmentContractInfo	19385.400000000	12923.330000000
db.CompanyInvestorInterest	29317.900000000	8368.430000000
db.CompanyInvitation	17185.600000000	9652.490000000
db.CompanyIrClosingFeed	29224.600000000	6225.410000000
db.CompanyIrNewCommitFeed	29809.190000000	6084.070000000
db.CompanyIrOpenFeed	29991.630000000	5558.570000000
db.CompanyIrSetting	21512.350000000	8017.720000000
db.CompanyLegalPartnerRelation	22441.140000000	14450.600000000
db.CompanyManagementAssignment	15504.520000000	9066.230000000
db.CompanyManagingEntity	20153.830000000	14466.670000000
db.CompanyMethodOfGivingPublicNoticeChange	16902.960000000	14597.640000000
db.CompanyMnaSetting	19081.910000000	12128.930000000
db.CompanyNameChange	12848.230000000	10844.630000000
db.CompanyNews	18926.500000000	8177.080000000
db.CompanyNewsFeed	26590.360000000	6351.720000000
db.CompanyNewsLink	18587.650000000	7694.310000000
db.CompanyNotificationSetting	15173.630000000	11628.490000000
db.CompanyNotificationTrigger	14730.120000000	11356.780000000
db.CompanyOptionRule	19060.090000000	12950.600000000
db.CompanyOverview	15923.460000000	10457.280000000
db.CompanyOwnerAddRequest	17025.640000000	10016.750000000
db.CompanyOwnerAuditLog	9587.240000000	8160.170000000
db.CompanyOwnerAuditLogOwnerRoleRelation	9567.650000000	9604.880000000
db.CompanyOwnerNotificationTrigger	14574.140000000	11224.050000000
db.CompanyParValueChange	16937.940000000	15653.030000000
db.CompanyPaymentLink	23711.830000000	12097.320000000
db.CompanyPolicyFile	16352.920000000	10522.910000000
db.CompanyProfileAccessLog	29267.310000000	8522.560000000
db.CompanyPromotionInfo	15010.160000000	8608.240000000
db.CompanyPromotionPrizeType	15090.860000000	8483.920000000
db.CompanyPromotionWinLog	14352.640000000	8617.460000000
db.CompanyPurposeChange	16878.870000000	14152.220000000
db.CompanyPurposeChangeItem	17011.420000000	14379.790000000
db.CompanyQuestionThread	18976.960000000	14281.850000000
db.CompanyRegistrationAssignment	21915.370000000	10222.530000000
db.CompanyRegistrationAssignmentLog	20474.570000000	11800.960000000
db.CompanyRegistrationStaffStatus	2159.340000000	34347.300000000
db.CompanyRsuRule	16835.940000000	15186.420000000
db.CompanyStockTransferRestrictedChange	15839.320000000	9983.550000000
db.CompanyStockValue	19765.460000000	9260.680000000
db.CompanyTag	20891.370000000	9987.540000000
db.CompanyTanTableView	10476.710000000	9988.420000000
db.CompanyTodo	22552.890000000	10256.620000000
db.CompanyUpdateRequest	18154.120000000	14021.140000000
db.CompanyUserRelation	7419.690000000	11966.710000000
db.CompanyUserRelationOwnerRoleRelation	8617.800000000	11525.490000000
db.ConsentForm	27055.230000000	36165.290000000
db.ConsentFormItem	24289.380000000	26849.190000000
db.ConsentFormModusignDocument	30461.390000000	28251.010000000
db.ConsentFormModusignEmbeddedDraft	27322.000000000	33656.320000000
db.ConsentFormOptionItem	23541.900000000	24271.360000000
db.CorporateRegistration	18892.550000000	15590.760000000
db.CorporateRegistrationChangeConfirmation	18599.610000000	14341.690000000
db.CorporateRegistrationChangeDetection	18162.270000000	14384.840000000
db.CorporateRegistrationChangeDetectionParseResult	18370.400000000	14204.950000000
db.CorporateRegistrationDocument	16715.240000000	29033.060000000
db.CorporateRegistrationExtractionLog	20648.230000000	16071.030000000
db.CorporateRegistrationIssueCoupon	18708.810000000	13527.390000000
db.CorporateRegistrationIssueCouponIssueLog	19073.790000000	13725.980000000
db.CorporateRegistrationIssueCouponUseRequest	19272.160000000	14825.190000000
db.CorporateRegistrationIssueCouponUseResult	19970.870000000	15693.730000000
db.CorporateRegistrationIssueLog	20836.720000000	15753.710000000
db.CorporateRegistrationIssueMaintenance	33800.400000000	15822.590000000
db.CorporateRegistrationIssueRequest	19027.770000000	12504.690000000
db.CorporateRegistrationPaidIssue	20315.370000000	13831.110000000
db.CorporationPostRegistrationEmail	15330.590000000	9395.500000000
db.CorporationPostRegistrationScheduledEmail	15399.970000000	7920.930000000
db.CorporationPostRegistrationScheduledEmailPeriodicTaskRelation	14685.960000000	7552.560000000
db.Credit	21140.120000000	13853.560000000
db.CreditCard	24412.740000000	13368.260000000
db.CreditUse	22285.500000000	13890.380000000
db.CsAgentResponse	25346.270000000	11368.050000000
db.CsAgentResponseFeedBack	25944.790000000	11289.840000000
db.CustomOptionGrantContractTemplate	19807.970000000	16147.550000000
db.CustomOptionGrantContractTemplateRevision	20559.150000000	16716.270000000
db.DailyNewspaper	17255.800000000	15196.300000000
db.DataPortalAddressInformationCache	2224.130000000	34196.490000000
db.DebtConfirmationAndOffsetContractDocument	17394.940000000	25468.270000000
db.DemoCompanyCreationLog	2201.240000000	34019.490000000
db.Department	15056.650000000	32316.910000000
db.DepartmentStaffUserRelation	18079.990000000	31820.330000000
db.Director	16626.720000000	16438.240000000
db.DirectorAppointmentEvent	16057.580000000	16245.640000000
db.DirectorCompensationDecisionEvent	16520.710000000	16788.630000000
db.DirectorCompensationLimitEvent	16393.100000000	16647.990000000
db.DirectorDecisionDocument	19154.310000000	27039.530000000
db.DirectorResidentRegistrationWithAddressChangeHistoryDocument	14091.820000000	23503.440000000
db.DirectorTermEndEvent	16239.750000000	16397.690000000
db.DirectorVote	14919.660000000	20790.960000000
db.DirectorVotingRightsPerAgenda	14592.670000000	20800.060000000
db.DirectorsMeeting	15429.730000000	20244.540000000
db.DirectorsMeetingAgenda	15286.640000000	21012.340000000
db.DirectorsMeetingDirectorAttendance	15012.500000000	20497.590000000
db.DirectorsMeetingMinutesDocument	16325.040000000	23963.530000000
db.DirectorsMeetingNoticeDocument	16378.810000000	29204.830000000
db.DirectorsMeetingNoticeEmail	15851.890000000	19231.320000000
db.DirectorsMeetingNoticeEmailRecipient	15904.920000000	19450.800000000
db.DirectorsMeetingSkipNoticeDocument	15781.670000000	29513.380000000
db.DivaFund	2177.320000000	33875.090000000
db.DocumentDelivery	20320.850000000	12534.870000000
db.DocumentDeliveryQuestionThreadRelation	20675.020000000	12465.770000000
db.DocumentLoadedPdfEvent	33866.020000000	11205.110000000
db.DocumentParseResult	20181.160000000	16836.300000000
db.DormantConversionNotifiedActivity	2165.580000000	33747.490000000
db.DormantUser	-2352.640000000	31229.580000000
db.DormantUserEmail	-641.490000000	30175.160000000
db.DormantUserPhone	-1519.860000000	29609.700000000
db.DormantUserReactivationToken	-435.340000000	30308.550000000
db.ESOP	9547.100000000	16726.440000000
db.ESOPParticipant	9212.640000000	15933.120000000
db.EditableCompanyOwnerAuditLog	16520.820000000	9702.120000000
db.ElectronicCertificate	17090.620000000	16982.660000000
db.ElectronicCertificateApplicationFormDocument	7981.740000000	25178.330000000
db.ElectronicCertificateCaseReportDocument	8839.410000000	23451.900000000
db.ElectronicCertificateFileDownloadHistory	18269.300000000	17287.600000000
db.ElectronicCertificateFileUploadRequest	17480.570000000	16964.830000000
db.ElectronicCertificateFileUploaded	17682.100000000	17094.090000000
db.ElectronicCertificateReturnRequest	22257.840000000	19163.540000000
db.Email	24517.930000000	4471.090000000
db.EmailActivity	25687.010000000	25690.140000000
db.EmailActivityRecipient	25707.440000000	23157.050000000
db.EmailActivityRecipientStatusHistory	25989.320000000	24639.520000000
db.EmailVerification	25313.250000000	4771.020000000
db.Employee	8482.110000000	15006.110000000
db.EmployeeDepartmentCodeRelation	8971.260000000	14322.870000000
db.EmployeeGroup	11782.060000000	13930.960000000
db.EmployeeNumber	11658.140000000	14074.060000000
db.EmployeeOption	10404.540000000	12525.600000000
db.EmployeeOptionExerciseCandidate	11713.140000000	13309.560000000
db.EmployeeOptionExerciseCandidateFile	11107.430000000	12769.400000000
db.EmployeeOptionExerciseClaim	12819.360000000	13019.010000000
db.EmployeeOptionExerciseClaimOption	11687.160000000	12758.160000000
db.EmployeeOptionExerciseEvent	15762.200000000	17234.080000000
db.EmployeeOptionExerciseManagement	13556.660000000	13330.300000000
db.EmployeeOptionExerciseManagementEmail	13126.670000000	14361.530000000
db.EmployeeOptionGrantee	9038.360000000	13732.100000000
db.EmployeeOptionVesting	9194.190000000	13007.510000000
db.EmployeeOptionVestingItem	9099.440000000	13228.780000000
db.EmployeeOptionVestingTraceable	10136.790000000	13165.550000000
db.EmployeeStock	9387.230000000	15801.940000000
db.EmployeeStockDepositEvent	2207.480000000	33587.780000000
db.EmployeeStockGuide	9776.120000000	16375.650000000
db.EmployeeStockGuideAudience	9986.570000000	16009.720000000
db.EmployeeStockGuideEmail	12623.750000000	17121.180000000
db.EmployeeStockTag	9629.390000000	15955.440000000
db.EmployeeStockTagCategory	9434.760000000	16083.300000000
db.EmployeeStockWithdrawEvent	2209.560000000	33434.500000000
db.EmployeeStockWithdrawRequest	10733.080000000	17108.830000000
db.EmploymentCertificateDocumentRequest	13503.700000000	13557.220000000
db.EmploymentStatusHistory	11488.080000000	14223.510000000
db.Event	15593.980000000	16878.560000000
db.EventAttachment	15980.180000000	15723.000000000
db.ExpertClient	21773.900000000	14651.760000000
db.ExpertClientIncorporationSupport	21420.290000000	14858.420000000
db.ExpertClientSignupChannel	23956.660000000	14881.590000000
db.ExpertClientTaxServiceSettings	21631.940000000	14981.570000000
db.ExpressDelivery1	296.820000000	9751.890000000
db.ExternalStockInfo	15273.450000000	9838.810000000
db.FABContent	21526.410000000	18478.970000000
db.Faq	2177.320000000	33278.240000000
db.FaqLink	2118.770000000	33150.630000000
db.FeeReceiptDocument	16435.250000000	27650.160000000
db.Feed	29047.900000000	6455.510000000
db.FileAttachment	20598.000000000	18481.260000000
db.FileValueWithVisibility	38516.220000000	5852.360000000
db.FinanceAndInsurance	2148.110000000	33025.650000000
db.FinancialAccount	11392.430000000	16764.500000000
db.FinancialInstitution	11772.460000000	16282.780000000
db.FinancialStatementsDocument	19510.420000000	27404.860000000
db.FinancialStatementsForNewIssueFromConversionDocument	15817.760000000	23519.560000000
db.Fund	35420.420000000	13259.560000000
db.FundPartner	36673.070000000	13506.240000000
db.FundingNewsDistributionServiceRequest	18327.820000000	14553.880000000
db.HelpTemplate	8168.810000000	9671.660000000
db.HoldingCompany	20218.250000000	14322.240000000
db.Holiday	2118.770000000	32907.730000000
db.Hrm	-356.390000000	16108.850000000
db.HrmAlpConfig	-2244.960000000	15821.380000000
db.HrmAlpConfigIndivApprovalTemplateRel	-1742.610000000	15567.260000000
db.HrmAlpExcludedEmp	5703.100000000	17946.920000000
db.HrmAlpLaborReceiptRefusal	5065.980000000	18867.330000000
db.HrmAlpTarget	5115.000000000	18551.570000000
db.HrmAlpUsageDesignation	5670.780000000	18634.900000000
db.HrmAlpUsageDesignationDate	6166.500000000	18451.540000000
db.HrmAlpUsagePlan	5597.500000000	18227.950000000
db.HrmAlpUsagePlanDate	5897.760000000	18175.470000000
db.HrmAnnualLeave	3827.170000000	21729.880000000
db.HrmAnnualLeaveAdjustment	5408.650000000	18063.270000000
db.HrmAnnualLeaveConfigBase	3808.230000000	22570.430000000
db.HrmAnnualLeaveFiscalBasedConfig	4127.660000000	24999.650000000
db.HrmAnnualLeaveHireBasedConfig	3717.180000000	24185.100000000
db.HrmApprovable	2851.400000000	17825.270000000
db.HrmApproval	3678.540000000	18094.920000000
db.HrmApprovalLine	3607.760000000	18225.890000000
db.HrmApprovalReview	3067.920000000	18302.680000000
db.HrmApprovalTemplate	2230.100000000	18182.090000000
db.HrmApprovalTemplateLine	2521.100000000	18349.370000000
db.HrmApprovalTemplateReview	2100.940000000	18314.320000000
db.HrmApprover	2800.610000000	18494.630000000
db.HrmAttendance	4079.280000000	17916.320000000
db.HrmAttendanceItem	4564.650000000	17826.560000000
db.HrmCertificateConfig	-1108.800000000	16168.050000000
db.HrmCertificateConfigIndividualApprovalTemplateRelation	-1849.440000000	16640.610000000
db.HrmCertificateIssue	5573.040000000	16613.210000000
db.HrmCommonLocation	4978.550000000	15589.990000000
db.HrmCompensatoryLeave	1848.750000000	20714.810000000
db.HrmConciergeRequest	17969.890000000	10220.160000000
db.HrmCustomLeave	2361.520000000	20714.810000000
db.HrmDailyLeaveUsageItem	5320.710000000	20678.890000000
db.HrmDept	319.160000000	18718.810000000
db.HrmDeptAbolishedEvent	23.720000000	22557.040000000
db.HrmDeptCreatedEvent	-163.900000000	20698.040000000
db.HrmDeptEventBase	-1137.350000000	20323.800000000
db.HrmDeptName	-1293.110000000	19564.250000000
db.HrmDeptNameChangedEvent	-1052.940000000	19778.270000000
db.HrmDeptNameEventBase	-1492.650000000	20081.280000000
db.HrmDeptParent	-430.080000000	19559.560000000
db.HrmDeptParentChangedEvent	-951.480000000	19976.700000000
db.HrmDeptParentEventBase	-223.300000000	20002.550000000
db.HrmDeptReorg	-1052.440000000	15329.810000000
db.HrmDeptStatus	177.610000000	19781.420000000
db.HrmDeptStatusEventBase	-48.490000000	21370.100000000
db.HrmDocument	2089.010000000	15600.270000000
db.HrmDocumentDraft	1168.010000000	14375.070000000
db.HrmDocumentDraftFieldAttachment	656.370000000	11325.100000000
db.HrmDocumentDraftFieldMultiSelectValue	-674.940000000	13293.530000000
db.HrmDocumentDraftFieldValue	-457.070000000	12913.030000000
db.HrmDocumentFieldAttachment	-570.980000000	14235.680000000
db.HrmDocumentFieldMultiSelectValue	-263.800000000	13816.560000000
db.HrmDocumentFieldValue	101.670000000	14026.580000000
db.HrmDocumentForm	40.430000000	14499.870000000
db.HrmDocumentFormFieldDefinition	-2329.130000000	13963.940000000
db.HrmDocumentFormFieldSelectOption	-985.440000000	13481.450000000
db.HrmDocumentFormIndividualApprovalTemplateRelation	-821.020000000	14693.350000000
db.HrmEmp	4597.730000000	18097.890000000
db.HrmEmpAbsenceEvent	4722.090000000	15706.330000000
db.HrmEmpAffiliation	2513.330000000	17774.290000000
db.HrmEmpAffiliationChangedEvent	3161.450000000	16915.390000000
db.HrmEmpAffiliationDept	2307.990000000	17948.540000000
db.HrmEmpAffiliationEventBase	3769.460000000	17260.490000000
db.HrmEmpContract	3984.860000000	35217.540000000
db.HrmEmpContractCommonVar	49.650000000	15633.330000000
db.HrmEmpContractMgmt	1825.660000000	24389.180000000
db.HrmEmpContractModusignDocument	28671.230000000	37353.530000000
db.HrmEmpContractTemplate	-1885.290000000	20239.410000000
db.HrmEmpContractTemplateRevision	-882.460000000	22336.340000000
db.HrmEmpContractTemplateRevisionSigner	-1777.320000000	22867.670000000
db.HrmEmpDepartedEvent	5827.560000000	15847.510000000
db.HrmEmpEmploymentType	4563.420000000	17322.420000000
db.HrmEmpEmploymentTypeChangedEvent	4779.810000000	17135.350000000
db.HrmEmpEmploymentTypeEventBase	4633.210000000	17016.760000000
db.HrmEmpEventBase	4256.530000000	16987.710000000
db.HrmEmpJob	2478.020000000	16646.210000000
db.HrmEmpJobChangedEvent	3528.400000000	16262.030000000
db.HrmEmpJobEventBase	3834.820000000	16828.140000000
db.HrmEmpJobLevel	1703.090000000	16778.290000000
db.HrmEmpJobPosition	1869.730000000	16469.740000000
db.HrmEmpJobRole	1458.390000000	16586.070000000
db.HrmEmpJobTitle	1350.570000000	15927.320000000
db.HrmEmpJoinedEvent	5000.790000000	16479.590000000
db.HrmEmpMov	546.850000000	15753.360000000
db.HrmEmpReturnToWorkEvent	5160.220000000	15706.330000000
db.HrmEmpSalaryAccount	9991.980000000	16665.660000000
db.HrmEmpStatus	6789.930000000	16159.110000000
db.HrmEmpStatusEventBase	5278.440000000	15900.250000000
db.HrmEmpUserInvitation	2824.010000000	18046.630000000
db.HrmEmpUserInvitationInvitee	2565.360000000	18191.940000000
db.HrmEmpWorkAssignment	3259.740000000	18850.980000000
db.HrmEmpWorkLocationAssignment	4071.290000000	16168.380000000
db.HrmEmpWorkLocationConfig	4173.420000000	16736.650000000
db.HrmFamilyCareLeave	1848.750000000	20831.150000000
db.HrmFixedWork	1862.480000000	18752.280000000
db.HrmFixedWorkSchedule	1972.180000000	18635.920000000
db.HrmGoogleCalendarIntegration	-617.860000000	15446.140000000
db.HrmGrantableLeave	3511.310000000	20205.280000000
db.HrmInfertilityTreatmentLeave	2958.700000000	20295.720000000
db.HrmLeaveBase	3123.810000000	20875.980000000
db.HrmLeaveCommonConfig	1848.750000000	20947.470000000
db.HrmLeaveGrant	3891.670000000	19220.850000000
db.HrmLeaveIndividualApprovalTemplateRelation	1391.640000000	19944.920000000
db.HrmLeaveUsage	6783.220000000	18401.530000000
db.HrmLeaveUsageAttachment	7052.990000000	19366.110000000
db.HrmLeaveUsageItem	4987.190000000	19380.260000000
db.HrmMaternityLeave	1848.750000000	21063.810000000
db.HrmMenstrualLeave	2414.690000000	21310.910000000
db.HrmMiscarriageLeave	1848.750000000	21180.150000000
db.HrmOngoingAttendance	5991.960000000	16943.330000000
db.HrmOngoingAttendanceClockedSchedule	6780.130000000	16691.750000000
db.HrmPaternityLeave	2361.520000000	21180.150000000
db.HrmPersonalLocation	6485.240000000	16235.550000000
db.HrmRequestor	1280.730000000	19176.890000000
db.HrmReserveTrainingLeave	2208.500000000	21626.570000000
db.HrmSigner	-906.390000000	15947.330000000
db.HrmStaffNote	-1395.830000000	16024.590000000
db.HrmStaggeredWork	691.980000000	19541.330000000
db.HrmStaggeredWorkSchedule	1392.110000000	20462.030000000
db.HrmStandardWork	-1139.190000000	16745.300000000
db.HrmStandardWorkSchedule	-1535.310000000	17678.600000000
db.HrmTag	-1052.440000000	15678.810000000
db.HrmWorkAutoClockOutConfig	1088.800000000	18939.260000000
db.HrmWorkBase	1847.810000000	19049.800000000
db.HrmWorkIndividualApprovalTemplateRelation	2529.200000000	19068.790000000
db.HrmWorkLocation	3479.700000000	15389.200000000
db.HrmWorkLocationGpsConfig	5070.000000000	15006.200000000
db.HrmWorkOvertime	1183.850000000	18822.910000000
db.IBKSignupChannel	25992.530000000	14587.210000000
db.IBKUser	25996.990000000	14347.150000000
db.IBKUserLoginToken	25917.240000000	14463.500000000
db.IaAccountInfo	34338.790000000	18221.220000000
db.IaCertificateOfInvestmentDocument	36857.230000000	18549.910000000
db.IaCertificateOfInvestmentDocumentEmail	-2535.840000000	20183.330000000
db.IaCertificateOfInvestmentDocumentRecipient	-2482.450000000	20031.400000000
db.IaConfirmationRequest	25665.110000000	19003.280000000
db.IaConsentForm	35974.790000000	18624.010000000
db.IaConsentFormDocument	36277.450000000	18486.410000000
db.IaConsentFormOrMeeting	33644.950000000	19224.860000000
db.IaConsentFormOrMeetingDocumentGeneration	34108.800000000	19195.450000000
db.IaConsentFormOrMeetingDocumentGenerationItem	35086.810000000	19153.800000000
db.IaConsentFormOrMeetingElectronicSignatureRequest	32965.490000000	20797.130000000
db.IaConsentFormOrMeetingElectronicSignatureRequestModusignDocument	30966.800000000	20855.650000000
db.IaConsentFormOrMeetingElectronicSignatureRequestModusignEmbeddedDraft	30939.960000000	21625.150000000
db.IaConsentFormOrMeetingElectronicSignatureRequestStatusHistory	32749.540000000	21512.250000000
db.IaConsentFormOrMeetingElectronicSignatureRequestUploadedModusignDocument	29110.100000000	21178.460000000
db.IaConsentFormOrMeetingElectronicSignatureRequiredDocument	33824.930000000	19907.100000000
db.IaConsentFormOrMeetingEsigRequiredDocumentPageRange	34725.020000000	19784.960000000
db.IaConsentFormOrMeetingGuideEmail	33915.660000000	18881.720000000
db.IaConsentFormOrMeetingGuideEmailRecipient	33866.160000000	18667.920000000
db.IaDocumentArchive	32622.420000000	14985.370000000
db.IaDocumentArchiveAttachment	32132.030000000	15120.660000000
db.IaExpertPartnerBulkEmailTemplate	21503.180000000	15197.370000000
db.IaExplanationFormForElectronicSignatureDocument	37684.680000000	18562.240000000
db.IaFoundingMeetingEvent	2156.430000000	32782.760000000
db.IaFoundingProgressStatus	32137.590000000	17617.970000000
db.IaGpAppointmentEvent	35630.020000000	17882.130000000
db.IaGpTerminationEvent	35964.140000000	18188.760000000
db.IaInvestmentCertificateRegistrationRequest	39601.850000000	19820.120000000
db.IaLegalPartnerRelation	26362.710000000	15328.470000000
db.IaMeeting	34138.420000000	20533.370000000
db.IaMeetingAgenda	35593.940000000	20526.020000000
db.IaMeetingAgendaCustom	36007.310000000	20865.890000000
db.IaMeetingAgendaVote	35301.940000000	22569.070000000
db.IaMeetingConvocationNoticeEmail	35116.400000000	22114.160000000
db.IaMeetingConvocationNoticeRecipient	34925.320000000	21247.860000000
db.IaMeetingMinutesDocument	35167.670000000	20024.040000000
db.IaMeetingNoticeDocument	34859.250000000	19907.680000000
db.IaMeetingSealedNoticeDocumentFile	30571.630000000	19789.680000000
db.IaMeetingShortenPeriodDocument	36218.080000000	20264.440000000
db.IaModusignDocumentUsageHistory	28302.560000000	15197.270000000
db.IaOperation	34838.460000000	16406.470000000
db.IaOperationManagement	34604.760000000	16625.020000000
db.IaOwner	34650.340000000	17147.440000000
db.IaOwnerAuditLog	24453.790000000	6559.520000000
db.IaPartnerDataCollection	25876.870000000	17807.510000000
db.IaPartnerDataCollectionItem	25408.430000000	17927.610000000
db.IaPartnerDataCollectionItemReply	25657.080000000	18080.510000000
db.IaPartnerInvestmentConfirmation	35374.760000000	17084.150000000
db.IaPartnerInvestmentConfirmationEmail	11790.480000000	5721.770000000
db.IaPartnerInvestmentConfirmationEmailRecipient	11988.710000000	5605.040000000
db.IaPartnerListDocument	35691.030000000	19092.870000000
db.IaPaymentLink	26732.340000000	13646.770000000
db.IaPfCompany	33126.590000000	19028.370000000
db.IaPfCompanyInvestment	32792.450000000	20660.950000000
db.IaPfCompanyInvestmentSalesIntent	35089.920000000	23036.610000000
db.IaPfCompanyInvestmentStock	31364.470000000	20463.930000000
db.IaQuestionThread	26767.940000000	13873.440000000
db.IaRule	27755.900000000	19274.060000000
db.IaRuleCompensation	28157.610000000	19182.330000000
db.IaRuleDocument	30123.300000000	19206.450000000
db.IaRuleInvestment	28074.360000000	19646.070000000
db.IaRuleMeeting	28234.230000000	19021.060000000
db.IaRulePartner	28391.320000000	19426.630000000
db.IaSealStamp	23437.560000000	18072.370000000
db.IaSealStampImage	22316.280000000	18357.560000000
db.IaShareTransferEvent	2138.530000000	32652.990000000
db.IaUserInvitation	34067.180000000	16806.070000000
db.IaUserInvitationInvitee	37235.610000000	16622.770000000
db.IaWrittenResolutionDocument	36357.360000000	19874.910000000
db.ImAcVcBroker	29305.820000000	12318.250000000
db.ImAccessLog	30786.910000000	11218.880000000
db.ImAttachment	32688.530000000	11196.540000000
db.ImAttachmentDownloadLog	34414.380000000	11738.540000000
db.ImAttachmentPdfEvent	34246.140000000	11544.990000000
db.ImBroker	33590.560000000	12119.110000000
db.ImBrokerAssignment	29401.240000000	11667.760000000
db.ImBrokerAssignmentInvitedUser	31977.420000000	11832.800000000
db.ImConsultingRequest	26900.690000000	9479.390000000
db.ImContactRequest	30649.960000000	11530.260000000
db.ImContactRequestIntention	30268.900000000	11313.930000000
db.ImDay	34051.560000000	10892.450000000
db.ImDayParticipation	33051.620000000	10523.740000000
db.ImDayParticipationAttachment	32637.300000000	10244.950000000
db.ImDaySurvey	33771.620000000	11021.230000000
db.ImDisclosing	29367.730000000	9719.700000000
db.ImIndividualGpBroker	31595.270000000	12389.180000000
db.ImInvestorBroker	35212.310000000	12301.030000000
db.ImInvestorMemo	29979.820000000	11536.550000000
db.ImIrPartnerBroker	31177.900000000	12056.080000000
db.ImIrPartnerBrokerOwnerRelation	30640.060000000	12176.110000000
db.ImNote	29058.620000000	10352.950000000
db.ImPitchingDay	32993.460000000	10338.950000000
db.ImPitchingDayParticipation	31629.290000000	10004.850000000
db.ImTag	30697.870000000	10380.170000000
db.ImWatching	28318.700000000	8932.290000000
db.ImZuzuBroker	32040.640000000	12199.590000000
db.InauguralConsentDocument	13360.280000000	23258.040000000
db.IncorporationBenefitRequest	22027.660000000	15193.970000000
db.IncorporationIssueEvent	2201.240000000	32531.810000000
db.IncorporationRequest	21787.990000000	15939.750000000
db.IncorporationRequestAoiFile	22237.850000000	15747.320000000
db.IncorporationRequestAssistance	22378.310000000	15986.230000000
db.IncorporationRequestAssistanceReceipt	22594.240000000	16394.390000000
db.IncorporationRequestDirector	22742.370000000	17411.160000000
db.IncorporationRequestPromoter	23352.040000000	17625.180000000
db.IncorporationRequestPromoterInstitutionCeo	23502.500000000	17475.790000000
db.IncorporationRequestPurpose	21204.820000000	16071.030000000
db.IndividualInvestorCompany	32645.280000000	25854.000000000
db.IndividualInvestorCompanyCeo	27502.640000000	21973.950000000
db.IndividualInvestorCompanyInfo	29751.030000000	24277.610000000
db.IndividualInvestorCompanyName	34899.160000000	25159.530000000
db.IndividualInvestorCompanyParValue	31415.050000000	25417.620000000
db.IndividualInvestorCompanyShareClass	32081.730000000	27270.080000000
db.IndividualInvestorCompanyShareStock	31607.910000000	26537.910000000
db.IndividualInvestorEvent	37058.610000000	28015.000000000
db.IndividualInvestorStakeholder	29443.040000000	22769.950000000
db.IndividualInvestorUser	25699.910000000	20254.630000000
db.IndividualStakeholder	7706.900000000	21949.630000000
db.IndividualStockOption	30302.050000000	23184.190000000
db.IndividualStockOptionCancelEvent	38512.750000000	28712.920000000
db.IndividualStockOptionCreateRequest	31498.120000000	23007.530000000
db.IndividualStockOptionCreateRequestEtcFile	32733.960000000	22974.870000000
db.IndividualStockOptionExerciseEvent	38904.610000000	29780.790000000
db.IndividualStockOptionGrantContract	29874.990000000	22856.260000000
db.IndividualStockOptionGrantEvent	37210.610000000	26290.130000000
db.IndividualStockOptionGrantee	29886.920000000	22105.000000000
db.IndividualStockOptionPauseEvent	32609.070000000	27294.800000000
db.IndividualStockOptionResumeEvent	33427.840000000	29415.170000000
db.IndividualStockOptionSalesIntent	33871.440000000	23104.960000000
db.IndividualStockOptionVesting	31115.130000000	23588.270000000
db.IndividualStockOptionVestingItem	31246.150000000	23376.520000000
db.IndividualStockOptionVestingTraceable	30760.040000000	22810.280000000
db.IndustrialCode	17222.040000000	14714.230000000
db.InputChannel	26670.220000000	15292.880000000
db.InputSignupChannel	26042.350000000	15062.230000000
db.InstitutionStakeholder	10053.540000000	21163.140000000
db.InstitutionStakeholderManager	10025.120000000	21608.220000000
db.InternetRegistryOfficeOtp	16944.570000000	16266.610000000
db.InternetRegistryOfficeOtpReturnRequest	22257.290000000	19465.300000000
db.InvestmentAssociation	30640.030000000	16626.440000000
db.InvestmentAssociationAssociationPartner	36436.020000000	15881.740000000
db.InvestmentAssociationAssociationPartnerManager	2224.130000000	32387.390000000
db.InvestmentAssociationCorporationPartner	39243.000000000	15928.320000000
db.InvestmentAssociationCorporationPartnerManager	2224.130000000	32210.420000000
db.InvestmentAssociationDocument	35907.410000000	19318.340000000
db.InvestmentAssociationEvent	33374.490000000	17645.020000000
db.InvestmentAssociationIndividualPartner	36542.720000000	17081.850000000
db.InvestmentAssociationIndividualPartnerLegalRepresentative	37242.870000000	17023.710000000
db.InvestmentAssociationOrganizationPartner	38202.900000000	16865.840000000
db.InvestmentAssociationOrganizationPartnerCeo	39110.800000000	16798.500000000
db.InvestmentAssociationOrganizationPartnerCorporationSigner	38679.400000000	14867.670000000
db.InvestmentAssociationOrganizationPartnerCorporationSignerCeo	38903.230000000	14996.180000000
db.InvestmentAssociationOrganizationPartnerIndividualSigner	37772.830000000	14926.000000000
db.InvestmentAssociationOrganizationPartnerManager	35014.640000000	15442.040000000
db.InvestmentAssociationOrganizationPartnerSigner	37981.840000000	15094.320000000
db.InvestmentAssociationPartner	39613.450000000	18219.210000000
db.InvestmentAssociationPartnerManager	38084.060000000	17542.620000000
db.InvestmentAssociationPartnerResume	41089.520000000	16699.980000000
db.InvestmentAssociationPartnerResumeItem	41261.290000000	16335.510000000
db.InvestmentAssociationPartnerSalesIntent	37064.430000000	21825.270000000
db.InvestmentAssociationShare	34499.430000000	17510.670000000
db.RtccConsentSummary	14065.710000000	11006.500000000
db.InvestmentAgreementDocument	18318.210000000	15351.650000000
db.InvestmentContractHolder	11732.640000000	15525.410000000
db.InvestmentRound	16147.260000000	10667.720000000
db.InvestmentRoundNewIssueEvent	16157.020000000	10141.330000000
db.InvestmentSimulation	12924.670000000	6711.900000000
db.InvestmentSimulationInitialOption	11177.660000000	6607.770000000
db.InvestmentSimulationInitialOptionGrantee	11985.170000000	6775.730000000
db.InvestmentSimulationInitialShareholder	9824.840000000	5938.700000000
db.InvestmentSimulationInitialStock	7871.780000000	3928.660000000
db.InvestmentSimulationInvestor	18163.260000000	3902.350000000
db.InvestmentSimulationNewIssueInvestment	17640.260000000	5386.720000000
db.InvestmentSimulationPurchaseInvestment	21272.200000000	5632.790000000
db.InvestmentSimulationPurchaseSellStock	21658.680000000	5152.180000000
db.InvestmentSimulationRound	14170.500000000	6335.890000000
db.InvestorInterest	39531.960000000	13537.330000000
db.InvestorMatching	28392.250000000	10902.940000000
db.InvestorRelations	30571.810000000	7547.150000000
db.InvestorRelationsSurvey	35740.780000000	10474.050000000
db.InvitationSeat	9279.050000000	12678.830000000
db.InvitationSeatRequest	9915.700000000	11274.390000000
db.IrAiAnalysis	31388.630000000	7081.250000000
db.IrAiAnalysisLike	31917.290000000	6646.560000000
db.IrAiSummary	32321.410000000	7232.940000000
db.IrAlert	35137.980000000	9483.460000000
db.IrAlertInvestorRelations	34053.660000000	9196.450000000
db.IrApproval	30688.260000000	7015.060000000
db.IrApprovalNotificationDismiss	30812.760000000	6677.000000000
db.IrBrokerActivity	30288.710000000	8264.000000000
db.IrClosing	33095.910000000	6666.620000000
db.IrClosingComplete	31947.570000000	5104.940000000
db.IrClosingExpired	33081.580000000	7227.720000000
db.IrClosingIncomplete	34296.600000000	6702.610000000
db.IrCommittedInvestmentAmount	34691.640000000	10060.330000000
db.IrCompanyCreate	17508.560000000	9782.120000000
db.IrConsultingRequest	27917.620000000	9936.000000000
db.IrFeed	30218.710000000	7470.250000000
db.IrFeedAccessLog	33649.640000000	9723.230000000
db.IrFeedRating	29754.530000000	7514.190000000
db.IrFundRaising	36197.400000000	7542.870000000
db.IrFundRaisingMemo	35241.950000000	7814.950000000
db.IrFundRaisingStageLog	35538.460000000	5210.650000000
db.IrInsightClub	36022.900000000	8812.320000000
db.IrInsightClubParticipation	35203.690000000	8040.500000000
db.IrInsightClubParticipationAttendee	34758.550000000	7682.410000000
db.IrInsightClubSurvey	35749.070000000	8117.810000000
db.IrInvestorFeedback	38085.080000000	12752.570000000
db.IrNote	32708.020000000	7378.720000000
db.IrSearchMetadata	32421.670000000	8076.340000000
db.IrSubscription	13736.370000000	7699.700000000
db.IrSubscriptionMarketingRequest	14288.520000000	7951.100000000
db.IrSyncState	2177.320000000	32033.430000000
db.IrTeamMember	32708.020000000	7495.060000000
db.IrTranscript	32296.690000000	7611.390000000
db.IrosOtpIssueMeetingDocument	9819.010000000	22768.560000000
db.Jurisdiction	13195.120000000	9893.680000000
db.LawtalkSignup	17803.320000000	15118.380000000
db.LawtalkSignupAttachment	17985.540000000	15395.520000000
db.LedgerByCustomerDocument	16224.260000000	22678.290000000
db.LegalPartner	22464.390000000	14743.570000000
db.LegalPartnerEmail	22950.840000000	14222.250000000
db.LegalPartnerPaypleSettings	23424.910000000	15653.780000000
db.LegalPartnerRegistrationAssistanceSettings	22741.400000000	16155.000000000
db.LegalPartnerSignupChannel	24091.060000000	14334.870000000
db.LegalPartnerSlackChannels	23040.850000000	14960.460000000
db.LegalPartnerUserRelation	23215.690000000	15956.360000000
db.ManualOptionVesting	14502.150000000	18584.920000000
db.ManualOptionVestingItem	14425.040000000	18701.720000000
db.ManualProduct	24418.060000000	12104.650000000
db.Meeting	17233.860000000	17572.490000000
db.MeetingAttachment	18188.380000000	17551.120000000
db.MeetingAttorney	17616.480000000	17320.930000000
db.MeetingDirectorContact	14492.140000000	17969.580000000
db.MeetingDocument	14795.690000000	26090.280000000
db.MeetingDocumentCache	19897.530000000	26871.050000000
db.MeetingDocumentGeneration	18517.140000000	19591.740000000
db.MeetingDocumentGenerationItem	22140.000000000	27078.700000000
db.MeetingDocumentManualModification	17739.980000000	26275.710000000
db.MeetingDraft	16453.570000000	20550.550000000
db.MeetingDraftAgendaDirectorChange	13419.150000000	20387.310000000
db.MeetingDraftAgendaDirectorCompensation	15000.480000000	20076.560000000
db.MeetingDraftAgendaDirectorCompensationItem	13841.970000000	19920.210000000
db.MeetingDraftRegistrationAssistance	16257.880000000	20141.650000000
db.MeetingDraftSchedule	15655.970000000	20390.330000000
db.MeetingPrice	2118.770000000	31905.820000000
db.MembershipContent	-1413.060000000	5003.390000000
db.MembershipContentAccessLog	-2106.830000000	4462.940000000
db.MembershipContentAuthor	27606.230000000	25297.810000000
db.MembershipContentAuthorRelation	27857.380000000	25554.240000000
db.MiraeassetAccount	7011.680000000	11921.840000000
db.Mna	27866.050000000	10690.770000000
db.MnaBuyer	13095.590000000	7813.990000000
db.MnaBuyerAttachment	12351.520000000	8372.750000000
db.MnaConsultingRequest	26782.090000000	9704.120000000
db.ModusignAccount	22159.980000000	20162.780000000
db.ModusignApiKey	22876.930000000	21061.150000000
db.ModusignApiLog	22357.060000000	19992.710000000
db.ModusignAuthentication	22509.870000000	20119.490000000
db.ModusignAuthorizationRequest	2166.840000000	31780.850000000
db.ModusignCompanyUserConnection	25561.760000000	9419.330000000
db.ModusignDocument	23743.800000000	20640.230000000
db.ModusignDocumentActionHistory	24306.860000000	20499.800000000
db.ModusignDocumentModusignAccountRelation	22782.610000000	20273.510000000
db.ModusignDocumentModusignApiKeyRelation	23127.790000000	20817.040000000
db.ModusignDocumentParticipant	24093.740000000	20179.280000000
db.ModusignEmbeddedDraft	23275.550000000	21972.950000000
db.ModusignExceededSignings	19315.150000000	10138.880000000
db.ModusignIaUserConnection	31186.450000000	15799.840000000
db.NaverWorkplaceAuthentication	2211.650000000	31653.540000000
db.NaverWorkplaceCompany	27247.950000000	15048.270000000
db.NaverWorkplaceEmployee	26926.890000000	14900.910000000
db.NcpSignupChannel	26787.840000000	15017.260000000
db.NewCeoCertificateOfSealDocument	17119.710000000	28610.820000000
db.NewCeoResidentRegistrationDocument	17468.030000000	29366.280000000
db.NewIssueEvent	16054.350000000	9663.330000000
db.NewIssueNoticeEmail	13076.060000000	20755.060000000
db.NewIssueNoticeEmailRecipient	13381.330000000	20615.870000000
db.NewIssueSkipNoticeDocument	15129.640000000	23042.450000000
db.NewIssueStockAcceptanceDocument	17931.810000000	26064.260000000
db.NewIssueStockAllocationDocument	18409.960000000	24094.120000000
db.NewIssueStockAllocationRecordDateNoticeDocument	20323.680000000	24183.690000000
db.NewIssueStockSubscriptionDocument	17581.690000000	25266.720000000
db.NewIssueStockUnissuedConfirmationDocument	18346.820000000	25457.280000000
db.NewPartnerInvestmentEvent	2224.130000000	31494.340000000
db.NonUnifiedShareCreateRequest	31254.970000000	28103.240000000
db.NonUnifiedShareEtcFile	30962.860000000	27315.920000000
db.NonUnifiedShareManagement	31599.390000000	26162.160000000
db.NonUnifiedShareManagementHistory	30320.120000000	26788.960000000
db.NonUnifiedShareManagementSalesIntent	35133.620000000	24829.100000000
db.NonUnifiedShareStockUnissuedConfirmationFile	31500.020000000	29226.320000000
db.NonUnifiedShareSucPoaDocument	25940.610000000	21795.320000000
db.NonUnifiedShareSucPoaModusignDocument	24961.940000000	21028.880000000
db.NonUnifiedShareSucRenewRequest	29946.440000000	26719.330000000
db.NotarizationPoA	15645.600000000	22977.130000000
db.NotarizationPoaDirectorSigner	15156.990000000	22873.210000000
db.NotarizationPoaDocument	20061.610000000	27104.320000000
db.NotarizationPoaShareholderSigner	15975.250000000	22932.910000000
db.Notification	14968.370000000	9515.950000000
db.NotificationInbox	14932.570000000	9322.960000000
db.Option	16785.260000000	17363.990000000
db.OptionAdjustment	15395.690000000	15683.630000000
db.OptionAttachment	2184.610000000	31317.350000000
db.OptionCancelEvent	2188.770000000	31196.640000000
db.OptionContractTemplatePermission	18464.590000000	13024.990000000
db.OptionExerciseClaim	11339.330000000	17767.690000000
db.OptionExerciseClaimAttachment	12948.260000000	17550.790000000
db.OptionExerciseClaimCandidate	12388.710000000	17650.290000000
db.OptionExerciseClaimDocumentSetting	13240.580000000	16700.920000000
db.OptionExerciseClaimEventRelation	11377.550000000	18212.180000000
db.OptionExerciseClaimMeetingDocument	13191.950000000	22180.610000000
db.OptionExerciseClaimOption	11792.530000000	17824.800000000
db.OptionExerciseClaimOptionTaxation	11941.440000000	17967.430000000
db.OptionExerciseClaimPayment	11828.600000000	18085.860000000
db.OptionExerciseEvent	11212.910000000	18393.700000000
db.OptionExerciseManagement	13424.310000000	16090.490000000
db.OptionExerciseManagementAttachmentSetting	12622.630000000	16785.150000000
db.OptionExerciseManagementAttachmentSettingItem	12928.130000000	17397.730000000
db.OptionExerciseManagementEmail	13815.430000000	16479.300000000
db.OptionExerciseManagementReminderSetting	13975.910000000	16079.540000000
db.OptionExerciseManagementTaxation	12921.010000000	16222.520000000
db.OptionExerciseManagementTaxationDefaultSetting	17697.530000000	9073.960000000
db.OptionGrantContract	20831.980000000	18988.080000000
db.OptionGrantContractCeo	19652.760000000	15358.910000000
db.OptionGrantContractFirstRefusalRightHolder	19675.630000000	15241.710000000
db.OptionGrantContractModusignDocument	22165.740000000	20383.560000000
db.OptionGrantContractModusignEmbeddedDraft	21892.570000000	20664.620000000
db.OptionGrantContractStakeholder	19188.590000000	15259.860000000
db.OptionGrantContractTemplate	19456.180000000	16143.680000000
db.OptionGrantContractTemplateDraft	17483.170000000	13765.330000000
db.OptionGrantContractTemplateRevision	20255.190000000	16450.180000000
db.OptionGrantEvent	14998.040000000	18490.750000000
db.OptionGrantee	13937.960000000	19159.720000000
db.OptionManagement	15122.340000000	19780.110000000
db.OptionManagementStakeholderSeat	14329.160000000	19321.850000000
db.OptionPauseEvent	34414.960000000	4495.120000000
db.OptionQuantityTimeSeries	2205.410000000	31070.000000000
db.OptionResumeEvent	34647.280000000	4319.760000000
db.OptionTag	14446.890000000	13996.620000000
db.OptionTagCategory	14295.630000000	13866.100000000
db.OptionTaxCalculatorSetting	21702.030000000	9938.590000000
db.OptionValueChange	16152.490000000	10799.370000000
db.OptionVesting	14547.540000000	18404.660000000
db.OptionVestingTraceable	2199.200000000	30919.690000000
db.OptionWithdrawEvent	14936.110000000	16295.520000000
db.Order	1677.930000000	8262.360000000
db.OrderPromotionRelation	2974.920000000	9596.410000000
db.OrderStaffInChargeRelation	1459.580000000	6709.380000000
db.OrderStatusHistory	417.310000000	9973.800000000
db.OrganizationChart	12332.790000000	13434.200000000
db.OtherDocumentArchive	19538.850000000	16288.390000000
db.OtherDocumentArchiveAttachment	20130.310000000	17118.720000000
db.OwnerPermission	8351.690000000	10529.470000000
db.OwnerRole	9504.400000000	11068.820000000
db.OwnerRolePermissionRelation	8919.490000000	10688.990000000
db.PageNumberUpdatedPdfEvent	34716.600000000	11488.540000000
db.PasswordReset	2178.360000000	30778.250000000
db.Payment	21225.980000000	13456.820000000
db.PaymentLink	25639.570000000	13070.130000000
db.PaymentRefund	21585.320000000	13330.960000000
db.PaymentStatusHistory	21414.280000000	13214.610000000
db.PaymentStore	24597.340000000	14004.150000000
db.PaymentTermPartnerInvestmentEvent	2165.580000000	30649.160000000
db.Payroll	4817.190000000	4861.690000000
db.PayrollAnnualSalaryInfo	7621.470000000	14205.820000000
db.PayrollAnnualSalaryItem	7375.370000000	13080.110000000
db.PayrollDocumentSealStampSetting	16174.380000000	14750.250000000
db.PayrollEmployeeMonthlyWage	4069.360000000	18559.070000000
db.PayrollLedger	11319.630000000	15134.180000000
db.PayrollLedgerAttachment	10699.400000000	14713.360000000
db.PayrollLedgerFile	11155.250000000	14706.460000000
db.PayrollLedgerFileModificationRequest	11692.290000000	14527.540000000
db.PayrollLedgerItem	5185.850000000	12501.090000000
db.PayrollLedgerItemSettingRelation	6421.570000000	12436.410000000
db.PayrollManagementRelation	7556.880000000	7171.980000000
db.PayrollSetting	5270.490000000	11863.730000000
db.PayrollSettlement	10867.400000000	9303.800000000
db.PayrollSettlementAutoCreation	9297.170000000	8989.420000000
db.PayrollSettlementProgressLog	10461.910000000	9729.730000000
db.PayrollSocialInsuranceSetting	-401.720000000	16905.250000000
db.PayrollStaffUserRelation	4333.200000000	5086.740000000
db.PayrollStatement	8736.540000000	15774.690000000
db.PayrollStatementAttendance	8510.920000000	15628.140000000
db.PayrollStatementDocument	10166.380000000	15686.570000000
db.PayrollStatementEmail	10416.870000000	17954.850000000
db.PayrollStatementEmailRecipient	10256.950000000	18491.230000000
db.PayrollStatementItem	7364.260000000	12289.590000000
db.PayrollStatementPayrollInformation	8603.840000000	16008.970000000
db.PayrollStatementScheduledEmail	9903.880000000	17178.290000000
db.PayrollStatementScheduledEmailPeriodicTaskRelation	9880.580000000	17337.900000000
db.PdfEvent	34160.830000000	11419.220000000
db.PerformanceRsuVestingItem	14627.520000000	14809.230000000
db.PeriodPhantomStockVestingItem	8731.390000000	18330.370000000
db.PeriodRsuVestingItem	14711.590000000	14612.150000000
db.PeriodicOptionVesting	14086.600000000	18557.730000000
db.PeriodicOptionVestingItem	14188.300000000	18408.380000000
db.PhantomStock	9171.120000000	17044.490000000
db.PhantomStockCancelEvent	14624.770000000	17135.060000000
db.PhantomStockExerciseEvent	15391.120000000	17288.190000000
db.PhantomStockGrantContract	8533.010000000	17372.430000000
db.PhantomStockGrantEvent	14759.790000000	16942.490000000
db.PhantomStockGrantee	9233.690000000	18162.560000000
db.PhantomStockPauseEvent	15482.240000000	16189.190000000
db.PhantomStockResumeEvent	15366.630000000	16335.320000000
db.PhantomStockVesting	8580.700000000	17647.900000000
db.PhantomStockVestingItem	8463.420000000	17968.480000000
db.PhantomStockVestingTraceable	8789.740000000	17821.380000000
db.Phone	3397.880000000	12513.440000000
db.PhoneVerification	5641.730000000	14020.790000000
db.PingpongDelivery	20538.970000000	12331.330000000
db.PingpongDeliveryAddress	23731.300000000	14303.970000000
db.PipedriveSettings	2186.710000000	30489.450000000
db.PitchingDayHall	35450.860000000	8697.320000000
db.PitchingDayHallAccessLog	35664.500000000	8958.360000000
db.PitchingDayHallAssignedIrs	33284.860000000	7995.090000000
db.Playbook	-1687.730000000	4462.940000000
db.PortalAcademyGuide	2190.870000000	30365.780000000
db.PortalAcademyGuideSubject	2207.480000000	30236.200000000
db.PortalMenuVisibilitySetting	16713.940000000	10312.860000000
db.PortalOptionGuide	2188.770000000	30082.900000000
db.PortalSetting	18017.530000000	9259.480000000
db.PortfolioCompany	30797.170000000	14232.170000000
db.PortfolioCompanyFund	32095.580000000	14434.460000000
db.PortfolioCompanyManager	30530.350000000	16064.310000000
db.PortfolioCompanyUserRelation	30944.110000000	14433.080000000
db.Post	-1985.340000000	4975.530000000
db.Price	2177.320000000	29956.280000000
db.PrivacyPolicy	157.490000000	29866.210000000
db.PrivacyPolicyLog	133.150000000	30033.870000000
db.Product	24722.260000000	12237.790000000
db.Promotion	3597.490000000	8934.050000000
db.PromotionAddress	3501.360000000	7165.100000000
db.PromotionCode	26161.780000000	12351.140000000
db.PromotionCodeUsageHistory	26357.980000000	12632.500000000
db.ProofOfEmploymentDocument	18713.150000000	28021.110000000
db.Purchase	22980.420000000	13797.530000000
db.PurchaseItem	23880.220000000	13816.950000000
db.PurchaseStatusHistory	22048.420000000	13717.670000000
db.Purpose	17130.650000000	15001.070000000
db.PushToken	2118.770000000	29828.670000000
db.QrReplyPasswordReset	25056.700000000	16324.190000000
db.QrReplyPasswordResetRequest	25000.160000000	16673.310000000
db.QuarterlyReportRequest	29632.370000000	16610.270000000
db.QuarterlyReportRequestAttachment	28039.890000000	16904.520000000
db.QuarterlyReportRequestRecipient	30660.710000000	18019.870000000
db.QuarterlyReportRequestReportItem	28032.540000000	16741.740000000
db.QuarterlyReportSettings	29364.400000000	15994.550000000
db.QuarterlyReportSignupChannel	28252.250000000	14987.940000000
db.QuestionMessageAttachment	21680.640000000	16146.020000000
db.QuestionMessageScheduled	24571.150000000	10876.990000000
db.QuestionThread	20945.120000000	12635.050000000
db.QuestionThreadAssignment	19685.510000000	12748.720000000
db.QuestionThreadMessage	24360.140000000	11400.080000000
db.QuestionThreadMessageAccessLog	24463.960000000	11657.490000000
db.QuestionThreadMessageCategory	25522.590000000	11520.050000000
db.QuestionThreadMessageMarkAsAllReadLog	2179.330000000	29703.710000000
db.QuestionThreadMessagePeriodicTaskRelation	24352.020000000	10721.730000000
db.QuestionThreadMessageProfile	24898.710000000	11175.260000000
db.QuestionThreadMessageReminder	25522.590000000	11636.390000000
db.QuestionThreadMessageReview	25022.490000000	11752.730000000
db.QuestionThreadMessageReviewRequest	25522.590000000	11752.730000000
db.QuestionThreadTag	21010.370000000	12914.650000000
db.RebootProductContactRequest	13015.340000000	11950.360000000
db.RegisteredMail	-116.230000000	10045.740000000
db.Registration	14667.700000000	19487.890000000
db.RegistrationAgenda	12949.160000000	21607.930000000
db.RegistrationAssistance	21308.880000000	17201.150000000
db.RegistrationAssistanceReceipt	21663.510000000	16958.500000000
db.RegistrationCaseReport	13168.360000000	8245.090000000
db.RegistrationCaseReportUpdateLog	17743.680000000	10460.940000000
db.RegistrationDirector	14732.420000000	19681.960000000
db.RegistrationFormAllInOneDocument	15988.430000000	24779.160000000
db.RegistrationFormAoiChangeDocument	13494.320000000	25706.530000000
db.RegistrationFormBranchChangeDocument	19623.840000000	28292.350000000
db.RegistrationFormCaptable	19212.530000000	23894.360000000
db.RegistrationFormCaptableDocument	17607.300000000	24809.970000000
db.RegistrationFormCaptableNotarizationRequestor	18425.630000000	23645.520000000
db.RegistrationFormCeoAddressChangeDocument	16405.130000000	25895.670000000
db.RegistrationFormDirectorChangeDocument	17863.700000000	28015.550000000
db.RegistrationFormHeadOfficeInsideRelocationDocument	19606.110000000	24111.140000000
db.RegistrationFormHeadOfficeOutsideRelocationDocument	20141.950000000	24048.960000000
db.RegistrationFormNewIssueDocument	15269.760000000	23538.720000000
db.RegistrationFormNewOptionsRuleDocument	14728.420000000	27499.350000000
db.RegistrationHelp	18021.250000000	15793.360000000
db.RegistrationPoaDocument	16136.760000000	29656.640000000
db.RegistrationRoundRobinState	2211.650000000	29558.620000000
db.RegularProduct	24551.680000000	12378.410000000
db.ResignationLetterDocument	13291.640000000	24361.540000000
db.ResignedDirectorCertificateOfSealDocument	13926.710000000	26262.530000000
db.RightToConsentOrConsult	14058.020000000	16665.840000000
db.RsuRsa	14657.260000000	15246.590000000
db.RsuAdjustEvent	14485.390000000	16584.300000000
db.RsuCancelEvent	14871.270000000	15982.740000000
db.RsuExerciseClaim	13368.590000000	15449.920000000
db.RsuExerciseClaimAttachment	12885.670000000	15514.160000000
db.RsuExerciseClaimCandidate	11678.040000000	16499.220000000
db.RsuExerciseClaimCandidateEmailRecipient	12174.350000000	16503.820000000
db.RsuExerciseClaimEventRelation	14102.890000000	15610.040000000
db.RsuExerciseClaimRsu	13859.120000000	15386.220000000
db.RsuExerciseEvent	14976.520000000	15847.390000000
db.RsuExerciseManagement	11921.960000000	16029.920000000
db.RsuExerciseManagementAttachmentSetting	12436.640000000	15582.540000000
db.RsuExerciseManagementAttachmentSettingItem	12649.290000000	15707.250000000
db.RsuExerciseManagementEmail	12375.720000000	16252.780000000
db.RsuExtraAttachment	15170.360000000	14855.680000000
db.RsuGrantContract	15542.210000000	14952.940000000
db.RsuGrantContractModusignDocument	21642.160000000	19272.260000000
db.RsuGrantContractTemplate	15655.960000000	14394.910000000
db.RsuGrantContractTemplateStakeholder	15643.600000000	13908.770000000
db.RsuGrantEvent	14927.520000000	16616.220000000
db.RsuGrantee	12056.250000000	16961.980000000
db.RsuMeeting	15763.670000000	15088.420000000
db.RsuMeetingAttachment	15553.270000000	15231.120000000
db.RsuPauseEvent	15097.100000000	17378.070000000
db.RsuPerformanceAchievementEvent	15242.930000000	16614.690000000
db.RsuPerformanceCondition	15092.320000000	13784.490000000
db.RsuResumeEvent	15059.780000000	17230.870000000
db.RsuTag	14999.860000000	14255.610000000
db.RsuTagCategory	15062.270000000	14125.160000000
db.RsuVesting	14204.440000000	15221.010000000
db.RsuVestingItem	14276.120000000	14898.230000000
db.RsuVestingTraceable	14473.940000000	15091.470000000
db.RtccSummaryAnalysisRequest	14526.440000000	10966.250000000
db.RtccEmail	13913.280000000	17074.670000000
db.RtccEmailAuthentication	14872.140000000	17584.250000000
db.RtccInvestor	14393.240000000	17419.550000000
db.RtccInvestorFile	16221.790000000	17349.750000000
db.Safe	13198.750000000	14498.050000000
db.SafeConversionEvent	2192.930000000	29399.430000000
db.SafeCreateEvent	18103.830000000	17929.910000000
db.SalesIntent	35617.480000000	23088.510000000
db.SalesMetric	23422.340000000	14679.170000000
db.SalesReportDocument	14048.660000000	27549.000000000
db.SdContactRequest	37980.560000000	8596.510000000
db.SealCard	-605.830000000	8359.110000000
db.SealCardReturnRequest	-1480.470000000	8454.510000000
db.SealCardReturnStatusHistory	-181.260000000	9778.520000000
db.SealCertificateDelivery	19473.130000000	12376.290000000
db.SealCertificateIssueRequest	19686.350000000	12504.690000000
db.SealStamp	16486.380000000	15582.150000000
db.SealStampCardContinuedUseApplicationFormDocument	9237.760000000	23251.160000000
db.SealStampDeclarationDocument	9546.790000000	23099.750000000
db.SealStampImage	17286.510000000	15874.400000000
db.SealStampUsageHistory	10518.470000000	15339.710000000
db.SealedOptionGrantContractDocument	20226.270000000	26228.760000000
db.SealedOptionGrantShareholdersMeetingResolutionDocument	13778.840000000	26601.490000000
db.SecondaryDeal	39059.480000000	6113.150000000
db.SelfRegistration	17658.560000000	17440.510000000
db.ServiceFee	24040.500000000	13455.710000000
db.ServiceFeeItem	26284.040000000	12902.930000000
db.ShareClass	15471.310000000	18180.370000000
db.Shareholder	10686.760000000	22737.540000000
db.ShareholderInstitutionMember	10184.060000000	21934.320000000
db.ShareholderInstitutionMemberCeo	10132.490000000	22617.720000000
db.ShareholderVote	17290.640000000	22813.660000000
db.ShareholderVotingRightsPerAgenda	17095.160000000	22384.550000000
db.ShareholdersAgreementModusignDocument	22635.580000000	20592.560000000
db.ShareholdersAgreementModusignEmbeddedDraft	22477.730000000	22017.840000000
db.ShareholdersAgreementStakeholder	8782.840000000	19054.910000000
db.ShareholdersCertificateOfSealDocument	13576.010000000	27922.950000000
db.ShareholdersMeeting	15829.480000000	22668.230000000
db.ShareholdersMeetingAgenda	17309.690000000	21369.990000000
db.ShareholdersMeetingAuditReportDocument	16933.130000000	26812.610000000
db.ShareholdersMeetingConvocationNoticeEmail	18088.160000000	20683.850000000
db.ShareholdersMeetingConvocationNoticeEmailAttachment	19982.930000000	20455.690000000
db.ShareholdersMeetingConvocationNoticeEmailNewIssueAttachment	16763.420000000	22080.010000000
db.ShareholdersMeetingConvocationNoticeEmailRecipient	25067.750000000	24167.460000000
db.ShareholdersMeetingConvocationNoticeRecipient	18956.310000000	21091.910000000
db.ShareholdersMeetingConvocationNoticeWrittenRecipient	18840.380000000	21217.980000000
db.ShareholdersMeetingDirectorAttendance	13914.000000000	22801.670000000
db.ShareholdersMeetingMinutesDocument	14251.990000000	26524.040000000
db.ShareholdersMeetingNoticeDocument	21253.360000000	27184.210000000
db.ShareholdersMeetingPowerOfAttorneyDocument	16840.710000000	24757.480000000
db.ShareholdersMeetingPowerOfAttorneyIndividualDocument	16435.350000000	24405.540000000
db.ShareholdersMeetingShareholderAttendance	17187.410000000	23160.360000000
db.ShareholdersMeetingShortenPeriodDocument	12943.650000000	26273.950000000
db.ShareholdersMeetingShortenPeriodIndividualDocument	16491.700000000	23354.560000000
db.ShareholdersMeetingSkipNoticeDocument	15031.700000000	28134.570000000
db.ShareholdersMeetingWrittenDecisionDocument	13307.570000000	26632.670000000
db.ShareholdersMeetingWrittenDecisionIndividualDocument	16908.360000000	24361.380000000
db.ShareholdersWrittenResolutionDocument	20840.480000000	28557.600000000
db.ShortUrlLog	2177.320000000	29266.850000000
db.SignupChannel	25234.190000000	14635.120000000
db.SignupLog	2118.770000000	29139.250000000
db.SiteSettings	2132.500000000	29014.270000000
db.SlackChannels	2154.110000000	28894.150000000
db.StaffInCharge	229.880000000	6775.540000000
db.Stakeholder	9959.110000000	19321.240000000
db.StakeholderAccount	10994.560000000	17816.070000000
db.StakeholderCustodian	9259.860000000	19288.230000000
db.StakeholderSeat	8525.740000000	19360.020000000
db.StarredQuestionThread	20474.050000000	12832.330000000
db.Stock	15419.160000000	18450.980000000
db.StockConsolidationEvent	2111.600000000	28760.200000000
db.StockConversionEvent	2170.750000000	28637.930000000
db.StockDocumentAnalysis	28349.940000000	27665.180000000
db.StockReregistrationEvent	28578.130000000	27878.040000000
db.StockRetirementEvent	2150.180000000	28512.200000000
db.StockSplitEvent	2126.030000000	28391.320000000
db.StockTransferAgreement	16961.250000000	18459.450000000
db.StockTransferAgreementClauses	17313.790000000	18361.250000000
db.StockTransferAgreementItem	16782.540000000	18237.320000000
db.StockTransferAgreementManagement	18220.100000000	13330.400000000
db.StockTransferAgreementManagementStakeholderSeat	6016.780000000	8499.800000000
db.StockTransferAgreementModusignDocument	20354.390000000	20250.720000000
db.StockTransferAgreementModusignEmbeddedDraft	19426.540000000	19997.300000000
db.StockTransferAgreementPurchaserInstitution	17136.490000000	18881.290000000
db.StockTransferAgreementSellerInstitution	17136.120000000	18741.560000000
db.StockTransferAgreementSurvey	21156.430000000	10613.120000000
db.StockTransferEvent	16614.280000000	18420.410000000
db.StockTransferPrice	16047.600000000	18316.090000000
db.StockUnissuedConfirmationRequest	18415.730000000	15142.350000000
db.StripeCard	890.850000000	7212.120000000
db.StripeCustomer	968.760000000	7658.390000000
db.StripePayment	-292.960000000	7943.250000000
db.Subscription	21852.040000000	11150.990000000
db.SubscriptionBonus	22523.100000000	11267.140000000
db.SubscriptionContract	19837.530000000	11639.630000000
db.SubscriptionModusignDocumentUsageHistory	23897.360000000	11804.580000000
db.SubscriptionPackage	19828.720000000	11493.060000000
db.SubscriptionPaymentRequest	21958.350000000	11708.350000000
db.SubscriptionPenaltyPayment	19727.090000000	11759.080000000
db.SubscriptionPeriod	22934.660000000	10824.860000000
db.SubscriptionPerk	22395.320000000	11447.990000000
db.SubscriptionPlan	20872.900000000	11885.030000000
db.SubscriptionPlanOffering	21264.050000000	11996.990000000
db.SubscriptionPlanPerk	21231.020000000	11880.630000000
db.SubscriptionPlanPermission	20024.080000000	12016.540000000
db.SubscriptionPolicy	20394.710000000	11669.650000000
db.SubscriptionPromotion	20742.620000000	11684.320000000
db.SubscriptionReservation	20760.060000000	12069.470000000
db.SubscriptionSuspensionHistory	22433.920000000	11118.390000000
db.TalingCoupon	10490.350000000	11722.410000000
db.TanTableView	11124.150000000	9787.110000000
db.TaxBookkeepingServiceRequest	20984.340000000	14105.570000000
db.TaxPartnerTbkContract	23682.160000000	14528.970000000
db.TaxPartnerTbkContractItem	24044.400000000	14627.050000000
db.TaxPartnerTbkSettings	22856.630000000	15784.940000000
db.TaxReceiptDocument	15741.720000000	24195.650000000
db.TbkConsulting	21861.810000000	14260.280000000
db.TbkConsultingMemo	22138.500000000	14006.730000000
db.TbkConsultingRefusal	21366.490000000	15489.420000000
db.TbkConsultingStatusLog	21458.780000000	13966.900000000
db.TbkContract	23107.010000000	15162.650000000
db.TbkContractBenefit	23414.320000000	15198.410000000
db.TbkContractSettlement	23343.080000000	14957.690000000
db.Template	-1872.430000000	5188.660000000
db.TextValueWithVisibility	38047.830000000	6020.860000000
db.ThirdPartyApiNotice	32664.610000000	15794.730000000
db.ThirdPartyArticleProvider	20428.270000000	19906.370000000
db.ThirdPartyArticleProviderUserRelation	20440.520000000	20028.450000000
db.TwoFactorAuthentication	2142.690000000	28270.610000000
db.UnknownIssueEvent	2125.370000000	28143.490000000
db.UnknownPartnerInvestmentEvent	2224.130000000	3891.230000000
db.UserApiKey	17699.540000000	7469.540000000
db.UserApiKeyCompanyAccess	17383.030000000	8347.390000000
db.UserApiKeyCompanyRelation	17184.020000000	7935.630000000
db.UserApiKeyRevocation	17106.250000000	7446.130000000
db.UserDailyAccess	2184.610000000	4068.210000000
db.UserDetailedSurvey	2190.870000000	4188.910000000
db.UserEmailConsentRequest	2203.330000000	4318.500000000
db.UserExtraAuthentication	2201.240000000	4465.870000000
db.UserGuideState	2182.520000000	4610.270000000
db.UserInvitation	9602.970000000	11763.060000000
db.UserInvitationInvitee	7726.770000000	12793.080000000
db.UserInvitationOwnerRoleRelation	9381.440000000	11310.500000000
db.UserMarketingStatus	2192.930000000	4728.010000000
db.UserNotificationSettings	2203.330000000	4860.570000000
db.UserProfileImage	22269.920000000	18879.990000000
db.UserProfileImageMapping	21939.090000000	18886.200000000
db.UserSealCardRelation	-967.200000000	8542.440000000
db.UserSessionLog	2182.520000000	5007.940000000
db.UserSettings	2177.320000000	5125.660000000
db.UserSurvey	2235.890000000	5253.280000000
db.ValuationHistory	18593.130000000	12453.470000000
db.ValuationServiceRequest	18141.230000000	13897.690000000
db.ValueWithVisibility	37148.130000000	5870.360000000
db.VcIrRecommendationRequest	35874.810000000	9710.000000000
db.VcIrRecommendationRequestResult	34093.520000000	8801.970000000
db.VcLpReport	37433.490000000	13012.150000000
db.VcLpReportRequest	38186.510000000	13313.760000000
db.VcLpReportRequestRecipient	36249.160000000	13920.010000000
db.VcNameAlias	39049.590000000	12042.970000000
db.VcSearchLog	29471.370000000	6810.650000000
db.VcUserRole	35175.050000000	10985.050000000
db.VentureBusinessCertification	18409.200000000	15497.060000000
db.VentureBusinessCertificationExpirationNotificationLog	18254.440000000	15625.880000000
db.VentureCapital	37928.830000000	12432.480000000
db.VentureCapitalEmailTemplates	38564.980000000	12577.530000000
db.VentureCapitalPaymentLink	36603.960000000	12456.990000000
db.VentureCapitalQuarterlyReport	29753.790000000	16012.020000000
db.VentureCapitalQuarterlyReportContentTemplate	31120.150000000	13685.580000000
db.VentureCapitalQuarterlyReportItem	29142.210000000	16350.400000000
db.VentureCapitalQuarterlyReportItemReply	24516.680000000	17311.950000000
db.VentureCapitalQuarterlyReportReply	24704.720000000	16919.140000000
db.VentureCapitalSubscription	38754.690000000	11003.850000000
db.VentureCapitalSubscriptionPlan	38992.590000000	11267.400000000
db.VentureCapitalSubscriptionPlanPermission	40553.560000000	11212.570000000
db.VentureCapitalSubscriptionPlanPrice	38887.960000000	11924.040000000
db.VentureCapitalUserRelation	34625.010000000	10487.010000000
db.VentureComplex	24712.740000000	17894.810000000
db.VideoCollection	18655.030000000	9493.630000000
db.VideoCollectionFeedback	18091.570000000	10341.780000000
db.VideoCollectionPermission	18480.090000000	9365.680000000
db.VideoContent	19402.670000000	8813.840000000
db.VideoContentHistory	18979.400000000	9702.810000000
db.VideoContentSpeecher	18891.480000000	8735.610000000
db.Webinar	-2106.830000000	4695.610000000
db.WebinarSubject	2225.270000000	5378.260000000
db.WebinarTarget	2202.620000000	5502.820000000
db.Whitepaper	279.740000000	6438.150000000
db.WhitepaperPreviewFile	338.340000000	6244.660000000
db.WhitepaperWatermarkFile	1649.150000000	5868.900000000
db.WhtBook	9490.320000000	15366.480000000
db.WhtBookWithoutDate	9053.850000000	15492.630000000
db.WhtCertificate	10802.720000000	15117.680000000
db.WhtReceipt	10205.730000000	15147.110000000
db.WithdrawAccountRequest	2288.820000000	5636.760000000
db.WithdrawnUser	2202.620000000	5756.090000000
db.WrittenStatementDocument	13955.630000000	26080.740000000
db.YearEndTaxSettlement	7820.930000000	19651.820000000
db.YearEndTaxSettlementConfirmationSchedule	6749.920000000	17957.450000000
db.YetsAssistance	14001.720000000	30652.350000000
db.YetsAssistanceCreator	12116.450000000	30144.340000000
db.YetsAssistanceCreatorUser	11676.170000000	30369.130000000
db.YetsAssistanceCreatorYetsEmployee	7536.210000000	30181.270000000
db.YetsAssistanceMessage	16312.840000000	30415.800000000
db.YetsAssistanceMessageFile	24382.920000000	31622.590000000
db.YetsAssistanceStaffAccessLog	12977.950000000	30804.260000000
db.YetsAssistanceStaffFavoriteRelation	14836.640000000	30437.920000000
db.YetsEmail	9174.900000000	19797.330000000
db.YetsEmailAuthentication	5258.370000000	31003.980000000
db.YetsEmployee	6296.360000000	30407.000000000
db.YetsEmployeeFile	25001.840000000	32196.130000000
db.YetsEmployeeResult	7345.520000000	29686.780000000
db.YetsEmployeeResultAssistanceMessageRelation	12660.710000000	30051.250000000
db.YetsEmployeeResultStatusLog	7908.750000000	28991.820000000
db.YetsEmployeeResultWhtReceipt	22926.290000000	30287.100000000
db.YetsEmployeeSubmissionLog	6106.760000000	30677.390000000
db.YetsEmployeeUploadForm	8372.200000000	30853.580000000
db.YetsEmployeeUploadFormStatusLog	7839.570000000	31580.460000000
db.ZuzuOptionGrantContractTemplate	19919.620000000	16300.920000000
db.ZuzuOptionGrantContractTemplateRevision	20518.870000000	16284.490000000
db.ZuzuTaxAdvice	2270.100000000	5890.020000000
db.ZuzuTaxPhoneToken	3894.510000000	12322.040000000
document_ai.DocumentAiProcessRequest	29345.480000000	27334.060000000
document_ai.DocumentAiProcessResult	28596.290000000	29824.260000000
fi_sta.FiStaCompany	34748.910000000	32780.600000000
fi_sta.FiStaCompanyCeo	35777.000000000	30330.870000000
fi_sta.FiStaCompanySearchResult	34824.530000000	31495.780000000
fi_sta.FiStaContractDocument	32330.960000000	33250.620000000
fi_sta.FiStaManagement	37187.160000000	35116.410000000
fi_sta.FiStaModusignDocument	2247.680000000	6024.370000000
fi_sta.FiStaParticipant	33050.810000000	33719.380000000
fi_sta.FiStaStockTransferAgreementDocument	29481.060000000	33731.500000000
fi_sta.FiStaStockTransferNoticePoaDocument	32471.870000000	33562.780000000
fi_sta.FiStaStockUnissuedConfirmationDocument	2313.790000000	6146.250000000
fi_sta.FiStaStockUnissuedConfirmationPoaDocument	32230.940000000	30276.960000000
fi_sta.FiStaTransferStock	31835.980000000	33959.190000000
fi_sta.FiStaUser	35538.460000000	34484.970000000
vertex_ai.VertexAiPredictionRequest	39620.120000000	17567.120000000
vertex_ai.VertexAiPredictionResult	39770.040000000	17410.120000000
db.HrmAttendanceLocation	5228.500000000	17114.760000000
db.CompanyDocumentAIAnalysis	18629.920000000	16712.450000000
db.HrmSelectiveWorkPlan	3989.550000000	18064.050000000
db.HrmSelectiveWorkPlanItem	3166.190000000	18150.000000000
db.IncorporationRequestPromoterCustodian	23707.480000000	17800.240000000
db.InvestmentAgreement	17477.660000000	16052.710000000
db.RsuRsaSealedContractFile	15300.950000000	14305.870000000
db.RtccSummaryAnalysisRequestDocument	14338.950000000	10373.580000000
db.RtccSummaryAnalysisResult	13633.720000000	10334.400000000
db.RtccSummaryAnalysisResultDocument	13389.280000000	9178.360000000
db.AgendaOptionCancelOptionDistribution	14213.700000000	21203.970000000
db.CompanySsoConfiguration	14901.030000000	12561.250000000
db.CompanySsoEmailDomain	13903.880000000	12565.620000000
db.CompanySsoIdentity	14357.240000000	12634.640000000
db.HrmSelectiveWork	2175.930000000	19460.220000000
db.HrmSelectiveWorkPlanConfig	1790.240000000	19552.530000000
db.HrmSelectiveWorkSchedule	2410.080000000	19251.680000000
db.HrmSelectiveWorkSettlementConfig	1170.420000000	19552.530000000
db.HrmSlackIntegration	-734.860000000	16568.520000000
db.HrmSlackChannelConfig	-820.360000000	16693.430000000
db.IaPartnerWithdrawalEvent	39535.500000000	17959.230000000
db.OptionExerciseManagementCommonSetting	13870.400000000	16275.190000000
db.OptionExerciseManagementPaymentBankSetting	12916.360000000	12348.790000000
db.RsaForfeitEvent	15169.330000000	16850.860000000
db.RsaVestConfirmEvent	16061.450000000	16958.320000000
db.UserMailIntegration	13008.070000000	17089.240000000
