db.Address	23226.2	18639.69
db.AgendaAuthorizedSharesChange	17097.51	22036.31
db.AgendaBonusIssueNewIssueBalanceCertificateFile	19155.64	18297.92
db.AgendaBonusIssueNewIssueMinutesFile	18595.83	16986.77
db.AgendaBonusIssueSharesToIssue	16923.16	18494.2
db.AgendaBorrowCapital	17495.71	20845.77
db.AgendaBranchChange	18096.08	20259.43
db.AgendaCashDividends	16403.67	20617.04
db.AgendaCeoAddressChangeItem	12517.81	22121.94
db.AgendaChangeOfAoiClassStock	19123.33	20303.51
db.AgendaChangeOfAoiCustom	19606.01	20283.15
db.AgendaChangeOfAoiDirectorCompensationRule	19764.74	20790.76
db.AgendaChangeOfAoiNumberOfDirectors	19688.99	20615.81
db.AgendaChangeOfAoiThirdPartyAllocation	19128.92	21017.17
db.AgendaChangeOfArticlesOfIncorporation	18999.07	20781.49
db.AgendaDirectorChange	14655.39	22491.8
db.AgendaDirectorCompensation	16085.83	21931.1
db.AgendaDirectorCompensationItem	15732.12	22061.49
db.AgendaHeadOfficeRelocation	18532.84	21940.38
db.AgendaMethodOfGivingPublicNoticeChange	17225.67	20055.28
db.AgendaNewIssue	16731.3	22770.95
db.AgendaNewIssueItem	18970.5	26511.83
db.AgendaNewIssueItemFromConversion	19413.05	26966.39
db.AgendaNewIssueItemFromPayment	18873.65	26698.84
db.AgendaNewIssueItemInstitutionMember	20979.88	27183.93
db.AgendaNewIssueItemInstitutionMemberCeo	19898.44	26634.76
db.AgendaNewIssueItemShareClass	18967.9	26076.41
db.AgendaNewIssueItemShareholder	19677.06	25910.97
db.AgendaNewIssueNewShareClass	17151.15	22880.12
db.AgendaOptionCancel	15763.88	21079.94
db.AgendaOptionCancelGrantee	15310.97	21102.19
db.AgendaOptionCancelOption	15228.55	21234.13
db.AgendaOptionExerciseClaim	13755.55	21521.81
db.AgendaOptionExerciseGrantee	14877.06	21623.69
db.AgendaOptionExerciseGranteeOption	14754.8	21881.11
db.AgendaOptionGrant	16654.06	20182.71
db.AgendaOptionGrantGrantee	15792.37	18933.9
db.AgendaPurposeChangeItem	17940.75	25406.03
db.AgendaRsuGrantGrantee	15147.22	14076.86
db.AgendaShareholdersMeetingConvocation	16520.38	21476.58
db.AiAnalysisFeedback	11662.03	8282.94
db.AiPayrollLedger	6268.31	2246.68
db.AlimtalkActivity	33012.32	12812.95
db.AlimtalkActivityRecipient	32192.04	13133.34
db.AlimtalkActivityRecipientStatusHistory	32133.82	13286.54
db.AllocatedSeat	10560.21	13568.01
db.Announcement	20967.25	10477.96
db.AnnualSalary	11842.28	13856.62
db.AppCard	20989.37	12219.12
db.Article	20255.81	18985.46
db.ArticlePublishHistory	20308.04	19119.48
db.ArticlesOfIncorporation	17570.11	14330.59
db.ArticlesOfIncorporationAnalyzationResult	11470.12	5550.19
db.AuditLog	18410.53	3522.8
db.AvailableModusignRequest	21355.47	20729.96
db.BaseModusignDocumentUsageHistory	24195.45	12900.94
db.Basket	22523.75	12150.98
db.BeforeunloadPdfEvent	30471.6	9227.91
db.BonusIssueEvent	5590.99	37857.29
db.BranchAbolitionEvent	17203.81	17557.03
db.BranchInstallationEvent	18814.74	17871.03
db.BulkEmail	14676.91	16684.57
db.BulkEmailCommonAttachment	19325.73	17739.42
db.BulkEmailRecipientAttachment	18855.8	18721.29
db.BulkEmailTemplate	19120.2	14520.43
db.BulkEmailTemplateRevision	17236.18	15896.21
db.BusinessPlan	14959.25	10188.51
db.BusinessPlanAiAnalysis	13387.1	9205.37
db.BusinessPlanAiAnalysisItem	12125.82	8544.85
db.BusinessPlanAiAnalysisItemImprovement	11800.19	7823.51
db.BusinessPlanAiReview	14883.78	10014.15
db.CalendarEvent	5586.01	37711.64
db.CapitalReductionEvent	5554.06	37555.87
db.CashIncentive	12489.4	12551.21
db.CashIncentiveCategory	14171.14	11860.34
db.CashIncentiveItem	12030.68	12608.99
db.CashPayment	22261.82	12664.88
db.Charge	20247.8	12236.71
db.CmeBulkEmail	17140.52	16040.08
db.CmeBulkEmailRecipient	16946.92	16331.86
db.CmeBulkEmailTemplate	20194.22	14504.59
db.CmeCompany	19190	12785.24
db.CmeCompanyContact	19712.03	12906.57
db.CmeCompanyContactNotificationSettings	19678.17	12765.36
db.CmeCompanyDirectorTermManagement	19680.27	12588.81
db.CmeCompanyNote	19199.03	12514.7
db.CmeCompanyRegistration	20254.13	13577.22
db.CmeCompanyRegistrationFile	20471.84	13767.8
db.CmeContact	20407.15	13386.4
db.CmeMemberRelation	20434.03	13067.12
db.CommonAddress	5585.18	37409.65
db.Company	16670.15	10826.68
db.CompanyBulkEmailTemplate	18754.4	14178.29
db.CompanyCreateProgress	22765.7	15863.68
db.CompanyCreateRequest	22501.79	16089.79
db.CompanyDepartment	11709.69	12829.87
db.CompanyDepartmentCode	11648.75	12561.42
db.CompanyDocumentDelivery	18329.19	11008.37
db.CompanyEndorsement	23470.98	3518.74
db.CompanyEndorsementFeed	25408.78	2367.31
db.CompanyExpertClientRelation	20876.41	13250.07
db.CompanyFeed	27205.27	1072.97
db.CompanyFeedAccessLog	36892.63	570.53
db.CompanyFeedRating	27852.71	153.08
db.CompanyIrClosingFeed	27268.26	3324.26
db.CompanyIrNewCommitFeed	27736.9	3153.72
db.CompanyIrOpenFeed	27883.16	2519.67
db.CompanyLegalPartnerRelation	21763.31	13197.84
db.CompanyManagingEntity	19978.16	13199.35
db.CompanyMethodOfGivingPublicNoticeChange	17338.02	13411.16
db.CompanyNews	18377.84	5912.94
db.CompanyNewsFeed	18857.81	6212.61
db.CompanyNewsLink	18490.82	5046.75
db.CompanyNotificationSetting	15933.54	9805.57
db.CompanyNotificationTrigger	15509.71	9050.89
db.CompanyOwnerAuditLog	10614.2	5864.91
db.CompanyOwnerAuditLogOwnerRoleRelation	11489.79	7633.7
db.CompanyOwnerNotificationTrigger	15420.55	9304.69
db.CompanyPaymentLink	22086.11	10539.04
db.CompanyPromotionInfo	15872.94	6199.33
db.CompanyPromotionPrizeType	16273.25	5583.22
db.CompanyPurposeChange	17307.95	12882.38
db.CompanyPurposeChangeItem	17520.55	13210.78
db.CompanyQuestionThread	19012.48	13018.39
db.CompanyRegistrationStaffStatus	5570.73	37255.67
db.CompanyUpdateRequest	18078.46	12391.93
db.CompanyUserRelation	9904.54	10748.3
db.CompanyUserRelationOwnerRoleRelation	10748.33	9719.25
db.ConsentForm	23125.17	35010.29
db.ConsentFormItem	23311.82	28208.56
db.ConsentFormModusignDocument	23570.44	33277.79
db.ConsentFormModusignEmbeddedDraft	21979.55	23635.27
db.ConsentFormOptionItem	22712.59	25098.19
db.CorporateRegistration	18968.91	14790.78
db.CorporateRegistrationChangeConfirmation	18625.05	12977.87
db.CorporateRegistrationChangeDetection	18189.93	13244.99
db.CorporateRegistrationChangeDetectionParseResult	18416.45	12837.48
db.CorporateRegistrationExtractionLog	20392.81	15203.82
db.CorporateRegistrationIssueCoupon	18841.65	12661.58
db.CorporateRegistrationIssueCouponIssueLog	19088.22	12313.12
db.CorporateRegistrationIssueCouponUseRequest	19414.5	14783.74
db.CorporateRegistrationIssueCouponUseResult	19998.55	14923.4
db.CorporateRegistrationIssueLog	20563.78	14909.67
db.CorporateRegistrationIssueMaintenance	30936.55	14904.05
db.CorporateRegistrationIssueRequest	19093.72	10900.71
db.CorporateRegistrationPaidIssue	19217.82	15020.04
db.CorporationPostRegistrationEmail	14521.76	5045.13
db.CorporationPostRegistrationScheduledEmail	16028.33	5105.43
db.CorporationPostRegistrationScheduledEmailPeriodicTaskRelation	15613.01	4925.56
db.Credit	20485.49	12441.16
db.CreditCard	23064.14	11858.53
db.CreditUse	21515.3	12364.31
db.CsAgentResponse	24159.08	9529.28
db.CsAgentResponseFeedBack	24638.93	9434.92
db.CustomOptionGrantContractTemplate	20053.15	15691.83
db.CustomOptionGrantContractTemplateRevision	20868.28	15344.21
db.DailyNewspaper	17620.46	14659.24
db.DataPortalAddressInformationCache	5622.71	37073.69
db.DemoCompanyCreationLog	5604.36	36860.13
db.Department	15910.2	34805.83
db.DepartmentStaffUserRelation	18333.9	34206.66
db.Director	17192.68	15654.47
db.DirectorsMeeting	16012.29	20624.49
db.DirectorsMeetingAgenda	16125.4	21171.66
db.DirectorsMeetingDirectorAttendance	15580.41	20635.97
db.DirectorsMeetingNoticeEmail	15297.91	19990.34
db.DirectorsMeetingNoticeEmailRecipient	15989.71	20389.38
db.DivaFund	5585.18	36685.89
db.DocumentDelivery	19575.44	11045.95
db.DocumentDeliveryQuestionThreadRelation	20090.87	10993.85
db.DocumentLoadedPdfEvent	30989.15	9332.67
db.DocumentParseResult	20014.65	16124.56
db.DormantConversionNotifiedActivity	5575.75	36531.94
db.DormantUser	1953.62	33493.87
db.DormantUserEmail	3325.4	32221.65
db.DormantUserPhone	2621.24	31539.36
db.DormantUserReactivationToken	3490.68	32382.58
db.ESOP	11438.14	16092.05
db.ESOPParticipant	11125.53	15153.98
db.ElectronicCertificate	17064.32	13138.63
db.ElectronicCertificateFileDownloadHistory	18471.45	16651.14
db.ElectronicCertificateFileUploadRequest	18293.2	16369.57
db.ElectronicCertificateFileUploaded	18452.86	16509.95
db.ElectronicCertificateReturnRequest	24634.41	19861.55
db.Email	23495.03	1207.49
db.EmailActivity	24432.26	26810.08
db.EmailActivityRecipient	24241.45	23700.23
db.EmailActivityRecipientStatusHistory	24674.63	25542.42
db.EmailVerification	24132.64	1569.4
db.Employee	10642.81	13950.9
db.EmployeeDepartmentCodeRelation	11300.91	12743.75
db.EmployeeOption	12088.83	11231.48
db.EmployeeOptionExerciseCandidate	12638.81	11640.19
db.EmployeeOptionExerciseCandidateFile	12622.26	11282.35
db.EmployeeOptionExerciseClaim	14116.62	11521.3
db.EmployeeOptionExerciseClaimOption	13208.96	11206.57
db.EmployeeOptionExerciseManagement	14602.09	11665.37
db.EmployeeOptionExerciseManagementEmail	14355.12	13512.33
db.EmployeeOptionGrantee	11195.06	12494.53
db.EmployeeOptionVesting	11210.4	11507.42
db.EmployeeOptionVestingItem	11134.45	11774.41
db.EmployeeOptionVestingTraceable	12078.53	11673.93
db.EmployeeStock	11956.6	15317.45
db.EmployeeStockDepositEvent	5609.36	36339.24
db.EmployeeStockGuide	12109.82	15899.72
db.EmployeeStockGuideAudience	12569.96	15521.77
db.EmployeeStockGuideEmail	13146.44	16854.31
db.EmployeeStockTag	11603.87	15643.06
db.EmployeeStockTagCategory	11356.47	15318.06
db.EmployeeStockWithdrawEvent	5611.03	36154.28
db.EmployeeStockWithdrawRequest	12211.34	16618.73
db.EmploymentCertificateDocumentRequest	14316.69	12205.46
db.EmploymentStatusHistory	12557.95	13150.34
db.Event	16326.35	16210.06
db.EventAttachment	16847.33	16196.95
db.ExpertClient	21506.4	13544.57
db.ExpertClientIncorporationSupport	20899.51	13865.26
db.ExpertClientSignupChannel	23731.72	13858.97
db.ExpertClientTaxServiceSettings	21123.84	13987.51
db.FABContent	21287.33	17320.46
db.Faq	5585.18	35965.76
db.FaqLink	5538.22	35811.79
db.Feed	26957.86	3953.15
db.FileAttachment	20351.18	18113.81
db.FinanceAndInsurance	5561.76	35660.99
db.FinancialAccount	12741.67	16522.2
db.FinancialInstitution	13013.27	15899.98
db.Fund	31521.68	12411.71
db.FundPartner	32888.45	12304.06
db.FundingNewsDistributionServiceRequest	18686.98	13998.44
db.HelpTemplate	10115.26	6787.45
db.HoldingCompany	19972.76	13024.13
db.Holiday	5538.22	35518.71
db.Hrm	3714.02	15387.42
db.HrmAlpConfig	2039.94	14902.59
db.HrmAlpConfigIndivApprovalTemplateRel	2442.66	14595.97
db.HrmAlpExcludedEmp	8411.7	17467.23
db.HrmAlpLaborReceiptRefusal	7911.06	18584.8
db.HrmAlpTarget	7948.5	18272.95
db.HrmAlpUsageDesignation	8279.29	18271.18
db.HrmAlpUsageDesignationDate	8585.22	18161.12
db.HrmAlpUsagePlan	8203.81	18088.61
db.HrmAlpUsagePlanDate	8567.75	17742.99
db.HrmAnnualLeave	6907.82	22031.7
db.HrmAnnualLeaveAdjustment	8175.64	17607.63
db.HrmAnnualLeaveConfigBase	6892.63	23045.88
db.HrmAnnualLeaveFiscalBasedConfig	7148.71	25976.93
db.HrmAnnualLeaveHireBasedConfig	6819.62	24994.11
db.HrmApprovable	5883.93	17249.71
db.HrmApproval	6589.92	17656.2
db.HrmApprovalLine	6710.57	17811.1
db.HrmApprovalReview	6299.15	17896.49
db.HrmApprovalTemplate	5052.52	17571.26
db.HrmApprovalTemplateLine	5860.75	17952.82
db.HrmApprovalTemplateReview	5523.93	17910.54
db.HrmApprover	6034.69	18174.16
db.HrmAttendance	6554.18	17281.59
db.HrmAttendanceItem	8073.59	17125.62
db.HrmCertificateConfig	2950.78	15320.87
db.HrmCertificateConfigIndividualApprovalTemplateRelation	2357.03	15891.04
db.HrmCommonLocation	7830.85	14623.39
db.HrmDailyLeaveUsageItem	8105.14	20763.6
db.HrmDept	3326.94	17797.03
db.HrmDeptAbolishedEvent	3858.68	23029.74
db.HrmDeptCreatedEvent	3708.28	20786.68
db.HrmDeptEventBase	2927.88	20335.13
db.HrmDeptName	2803.03	19418.68
db.HrmDeptNameChangedEvent	2995.56	19676.93
db.HrmDeptNameEventBase	2643.06	20042.51
db.HrmDeptParent	3494.88	19413.03
db.HrmDeptParentChangedEvent	3076.88	19916.34
db.HrmDeptParentEventBase	3660.66	19947.51
db.HrmDeptStatus	3982.04	19680.71
db.HrmDeptStatusEventBase	3800.81	21597.59
db.HrmDocument	4644.18	16402.98
db.HrmDocumentDraft	4681.61	14767.93
db.HrmDocumentDraftFieldAttachment	4365.86	9477.45
db.HrmDocumentDraftFieldMultiSelectValue	3298.58	11852.54
db.HrmDocumentDraftFieldValue	3473.22	11393.41
db.HrmDocumentFieldAttachment	2839.55	13255.62
db.HrmDocumentFieldMultiSelectValue	3628.18	12483.61
db.HrmDocumentFieldValue	3315.84	13244.47
db.HrmDocumentForm	3260.89	13787.54
db.HrmDocumentFormFieldDefinition	1972.46	12661.44
db.HrmDocumentFormFieldSelectOption	3049.67	12079.27
db.HrmDocumentFormIndividualApprovalTemplateRelation	2982.38	13958.14
db.HrmEmp	7501.32	17656.76
db.HrmEmpAbsenceEvent	7583.22	14905.13
db.HrmEmpAffiliation	5708.59	17020.41
db.HrmEmpAffiliationChangedEvent	6229.43	16132.06
db.HrmEmpAffiliationDept	5096.91	17405.22
db.HrmEmpAffiliationEventBase	6750.19	16409.11
db.HrmEmpContract	7429.72	34604.06
db.HrmEmpContractMgmt	4915.2	23915.72
db.HrmEmpContractModusignDocument	23724.18	35942.74
db.HrmEmpContractTemplate	2236.52	19669.66
db.HrmEmpContractTemplateRevision	3132.24	22763.43
db.HrmEmpContractTemplateRevisionSigner	2414.84	23404.53
db.HrmEmpDepartedEvent	8500.28	14902.41
db.HrmEmpEmploymentType	6711.97	16825.76
db.HrmEmpEmploymentTypeChangedEvent	7413.58	16439.28
db.HrmEmpEmploymentTypeEventBase	6986.01	16659.03
db.HrmEmpEventBase	7059.65	16506.29
db.HrmEmpJob	5836.59	15967.03
db.HrmEmpJobChangedEvent	6668.29	15434.27
db.HrmEmpJobEventBase	6623.57	15758.7
db.HrmEmpJoinedEvent	7848.68	15696.77
db.HrmEmpReturnToWorkEvent	7976.45	14763.77
db.HrmEmpSalaryAccount	13201.02	14483.33
db.HrmEmpStatusEventBase	7443.02	15218.19
db.HrmEmpUserInvitation	5484.67	17493.37
db.HrmEmpUserInvitationInvitee	5896.25	17762.87
db.HrmEmpWorkAssignment	6452.94	18558.06
db.HrmEmpWorkLocationAssignment	7083.22	15277.33
db.HrmEmpWorkLocationConfig	7041.05	15911.43
db.HrmFixedWork	5332.75	18438.94
db.HrmFixedWorkSchedule	5420.7	18298.56
db.HrmGrantableLeave	6654.59	20192.12
db.HrmLeaveBase	6407.51	21110.35
db.HrmLeaveGrant	6959.53	19004.35
db.HrmLeaveUsage	8987.94	18160.04
db.HrmLeaveUsageAttachment	9488.2	19231.15
db.HrmLeaveUsageItem	7673.46	18853.67
db.HrmOngoingAttendance	8811.96	16774.41
db.HrmOngoingAttendanceClockedSchedule	9343.99	16443.31
db.HrmPersonalLocation	8534.86	16304.07
db.HrmRequestor	4683.7	18953.02
db.HrmStaggeredWork	4394.41	19391.04
db.HrmStaggeredWorkSchedule	4955.69	20501.92
db.HrmStandardWork	3013	16218.48
db.HrmStandardWorkSchedule	2608.86	17143.49
db.HrmWorkAutoClockOutConfig	4712.52	18664.58
db.HrmWorkBase	5274.87	18678.52
db.HrmWorkIndividualApprovalTemplateRelation	6185.09	19360.08
db.HrmWorkLocation	6685.58	14414.69
db.HrmWorkLocationGpsConfig	8641.04	14494.14
db.HrmWorkOvertime	4788.72	18524.19
db.IBKSignupChannel	24700	13415.01
db.IBKUser	24680.76	13123.81
db.IBKUserLoginToken	24642.41	13280.61
db.IaAccountInfo	31368.18	17798.22
db.IaCertificateOfInvestmentDocumentEmail	1806.76	20165.66
db.IaCertificateOfInvestmentDocumentRecipient	1849.57	19982.35
db.IaConsentForm	32858.17	18234.79
db.IaConsentFormOrMeeting	30579.87	19070.94
db.IaConsentFormOrMeetingDocumentGeneration	31263.77	18937.3
db.IaConsentFormOrMeetingDocumentGenerationItem	31967.84	18923.44
db.IaConsentFormOrMeetingElectronicSignatureRequest	28995.16	21151.96
db.IaConsentFormOrMeetingElectronicSignatureRequestModusignDocument	27485.46	19965.52
db.IaConsentFormOrMeetingElectronicSignatureRequestModusignEmbeddedDraft	25859.97	23636.54
db.IaConsentFormOrMeetingElectronicSignatureRequestStatusHistory	29191	21647.91
db.IaConsentFormOrMeetingElectronicSignatureRequestUploadedModusignDocument	27176.46	21366.36
db.IaConsentFormOrMeetingElectronicSignatureRequiredDocument	31194.67	19813.09
db.IaConsentFormOrMeetingEsigRequiredDocumentPageRange	31756.81	19205.47
db.IaConsentFormOrMeetingGuideEmail	31028.94	18595.14
db.IaConsentFormOrMeetingGuideEmailRecipient	30989.28	18337.18
db.IaDocumentArchive	29992.19	13893.85
db.IaDocumentArchiveAttachment	29599.06	14057.11
db.IaExpertPartnerBulkEmailTemplate	20925.22	15014.97
db.IaExplanationFormForElectronicSignatureDocument	33181.84	19385.14
db.IaFoundingMeetingEvent	5568.41	35367.9
db.IaFoundingProgressStatus	29603.52	17070.31
db.IaGpAppointmentEvent	32403.31	17389.06
db.IaGpTerminationEvent	32671.16	17759.03
db.IaInvestmentCertificateRegistrationRequest	35587.42	19727.41
db.IaLegalPartnerRelation	25411.47	14411.15
db.IaMeeting	30801.25	21662.02
db.IaMeetingAgenda	32374.38	20579.12
db.IaMeetingAgendaCustom	32705.78	20989.2
db.IaMeetingAgendaVote	32140.28	23044.25
db.IaMeetingConvocationNoticeEmail	31990.9	22494.05
db.IaMeetingConvocationNoticeRecipient	31373.93	21908.74
db.IaMeetingMinutesDocument	32032.65	19973.45
db.IaMeetingNoticeDocument	31664.96	19775.07
db.IaMeetingSealedNoticeDocumentFile	26994.02	19208.1
db.IaModusignDocumentUsageHistory	25338.94	13151.94
db.IaOperation	31768.73	15608.56
db.IaOperationManagement	31581.39	15872.27
db.IaOwnerAuditLog	23513.31	1633
db.IaPartnerDataCollection	25444.78	17204.79
db.IaPartnerInvestmentConfirmation	32198.67	16426.22
db.IaPartnerInvestmentConfirmationEmail	13291.8	2716.58
db.IaPartnerInvestmentConfirmationEmailRecipient	13450.71	2575.72
db.IaPartnerListDocument	32581.88	18702.29
db.IaPaymentLink	26077.32	12015.53
db.IaPfCompany	28664.36	16594.8
db.IaPfCompanyInvestment	29231.17	22306.55
db.IaPfCompanyInvestmentSalesIntent	31116.27	22592.51
db.IaPfCompanyInvestmentStock	28714.76	22661.78
db.IaQuestionThread	21724.01	11775.78
db.IaRule	24537.19	18815.56
db.IaRuleCompensation	26496.56	19287.81
db.IaRuleDocument	31269.36	19100.82
db.IaRuleInvestment	26669.51	18515.98
db.IaRuleMeeting	25286.05	19475.6
db.IaRulePartner	26006.59	19319.69
db.IaSealStampImage	21476.22	18187.06
db.IaShareTransferEvent	5554.06	35211.35
db.IaUserInvitation	31150.4	16090.7
db.IaUserInvitationInvitee	33690.47	15869.53
db.ImAcVcBroker	27333.36	10675.77
db.ImAttachment	30463.9	9689.18
db.ImAttachmentDownloadLog	32335.29	10442.79
db.ImAttachmentPdfEvent	31858.04	9900.64
db.ImBroker	30055.33	10504.85
db.ImBrokerAssignmentInvitedUser	29475.11	10090.04
db.ImConsultingRequest	25491.77	7014.79
db.ImContactRequestIntention	28105.45	9463.98
db.ImDay	30786.99	9072.97
db.ImDayParticipation	30507.75	8765.4
db.ImDayParticipationAttachment	30007.56	8139.02
db.ImDaySurvey	28655.32	8938.79
db.ImDisclosing	27383	7540.42
db.ImIndividualGpBroker	29168.75	10761.37
db.ImInvestorBroker	32068.45	10655
db.ImIrPartnerBroker	28834.16	10359.42
db.ImIrPartnerBrokerOwnerRelation	28403	10504.26
db.ImNote	27135.2	8304.48
db.ImPitchingDay	29946.23	8863.18
db.ImPitchingDayParticipation	28752.98	7359.27
db.ImTag	28449.34	8337.3
db.ImZuzuBroker	29525.8	10532.6
db.IncorporationIssueEvent	5604.36	35065.11
db.IncorporationRequest	21349.09	15139.72
db.IncorporationRequestAoiFile	21642.95	14826.95
db.IncorporationRequestAssistanceReceipt	21431.96	16415.01
db.IncorporationRequestPromoterInstitutionCeo	22443.5	15717.67
db.IncorporationRequestPurpose	20824.75	15164.97
db.IndividualInvestorCompany	29684.47	26139.41
db.IndividualInvestorCompanyCeo	25887.81	22326.18
db.IndividualInvestorCompanyName	31817.39	26169.86
db.IndividualInvestorCompanyParValue	28856.36	26191.86
db.IndividualInvestorCompanyShareClass	29558.74	28716.4
db.IndividualInvestorEvent	33548.56	29615.19
db.IndividualInvestorUser	24442.61	20251.68
db.IndividualStakeholder	12314.04	20543.67
db.IndividualStockOption	28132.02	23786.45
db.IndividualStockOptionCancelEvent	34714.32	30457.32
db.IndividualStockOptionCreateRequest	29090.84	23573.29
db.IndividualStockOptionCreateRequestEtcFile	30081.61	23533.89
db.IndividualStockOptionExerciseEvent	35028.45	31745.8
db.IndividualStockOptionGrantContract	27789.65	23390.74
db.IndividualStockOptionGrantEvent	33670.42	27534.02
db.IndividualStockOptionGrantee	27799.22	22484.32
db.IndividualStockOptionPauseEvent	29981.5	28746.23
db.IndividualStockOptionResumeEvent	30637.89	31304.65
db.IndividualStockOptionSalesIntent	30993.5	23690.84
db.IndividualStockOptionVesting	28783.86	24274.01
db.IndividualStockOptionVestingItem	28888.89	24018.51
db.IndividualStockOptionVestingTraceable	28499.18	23335.29
db.IndustrialCode	17637.08	13582.95
db.InputChannel	25220.47	14264.92
db.InputSignupChannel	24717.12	13986.62
db.InstitutionStakeholder	11899.32	21347.87
db.InstitutionStakeholderManager	11876.55	21884.92
db.InternetRegistryOfficeOtp	17669.02	15536.7
db.InternetRegistryOfficeOtpReturnRequest	22375.07	20013.16
db.InvestmentAssociation	28402.97	15873.97
db.InvestmentAssociationAssociationPartner	33049.46	14975.45
db.InvestmentAssociationAssociationPartnerManager	5622.71	34890.89
db.InvestmentAssociationCorporationPartner	35299.73	15031.63
db.InvestmentAssociationCorporationPartnerManager	5622.71	34677.34
db.InvestmentAssociationDocument	32782.24	19122.5
db.InvestmentAssociationEvent	30595.11	17102.97
db.InvestmentAssociationIndividualPartnerLegalRepresentative	33696.28	16353.31
db.InvestmentAssociationOrganizationPartner	34358.97	16113.7
db.InvestmentAssociationOrganizationPartnerCeo	35193.74	16081.56
db.InvestmentAssociationOrganizationPartnerCorporationSigner	34847.92	13751.86
db.InvestmentAssociationOrganizationPartnerCorporationSignerCeo	35027.35	13906.91
db.InvestmentAssociationOrganizationPartnerIndividualSigner	34121.15	13822.24
db.InvestmentAssociationOrganizationPartnerManager	31909.98	14444.88
db.InvestmentAssociationOrganizationPartnerSigner	34288.7	14025.36
db.InvestmentAssociationPartner	35458.81	17867.09
db.InvestmentAssociationPartnerResume	36780.05	15962.7
db.InvestmentAssociationPartnerResumeItem	36917.74	15522.93
db.InvestmentAssociationPartnerSalesIntent	33553.25	22146.78
db.RtccConsentSummary	14575.17	8709.13
db.InvestmentContractHolder	12139.03	18118.28
db.InvestmentRound	16639.28	8230.83
db.InvestmentRoundNewIssueEvent	16859.87	7807.75
db.InvestmentSimulation	16373.22	4051.13
db.InvestmentSimulationInitialOption	12800.49	3785.59
db.InvestmentSimulationInitialOptionGrantee	13447.87	3988.26
db.InvestmentSimulationInitialShareholder	11715.97	2978.32
db.InvestmentSimulationInitialStock	10150.28	553.03
db.InvestmentSimulationInvestor	18400.68	521.29
db.InvestmentSimulationNewIssueInvestment	17570.37	2684.36
db.InvestmentSimulationPurchaseInvestment	20860.92	2490.13
db.InvestmentSimulationPurchaseSellStock	21202.85	2029.33
db.InvestmentSimulationRound	15199.78	3457.57
db.InvestorInterest	35531.39	12146.71
db.InvestorMatching	26564.44	8992.81
db.InvestorRelations	28348.27	4919.03
db.InvitationSeat	10636.97	12127.01
db.InvitationSeatRequest	11773.15	9396.45
db.IrAiAnalysis	29003.09	4356.93
db.IrAiAnalysisLike	29426.9	3832.4
db.IrAlertInvestorRelations	31139.57	6909.06
db.IrApproval	28441.63	4277.05
db.IrApprovalNotificationDismiss	28541.44	3869.14
db.IrBrokerActivity	28792.43	6770.1
db.IrClosing	30371.78	3856.6
db.IrClosingComplete	29451.17	1972.32
db.IrClosingExpired	30360.29	4533.62
db.IrClosingIncomplete	31334.34	3900.02
db.IrConsultingRequest	26220.49	7801.41
db.IrFeed	27587.47	5121.49
db.IrFeedAccessLog	27972.99	5280.64
db.IrFeedRating	27693.09	4879.27
db.IrFundRaising	32858.16	4913.88
db.IrFundRaisingMemo	32092.22	5242.15
db.IrFundRaisingStageLog	32329.91	2099.87
db.IrInsightClub	32718.25	6445.58
db.IrInsightClubParticipation	32061.52	5514.3
db.IrInsightClubParticipationAttendee	31704.65	5082.24
db.IrInsightClubSurvey	32498.76	5607.61
db.IrInvestorFeedback	34371.47	11199.82
db.IrSubscriptionMarketingRequest	13324.36	5454.3
db.IrSyncState	5585.18	34463.79
db.Jurisdiction	14417.83	7750.33
db.LawtalkSignup	19207.85	15567.76
db.LawtalkSignupAttachment	19320.94	16065.94
db.LegalPartner	21805.59	13944.06
db.LegalPartnerSignupChannel	23194.67	13684.91
db.ManualOptionVesting	15484.81	18228.25
db.ManualOptionVestingItem	15295.45	18431.13
db.ManualProduct	23414.97	10418.05
db.Meeting	17862.62	17008.86
db.MeetingAttachment	18573.09	17140.34
db.MeetingAttorney	18154.59	16798.98
db.MeetingDirectorContact	16494.57	17292.63
db.MeetingDocument	16211.38	27076.11
db.MeetingDocumentGeneration	20352.62	21136.75
db.MeetingDocumentGenerationItem	21462.24	27629.96
db.MeetingDraft	17063.83	20710.56
db.MeetingDraftAgendaDirectorChange	16664.06	19465.05
db.MeetingDraftAgendaDirectorCompensation	14888.94	20145.35
db.MeetingDraftAgendaDirectorCompensationItem	14409.15	20354.48
db.MeetingDraftRegistrationAssistance	17183.75	21315.05
db.MeetingDraftSchedule	16455.8	20312.26
db.MeetingPrice	5538.22	34309.83
db.MembershipContent	2706.85	1849.78
db.MembershipContentAuthor	25970.85	26336.7
db.MembershipContentAuthorRelation	26172.18	26646.1
db.MiraeassetAccount	9751.3	10321.87
db.Mna	26179.14	8712.08
db.MnaBuyerAttachment	14089.36	7035.98
db.MnaConsultingRequest	24982.3	7065.01
db.ModusignAccount	21873.63	20556.84
db.ModusignApiKey	22179.48	21224.82
db.ModusignApiLog	21857.35	20069.81
db.ModusignAuthentication	21536.72	20124.85
db.ModusignAuthorizationRequest	5576.76	34159.01
db.ModusignDocument	22945.84	20791.06
db.ModusignDocumentActionHistory	23325.83	20547.5
db.ModusignDocumentModusignAccountRelation	22061.37	20305.02
db.ModusignDocumentModusignApiKeyRelation	22380.59	20930.28
db.ModusignDocumentParticipant	23154.99	20160.77
db.ModusignEmbeddedDraft	21873.9	23158.43
db.ModusignIaUserConnection	28841.02	14876.6
db.NaverWorkplaceAuthentication	5612.7	34005.42
db.NaverWorkplaceCompany	25683.61	13969.76
db.NaverWorkplaceEmployee	25426.22	13791.97
db.NcpSignupChannel	25314.78	13932.37
db.NewIssueEvent	16911.34	7648.47
db.NewIssueNoticeEmail	12589.13	23215.08
db.NewIssueNoticeEmailRecipient	12848.77	22764.02
db.NewIssueStockAllocationRecordDateNoticeDocument	18238.35	25919.19
db.NewPartnerInvestmentEvent	5622.71	33813.31
db.NonUnifiedShareCreateRequest	28895.94	29721.67
db.NonUnifiedShareEtcFile	28661.77	28771.72
db.NonUnifiedShareManagementHistory	28145.46	28661.22
db.NonUnifiedShareManagementSalesIntent	30116.59	25728.17
db.NonUnifiedShareStockUnissuedConfirmationFile	29092.38	31076.78
db.NonUnifiedShareSucPoaDocument	23930.02	22593.74
db.NonUnifiedShareSucPoaModusignDocument	23362.97	22211.3
db.NonUnifiedShareSucRenewRequest	27843.88	28508.2
db.NotarizationPoA	16367.51	23828.32
db.NotarizationPoaDirectorSigner	16261.08	23552.41
db.NotarizationPoaShareholderSigner	16848.3	23754.22
db.NotificationInbox	15810.73	7061.7
db.Option	16534.94	15017.26
db.OptionAttachment	5590.99	33599.78
db.OptionCancelEvent	5594.34	33454.14
db.OptionExerciseClaim	12886.79	17354.16
db.OptionExerciseClaimAttachment	13575.27	17137.97
db.OptionExerciseClaimCandidate	13241.39	17114.71
db.OptionExerciseClaimDocumentSetting	14454.28	15963.85
db.OptionExerciseClaimEventRelation	12947.13	17785.56
db.OptionExerciseClaimMeetingDocument	14321.03	21799.75
db.OptionExerciseClaimOption	13238.2	17322.1
db.OptionExerciseClaimOptionTaxation	13412.8	17491.98
db.OptionExerciseClaimPayment	13144.76	17655.66
db.OptionExerciseEvent	12813.35	17952.08
db.OptionExerciseManagement	14560.67	15336.9
db.OptionExerciseManagementAttachmentSetting	13990.42	16565.17
db.OptionExerciseManagementAttachmentSettingItem	13853.24	16930.32
db.OptionExerciseManagementEmail	14822.92	15789.94
db.OptionExerciseManagementReminderSetting	15296.16	15236.81
db.OptionExerciseManagementTaxation	14176.11	15117.32
db.OptionGrantContract	20541.32	18829.65
db.OptionGrantContractCeo	19670.33	15079.74
db.OptionGrantContractFirstRefusalRightHolder	20072.78	15086.24
db.OptionGrantContractModusignDocument	21600.35	19739.39
db.OptionGrantContractModusignEmbeddedDraft	21111.92	20950.54
db.OptionGrantContractStakeholder	19634.92	15259.72
db.OptionGrantContractTemplate	19474.65	15411.31
db.OptionGrantContractTemplateDraft	18334.23	15549.14
db.OptionGrantContractTemplateRevision	20168.37	15999.32
db.OptionGrantEvent	15775.79	18367.62
db.OptionGrantee	14981.06	18939.81
db.OptionManagement	16234.08	19642.72
db.OptionManagementStakeholderSeat	14538.17	18757.96
db.OptionPauseEvent	31429.23	1236.5
db.OptionQuantityTimeSeries	5607.69	33301.35
db.OptionResumeEvent	31615.47	1024.93
db.OptionTag	15141.93	13043.78
db.OptionTagCategory	15233.92	12898.6
db.OptionValueChange	16217.98	8087.57
db.OptionVesting	15539.4	18102.61
db.OptionVestingTraceable	5602.7	33119.97
db.Order	5184.83	5782.01
db.OrderPromotionRelation	6224.58	7391.65
db.OrderStaffInChargeRelation	5009.78	3908.21
db.OrderStatusHistory	4174.22	7847
db.OrganizationChart	13587.05	11968.37
db.OtherDocumentArchive	19804.89	16003.95
db.OtherDocumentArchiveAttachment	19986.56	16459.1
db.OwnerPermission	10534.99	8517.45
db.OwnerRole	11089.14	9008.42
db.OwnerRolePermissionRelation	10801.42	8790.62
db.PageNumberUpdatedPdfEvent	31671.05	9674.66
db.PasswordReset	5586.01	32949.3
db.Payment	20514.38	12057.48
db.PaymentLink	25044.88	12198.54
db.PaymentRefund	21144.04	11897.72
db.PaymentStatusHistory	21006.92	11757.32
db.PaymentStore	23281.84	12983.74
db.PaymentTermPartnerInvestmentEvent	5575.75	32793.56
db.Payroll	7933.68	2124.47
db.PayrollAnnualSalaryInfo	10183.62	13475.51
db.PayrollAnnualSalaryItem	9831.1	12599.95
db.PayrollDocumentSealStampSetting	16553.01	14749.52
db.PayrollEmployeeMonthlyWage	7101.97	18205.84
db.PayrollLedger	12976.79	14027.83
db.PayrollLedgerAttachment	12417.1	13565.68
db.PayrollLedgerFile	12847.54	13287.44
db.PayrollLedgerFileModificationRequest	13634.82	13025.2
db.PayrollLedgerItem	7429.47	10342.88
db.PayrollLedgerItemSettingRelation	8097.48	10421.09
db.PayrollManagementRelation	9897.84	4466.36
db.PayrollSetting	7460.63	10170.33
db.PayrollSettlement	12692.85	7221.92
db.PayrollSettlementAutoCreation	8844.99	4147.63
db.PayrollSettlementProgressLog	11989.98	7678.74
db.PayrollStaffUserRelation	7654.65	2362.99
db.PayrollStatement	10859.56	15000.3
db.PayrollStatementAttendance	10778.41	15297.72
db.PayrollStatementDocument	11782.29	14853.57
db.PayrollStatementEmail	12188.76	17006.51
db.PayrollStatementEmailRecipient	11773.11	17265.15
db.PayrollStatementItem	9749.95	11816.74
db.PayrollStatementPayrollInformation	11463.84	15030.13
db.PayrollStatementScheduledEmail	11829.14	16609.85
db.PayrollStatementScheduledEmailPeriodicTaskRelation	11730.74	16762.78
db.PdfEvent	31225.49	9591.03
db.PerformanceRsuVestingItem	15566.18	13681.36
db.PeriodPhantomStockVestingItem	10839.39	17929.89
db.PeriodRsuVestingItem	15528.19	13535.9
db.PeriodicOptionVesting	15132.53	18204.23
db.PeriodicOptionVestingItem	15117.72	18047.37
db.PhantomStock	10865.86	16790.32
db.PhantomStockGrantContract	10602.03	16344.67
db.PhantomStockGrantee	11246.4	18205.7
db.PhantomStockPauseEvent	15919.56	15395.34
db.PhantomStockResumeEvent	16158.3	15565.44
db.PhantomStockVestingItem	10624.57	17493.25
db.Phone	6563.66	10911.29
db.PhoneVerification	8362.49	12730.04
db.PingpongDelivery	20156.79	10817.13
db.PingpongDeliveryAddress	22706.41	12875.17
db.PipedriveSettings	5592.69	32600.86
db.PitchingDayHall	32259.69	6306.84
db.PitchingDayHallAccessLog	32430.96	6621.78
db.PitchingDayHallAssignedIrs	30523.26	5459.51
db.PortalAcademyGuide	5596	32451.63
db.PortalAcademyGuideSubject	5609.36	32295.26
db.PortalOptionGuide	5594.34	32110.3
db.PortfolioCompany	28252.46	13139.46
db.PortfolioCompanyFund	29933.28	12591.53
db.PortfolioCompanyManager	28247.31	14837.03
db.PortfolioCompanyUserRelation	28410.73	13334.74
db.Price	5585.18	31957.53
db.PrivacyPolicy	3965.93	31848.84
db.PrivacyPolicyLog	3946.42	32051.16
db.Product	23638.59	10588.36
db.Promotion	6723.68	6592.47
db.PromotionAddress	6646.62	4458.08
db.PromotionCode	24812.86	10715.45
db.PromotionCodeUsageHistory	24970.15	11054.95
db.Purchase	22028.25	12470.34
db.PurchaseItem	23202.48	12809.18
db.PurchaseStatusHistory	21705.38	12572.7
db.Purpose	17651.78	13772.65
db.PushToken	5538.22	31803.56
db.QrReplyPasswordReset	23926.97	15509.28
db.QrReplyPasswordResetRequest	24834.65	15706.15
db.QuarterlyReportRequest	26897.24	16060.12
db.QuarterlyReportRequestAttachment	24818.35	17079.03
db.QuarterlyReportRequestRecipient	28396.61	16744.87
db.QuarterlyReportRequestReportItem	26312.62	16013.09
db.QuarterlyReportSettings	27165.16	15101.49
db.QuarterlyReportSignupChannel	27185.93	13738.94
db.QuestionMessageAttachment	21369.9	18022.44
db.QuestionMessageScheduled	23537.7	8936.77
db.QuestionThread	20489.17	11044.84
db.QuestionThreadAssignment	20345.69	11734.71
db.QuestionThreadMessage	23004.82	9773.57
db.QuestionThreadMessageMarkAsAllReadLog	5586.78	31652.78
db.QuestionThreadMessagePeriodicTaskRelation	23362.04	8749.45
db.QuestionThreadTag	20683.11	11395.38
db.Registration	13887.23	20428.66
db.RegistrationAgenda	13507.84	22262.83
db.RegistrationAssistance	21418.68	15910.66
db.RegistrationAssistanceReceipt	21206.74	16274.63
db.RegistrationDirector	14792.83	20682.84
db.RegistrationFormCaptable	19226.87	24903.07
db.RegistrationFormCaptableDocument	18795.16	25233.03
db.RegistrationFormCaptableNotarizationRequestor	18190.29	23812.23
db.RegistrationHelp	18672.9	13141.49
db.RegistrationRoundRobinState	5612.7	31477.73
db.RegularProduct	23478.25	10791.32
db.RightToConsentOrConsult	15059.25	15964.61
db.RsuRsa	15607.61	14087.12
db.RsuExerciseClaim	14447.98	14565.84
db.RsuExerciseClaimAttachment	14143.33	14650.37
db.RsuExerciseClaimCandidate	13418.78	15751.36
db.RsuExerciseClaimCandidateEmailRecipient	13718.81	15954.84
db.RsuExerciseClaimEventRelation	15294.55	14961.69
db.RsuExerciseClaimRsu	14991.48	14499.89
db.RsuExerciseEvent	15763.56	15526.85
db.RsuExerciseManagement	13293.87	15311.92
db.RsuExerciseManagementAttachmentSetting	13584.34	15020.53
db.RsuExerciseManagementAttachmentSettingItem	13965.37	14788.84
db.RsuExerciseManagementEmail	14523.57	16400.58
db.RsuExtraAttachment	15965.24	13703.99
db.RsuGrantContract	16330.86	13797.13
db.RsuGrantContractModusignDocument	20759.47	18687.13
db.RsuGrantContractTemplate	16209.53	13247.64
db.RsuGrantContractTemplateStakeholder	16163.17	12694
db.RsuGrantee	13486.9	16394.73
db.RsuMeeting	16134.64	14236.68
db.RsuMeetingAttachment	16017.73	14421.71
db.RsuPauseEvent	15800.84	16765.16
db.RsuPerformanceCondition	15678.52	12805.6
db.RsuResumeEvent	15944.49	16888.11
db.RsuTag	15950.38	13106.23
db.RsuTagCategory	15804.64	12961.02
db.RsuVestingItem	14957.39	13727.6
db.RtccSummaryAnalysisRequest	14772.27	6818.17
db.RtccEmail	15097.79	16247.41
db.RtccEmailAuthentication	15762.27	17029.65
db.RtccInvestor	15587.71	17438.14
db.RtccInvestorFile	19236.71	18123
db.Safe	11734.91	17392.68
db.SafeConversionEvent	5597.68	31285.64
db.SafeCreateEvent	17099.01	16919.75
db.SalesIntent	32393.26	23671
db.SdContactRequest	34287.68	6185.17
db.SealCard	3353.99	5898.75
db.SealCardReturnRequest	2652.83	6013.85
db.SealCardReturnStatusHistory	3694.36	7611.35
db.SealCertificateDelivery	19450.78	10745.79
db.SealCertificateIssueRequest	19621.7	10900.71
db.SealStamp	16923.51	14712.54
db.SealStampImage	19163.63	16465.73
db.SealStampUsageHistory	12511.07	14256.78
db.SecondaryDeal	35152.6	3188.8
db.SelfRegistration	18185.72	16982.88
db.ServiceFee	23050.63	12028.05
db.ServiceFeeItem	24551.93	11473.6
db.ShareClass	15920.11	18116.01
db.Shareholder	12382.13	23402.47
db.ShareholderInstitutionMember	12003.95	22278.38
db.ShareholderInstitutionMemberCeo	11962.63	23102.95
db.ShareholdersAgreementModusignDocument	22074.44	20692.4
db.ShareholdersAgreementModusignEmbeddedDraft	21606.34	23388.82
db.ShareholdersAgreementStakeholder	10868.87	18789.06
db.ShareholdersMeeting	16470.75	23228.44
db.ShareholdersMeetingAgenda	17699.36	21619.78
db.ShareholdersMeetingConvocationNoticeEmail	18296.25	20797
db.ShareholdersMeetingConvocationNoticeEmailAttachment	19748.7	19474.37
db.ShareholdersMeetingConvocationNoticeEmailNewIssueAttachment	19316.3	24278.49
db.ShareholdersMeetingConvocationNoticeRecipient	19281.65	22727.17
db.ShareholdersMeetingConvocationNoticeWrittenRecipient	20411.15	23780.04
db.ShareholdersMeetingDirectorAttendance	15907.48	23381.55
db.ShareholdersMeetingShareholderAttendance	17519.81	24010.76
db.ShortUrlLog	5585.18	31125.69
db.SignupChannel	24189.92	13460.93
db.SignupLog	5538.22	30971.72
db.SiteSettings	5549.24	30820.91
db.SlackChannels	5566.56	30676
db.StaffInCharge	4023.96	3988.03
db.Stakeholder	11823.61	19125.45
db.StakeholderAccount	12522.57	16825.97
db.StakeholderCustodian	11205.92	19342.81
db.StakeholderSeat	10171.37	19305.08
db.StarredQuestionThread	19940.24	11164.46
db.Stock	15154.17	17483.26
db.StockConsolidationEvent	5532.49	30514.37
db.StockConversionEvent	5579.9	30366.84
db.StockDocumentAnalysis	26567.07	29193.13
db.StockReregistrationEvent	26750	29449.98
db.StockRetirementEvent	5563.41	30215.13
db.StockSplitEvent	5544.06	30069.29
db.StockTransferAgreement	17648.85	18365.34
db.StockTransferAgreementClauses	17929.93	18164.57
db.StockTransferAgreementItem	16877.67	18188.15
db.StockTransferAgreementManagement	16701.15	12535.07
db.StockTransferAgreementManagementStakeholderSeat	8927.57	6995.68
db.StockTransferAgreementModusignDocument	19982.23	20046.5
db.StockTransferAgreementModusignEmbeddedDraft	21108.78	21613.9
db.StockTransferAgreementPurchaserInstitution	18310.11	18557.12
db.StockTransferAgreementSellerInstitution	18187.82	18382.51
db.StockTransferEvent	17125.4	18040.17
db.StockTransferPrice	16974.94	17871.11
db.StripeCard	4553.84	4514.79
db.StripeCustomer	4616.3	5053.26
db.StripePayment	3604.82	5396.97
db.Subscription	20953.49	9267.69
db.SubscriptionBonus	22508.72	9449.14
db.SubscriptionModusignDocumentUsageHistory	27394.82	11601.99
db.SubscriptionPaymentRequest	21216.2	9980.88
db.SubscriptionPeriod	22225.78	8873.86
db.SubscriptionPerk	21700.01	8950.5
db.SubscriptionPlan	20394.26	10350.03
db.SubscriptionPlanOffering	20886.49	10288.15
db.SubscriptionPlanPerk	20860.02	10147.76
db.SubscriptionPlanPermission	19892.45	10311.74
db.SubscriptionReservation	19227.42	10443.39
db.SubscriptionSuspensionHistory	20884.81	9088.31
db.TanTableView	13237.32	6672.71
db.TaxBookkeepingServiceRequest	20503.69	12650.5
db.TaxPartnerTbkContract	23021.96	13321.14
db.TaxPartnerTbkContractItem	23115.43	13461.53
db.TbkConsulting	21077.93	12940.22
db.TbkConsultingMemo	21587.51	12713.08
db.TbkConsultingRefusal	20968.62	14502.05
db.TbkConsultingStatusLog	20909.37	12515.17
db.TbkContract	22193.19	13952.98
db.TbkContractBenefit	22349.34	14087.24
db.TbkContractSettlement	22553.19	13860.47
db.ThirdPartyApiNotice	30026.02	14870.46
db.ThirdPartyArticleProvider	20204.2	19766.18
db.ThirdPartyArticleProviderUserRelation	20193.81	19888.23
db.TwoFactorAuthentication	5557.4	29923.65
db.UnknownIssueEvent	5543.53	29770.27
db.UnknownPartnerInvestmentEvent	5622.71	507.86
db.UserApiKey	17804.75	4642.76
db.UserApiKeyCompanyAccess	17599.69	5700.59
db.UserApiKeyCompanyRelation	18175.81	5002.84
db.UserApiKeyRevocation	17553.3	4797.17
db.UserDailyAccess	5590.99	721.41
db.UserDetailedSurvey	5596	867.05
db.UserEmailConsentRequest	5606.03	1023.4
db.UserExtraAuthentication	5604.36	1201.23
db.UserGuideState	5589.34	1375.45
db.UserInvitation	10995.85	10593.3
db.UserInvitationInvitee	9935.58	10903.2
db.UserInvitationOwnerRoleRelation	11389.02	9354.05
db.UserMarketingStatus	5597.68	1517.51
db.UserNotificationSettings	5606.03	1677.45
db.UserProfileImage	21078.3	18377.79
db.UserProfileImageMapping	21440.5	18522.8
db.UserSealCardRelation	3064.29	6119.94
db.UserSessionLog	5589.34	1855.27
db.UserSettings	5585.18	1997.32
db.UserSurvey	5632.11	2151.29
db.ValuationServiceRequest	18563.88	12292.67
db.ValueWithVisibility	33620.35	2895.85
db.VcIrRecommendationRequest	32599.56	7528.68
db.VcIrRecommendationRequestResult	31171.53	6433.08
db.VcLpReport	33849.09	11513.04
db.VcLpReportRequest	34452.8	11876.93
db.VcLpReportRequestRecipient	32732.67	12557.42
db.VcNameAlias	35144.68	10343.63
db.VcSearchLog	25850.33	2607.34
db.VcUserRole	29185.04	6933.25
db.VentureBusinessCertificationExpirationNotificationLog	18320.57	14686.83
db.VentureCapital	34246.21	10813.59
db.VentureCapitalEmailTemplates	34756.2	10988.62
db.VentureCapitalPaymentLink	26727.01	11416.5
db.VentureCapitalQuarterlyReport	27377.09	15643.94
db.VentureCapitalQuarterlyReportContentTemplate	27744.22	13946.12
db.VentureCapitalQuarterlyReportItem	25852.95	15938.81
db.VentureCapitalQuarterlyReportItemReply	24433.86	17068.34
db.VentureCapitalQuarterlyReportReply	25038.43	15870.43
db.VentureCapitalSubscription	34908.27	9089.85
db.VentureCapitalSubscriptionPlan	35098.98	9407.84
db.VentureCapitalSubscriptionPlanPermission	36350.38	9341.65
db.VentureCapitalSubscriptionPlanPrice	35015.1	10200.13
db.VentureCapitalUserRelation	30595.82	8480.07
db.VentureComplex	24281.33	18120.39
db.VideoCollection	18794.91	7267.64
db.VideoContent	19394.28	6447.41
db.VideoContentHistory	19090.47	7716.26
db.VideoContentSpeecher	18984.47	6352.99
db.WebinarSubject	5623.6	2302.09
db.WebinarTarget	5605.46	2452.38
db.Whitepaper	4063.93	3580.93
db.WhitepaperPreviewFile	4110.91	3347.49
db.WhitepaperWatermarkFile	5161.74	2894.09
db.WhtBook	11342.49	14290.01
db.WhtBookWithoutDate	11097.91	14505.92
db.WhtCertificate	12486.12	14023.65
db.WhtReceipt	12021.34	14089.02
db.WithdrawAccountRequest	5674.57	2613.99
db.WithdrawnUser	5605.46	2757.95
db.YearEndTaxSettlement	9769.42	18432.35
db.YearEndTaxSettlementConfirmationSchedule	9250.89	17479.92
db.YetsAssistance	14984.51	32904.78
db.YetsAssistanceCreator	13553.11	32184.43
db.YetsAssistanceCreatorUser	13200.15	32455.67
db.YetsAssistanceCreatorYetsEmployee	9881.27	32229
db.YetsAssistanceMessage	15905.38	32658.8
db.YetsAssistanceMessageFile	22412.31	33758.24
db.YetsAssistanceStaffAccessLog	14243.75	32980.69
db.YetsAssistanceStaffFavoriteRelation	14848.5	32746.69
db.YetsEmail	9858.66	20658.47
db.YetsEmailAuthentication	8055.17	33221.67
db.YetsEmployee	7977.69	32114.86
db.YetsEmployeeFile	22588.91	34235.52
db.YetsEmployeeResult	9618.42	30865.72
db.YetsEmployeeResultAssistanceMessageRelation	13909.59	31673.01
db.YetsEmployeeResultStatusLog	9924.82	31307.87
db.YetsEmployeeResultWhtReceipt	22242.01	32842.91
db.YetsEmployeeSubmissionLog	8456.14	32802.71
db.YetsEmployeeUploadForm	10551.44	33040.22
db.YetsEmployeeUploadFormStatusLog	10124.44	33917.25
db.ZuzuOptionGrantContractTemplate	20410.52	15321.27
db.ZuzuOptionGrantContractTemplateRevision	20288.41	15445.4
db.ZuzuTaxAdvice	5659.54	2919.58
db.ZuzuTaxPhoneToken	6961.78	10680.33
document_ai.DocumentAiProcessRequest	27365.15	28793.61
document_ai.DocumentAiProcessResult	26764.56	31798.21
fi_sta.FiStaCompany	31696.93	35365.31
fi_sta.FiStaCompanyCeo	32521.13	32409.51
fi_sta.FiStaCompanySearchResult	31757.57	33815.07
fi_sta.FiStaContractDocument	29758.56	35932.43
fi_sta.FiStaManagement	33651.62	38183.67
fi_sta.FiStaModusignDocument	5641.57	3081.68
fi_sta.FiStaParticipant	30335.63	36498.03
fi_sta.FiStaStockTransferAgreementDocument	27473.84	36512.65
fi_sta.FiStaStockTransferNoticePoaDocument	29871.5	36309.09
fi_sta.FiStaStockUnissuedConfirmationDocument	5694.58	3228.73
fi_sta.FiStaStockUnissuedConfirmationPoaDocument	29678.35	32344.46
fi_sta.FiStaTransferStock	29361.72	36787.35
fi_sta.FiStaUser	32329.91	37421.77
vertex_ai.VertexAiPredictionRequest	35602.04	17008.97
vertex_ai.VertexAiPredictionResult	35722.27	16819.53
db.HrmAttendanceLocation	8208.12	16595.83
db.CompanyDocumentAIAnalysis	18778.64	15550.64
db.HrmSelectiveWorkPlan	6052.12	17019.73
db.HrmSelectiveWorkPlanItem	6209.12	16888.6
db.IncorporationRequestPromoterCustodian	22570.74	17937.88
db.InvestmentAgreement	16665.24	17004.08
db.RsuRsaSealedContractFile	16138.92	13565.74
db.RtccSummaryAnalysisRequestDocument	15214.07	8116.49
db.RtccSummaryAnalysisResult	14726.59	7246.19
db.RtccSummaryAnalysisResultDocument	15081.26	8348.52
db.AgendaOptionCancelOptionDistribution	15501.77	21411.28
db.CompanySsoConfiguration	16139.84	10846.24
db.CompanySsoEmailDomain	15362.38	10857.55
db.CompanySsoIdentity	15349.48	11057.52
db.HrmSelectiveWork	5347.15	18964.09
db.HrmSelectiveWorkPlanConfig	5274.87	19404.55
db.HrmSelectiveWorkSchedule	5556.89	19181.74
db.HrmSelectiveWorkSettlementConfig	4777.95	19404.55
db.HrmSlackIntegration	3122.95	15932.34
db.HrmSlackChannelConfig	3128.54	15602.37
db.IaPartnerWithdrawalEvent	35534.23	17482.1
db.OptionExerciseManagementCommonSetting	15035.76	15595.94
db.OptionExerciseManagementPaymentBankSetting	15321.33	11200.48
db.RsaForfeitEvent	15871.92	16201.33
db.RsaVestConfirmEvent	16629.54	15791.01
db.UserMailIntegration	14566.33	16963.66
leaf-card:0	14637.7	5445.19
leaf-card:1	24534.61	9916.47
leaf-card:2	2315.56	1338.04
leaf-card:3	22329.93	14572.46
leaf-card:4	29895.92	4856.17
leaf-card:5	3179.47	14520.02
leaf-card:6	5567.95	21157.85
leaf-card:7	19188.64	28539.88
leaf-card:8	16372.73	12169.01
leaf-card:9	23701.12	6967.45
leaf-card:10	24205.49	17484.99
leaf-card:11	21396.86	17559.73
leaf-card:12	24927.7	23401.94
leaf-card:13	18907.53	17578.88
leaf-card:14	19894.13	18600.35
leaf-card:15	13099.22	12566.45
leaf-card:16	3746.5	7863.64
leaf-card:17	19683.2	24476.95
leaf-card:18	34520.03	2983.05
leaf-card:19	4826.18	15663.17
leaf-card:20	8486.41	15564.8
leaf-card:21	18120.39	24978.76
leaf-card:22	18227.17	26513.69
leaf-card:23	31496.95	16865.84
leaf-card:24	22377.25	18157.23
leaf-card:25	33941.44	18248.61
leaf-card:26	33135	16493.65
leaf-card:27	27409.85	9965.93
leaf-card:28	28246.03	9795.18
leaf-card:29	17546.12	20242.23
leaf-card:30	17614.74	22211.08
leaf-card:31	18262.64	22277.91
leaf-card:32	14498.31	22794.17
leaf-card:33	21784.08	15041.37
leaf-card:34	29106.95	26598.12
leaf-card:35	10708.42	23680.4
leaf-card:36	17398.85	14051.16
leaf-card:37	19673.74	9998.01
leaf-card:38	18743.28	7965.43
leaf-card:39	28317.68	5928.61
leaf-card:40	14757.17	13416.26
leaf-card:41	10685.95	17208.68
leaf-card:42	18328.01	14395.43
leaf-card:43	13127.87	22294.8
leaf-card:44	17293.29	24650.19
leaf-card:45	13777.07	22843.52
leaf-card:46	15968.87	15070.28
leaf-card:47	31822.7	7876.4
leaf-card:48	15650.83	20853.99
