db.Address	23202.639999999999	18618.150000000001
db.AgendaAuthorizedSharesChange	17097.509999999998	22036.310000000001
db.AgendaBonusIssueNewIssueBalanceCertificateFile	19155.639999999999	18297.919999999998
db.AgendaBonusIssueNewIssueMinutesFile	18595.830000000002	16986.77
db.AgendaBonusIssueSharesToIssue	16949.950000000001	18492.43
db.AgendaBorrowCapital	17489.639999999999	20859.509999999998
db.AgendaBranchChange	17938.220000000001	20503.689999999999
db.AgendaCashDividends	16397.599999999999	20630.779999999999
db.AgendaCeoAddressChangeItem	12517.809999999999	22121.939999999999
db.AgendaChangeOfAoiClassStock	19019.009999999998	20483.380000000001
db.AgendaChangeOfAoiCustom	19501.689999999999	20463.02
db.AgendaChangeOfAoiDirectorCompensationRule	19660.419999999998	20970.630000000001
db.AgendaChangeOfAoiNumberOfDirectors	19584.669999999998	20795.68
db.AgendaChangeOfAoiThirdPartyAllocation	19024.599999999999	21197.040000000001
db.AgendaChangeOfArticlesOfIncorporation	18620.889999999999	20601.639999999999
db.AgendaDirectorChange	14502.1	22494.07
db.AgendaDirectorCompensation	16291.440000000001	21619.549999999999
db.AgendaDirectorCompensationItem	15820.09	21869.34
db.AgendaHeadOfficeRelocation	18721.490000000002	21950.150000000001
db.AgendaMethodOfGivingPublicNoticeChange	17219.599999999999	20069.02
db.AgendaNewIssue	16801.619999999999	22751.240000000002
db.AgendaNewIssueItem	18760.66	26514.68
db.AgendaNewIssueItemFromConversion	19312.200000000001	27006.990000000002
db.AgendaNewIssueItemFromPayment	18772.799999999999	26739.439999999999
db.AgendaNewIssueItemInstitutionMember	20879.029999999999	27224.529999999999
db.AgendaNewIssueItemInstitutionMemberCeo	19797.59	26675.360000000001
db.AgendaNewIssueItemShareClass	18867.049999999999	26117.009999999998
db.AgendaNewIssueItemShareholder	19576.209999999999	25951.57
db.AgendaNewIssueNewShareClass	17154.540000000001	22855.040000000001
db.AgendaOptionCancel	15750.25	21104.529999999999
db.AgendaOptionCancelGrantee	15102.879999999999	21103.419999999998
db.AgendaOptionCancelOption	15228.549999999999	21234.130000000001
db.AgendaOptionExerciseClaim	12470.959999999999	21461
db.AgendaOptionExerciseGrantee	14738.450000000001	21931.98
db.AgendaOptionExerciseGranteeOption	14536.91	22056.27
db.AgendaOptionGrant	16577.880000000001	19879.919999999998
db.AgendaOptionGrantGrantee	15727.969999999999	19082.790000000001
db.AgendaPurposeChangeItem	17940.75	25406.029999999999
db.AgendaRsuGrantGrantee	15191.23	14108.85
db.AgendaShareholdersMeetingConvocation	16520.380000000001	21476.580000000002
db.AiAnalysisFeedback	11662.030000000001	8282.9400000000005
db.AiPayrollLedger	6775.1599999999999	2018.22
db.AlimtalkActivity	33016.720000000001	12993.85
db.AlimtalkActivityRecipient	32196.439999999999	13314.24
db.AlimtalkActivityRecipientStatusHistory	32138.220000000001	13467.440000000001
db.AllocatedSeat	10560.209999999999	13568.01
db.Announcement	20967.25	10477.959999999999
db.AnnualSalary	11842.280000000001	13856.620000000001
db.AppCard	20923.099999999999	12286.969999999999
db.Article	20201.23	19039.990000000002
db.ArticlePublishHistory	20214.029999999999	19164.91
db.ArticlesOfIncorporation	17570.110000000001	14330.59
db.ArticlesOfIncorporationAnalyzationResult	11470.120000000001	5550.1899999999996
db.AuditLog	15549.98	6029.1899999999996
db.AvailableModusignRequest	21267.48	20676.25
db.BaseModusignDocumentUsageHistory	24249.400000000001	12865.17
db.Basket	22379.040000000001	12146.6
db.BeforeunloadPdfEvent	30471.599999999999	9227.9099999999999
db.BonusIssueEvent	5590.9899999999998	37857.290000000001
db.BranchAbolitionEvent	17019.66	17283.23
db.BranchInstallationEvent	18814.740000000002	17871.029999999999
db.BulkEmail	14676.91	16684.57
db.BulkEmailCommonAttachment	19325.73	17739.419999999998
db.BulkEmailRecipientAttachment	18855.799999999999	18721.290000000001
db.BulkEmailTemplate	19168.32	14307.209999999999
db.BulkEmailTemplateRevision	17909.889999999999	15684.59
db.BusinessPlan	14959.25	10188.51
db.BusinessPlanAiAnalysis	13387.1	9205.3700000000008
db.BusinessPlanAiAnalysisItem	12125.82	8544.8500000000004
db.BusinessPlanAiAnalysisItemImprovement	11800.190000000001	7823.5100000000002
db.BusinessPlanAiReview	14883.780000000001	10014.15
db.CalendarEvent	5586.0100000000002	37711.639999999999
db.CapitalReductionEvent	5554.0600000000004	37555.870000000003
db.CashIncentive	12477.1	12557.26
db.CashIncentiveCategory	14158.84	11866.389999999999
db.CashIncentiveItem	12018.379999999999	12615.040000000001
db.CashPayment	22143.790000000001	12671.559999999999
db.Charge	20247.799999999999	12236.709999999999
db.CmeBulkEmail	17140.52	16040.08
db.CmeBulkEmailRecipient	16946.919999999998	16331.860000000001
db.CmeBulkEmailTemplate	19613.189999999999	14415.34
db.CmeCompany	19286.610000000001	12802.57
db.CmeCompanyContact	19801.860000000001	12897.6
db.CmeCompanyContactNotificationSettings	19768	12756.389999999999
db.CmeCompanyDirectorTermManagement	19770.099999999999	12579.84
db.CmeCompanyNote	19288.860000000001	12505.73
db.CmeCompanyRegistration	20254.130000000001	13577.219999999999
db.CmeCompanyRegistrationFile	20471.84	13767.799999999999
db.CmeContact	20337.580000000002	13442.360000000001
db.CmeMemberRelation	20460.360000000001	13113.1
db.CommonAddress	5585.1800000000003	37409.650000000001
db.Company	16614.349999999999	10664.27
db.CompanyBulkEmailTemplate	18759.799999999999	14179.610000000001
db.CompanyCreateProgress	22709.220000000001	15834.73
db.CompanyCreateRequest	22237.740000000002	15900.68
db.CompanyDepartment	11697.389999999999	12835.92
db.CompanyDepartmentCode	11636.450000000001	12567.469999999999
db.CompanyDocumentDelivery	18329.189999999999	11008.370000000001
db.CompanyEndorsement	23470.98	3518.7399999999998
db.CompanyEndorsementFeed	25408.779999999999	2367.3099999999999
db.CompanyExpertClientRelation	20997.91	13210.290000000001
db.CompanyFeed	27205.27	1072.97
db.CompanyFeedAccessLog	36892.629999999997	570.52999999999997
db.CompanyFeedRating	27852.709999999999	153.08000000000001
db.CompanyIrClosingFeed	27268.259999999998	3324.2600000000002
db.CompanyIrNewCommitFeed	27736.900000000001	3153.7199999999998
db.CompanyIrOpenFeed	27883.16	2519.6700000000001
db.CompanyLegalPartnerRelation	21907.16	13328.91
db.CompanyManagingEntity	20004.490000000002	13245.33
db.CompanyMethodOfGivingPublicNoticeChange	17338.02	13411.16
db.CompanyNews	18377.84	5912.9399999999996
db.CompanyNewsFeed	18857.810000000001	6212.6099999999997
db.CompanyNewsLink	18490.82	5046.75
db.CompanyNotificationSetting	15933.540000000001	9805.5699999999997
db.CompanyNotificationTrigger	15509.709999999999	9050.8899999999994
db.CompanyOwnerAuditLog	10401.549999999999	7767.7600000000002
db.CompanyOwnerAuditLogOwnerRoleRelation	11023.719999999999	8605.8600000000006
db.CompanyOwnerNotificationTrigger	15420.549999999999	9304.6900000000005
db.CompanyPaymentLink	22101.810000000001	10614.120000000001
db.CompanyPromotionInfo	15872.940000000001	6199.3299999999999
db.CompanyPromotionPrizeType	16273.25	5583.2200000000003
db.CompanyPurposeChange	17307.950000000001	12882.379999999999
db.CompanyPurposeChangeItem	17520.549999999999	13210.780000000001
db.CompanyQuestionThread	19012.48	13018.389999999999
db.CompanyRegistrationStaffStatus	5570.7299999999996	37255.669999999998
db.CompanyUpdateRequest	18078.459999999999	12391.93
db.CompanyUserRelation	9904.5400000000009	10748.299999999999
db.CompanyUserRelationOwnerRoleRelation	10221.43	9503.4899999999998
db.ConsentForm	23202.860000000001	35547.720000000001
db.ConsentFormItem	23186.259999999998	27223.220000000001
db.ConsentFormModusignDocument	23581.400000000001	30567.900000000001
db.ConsentFormModusignEmbeddedDraft	21979.549999999999	23635.27
db.ConsentFormOptionItem	22587.029999999999	24112.849999999999
db.CorporateRegistration	18966.060000000001	14787.379999999999
db.CorporateRegistrationChangeConfirmation	18625.049999999999	12977.870000000001
db.CorporateRegistrationChangeDetection	18189.93	13244.99
db.CorporateRegistrationChangeDetectionParseResult	18416.450000000001	12837.48
db.CorporateRegistrationExtractionLog	20389.959999999999	15200.42
db.CorporateRegistrationIssueCoupon	18933.52	12754.07
db.CorporateRegistrationIssueCouponIssueLog	19121.240000000002	12357.75
db.CorporateRegistrationIssueCouponUseRequest	19383.84	14701.469999999999
db.CorporateRegistrationIssueCouponUseResult	19995.700000000001	14920
db.CorporateRegistrationIssueLog	20477.380000000001	15061.870000000001
db.CorporateRegistrationIssueMaintenance	30936.549999999999	14904.049999999999
db.CorporateRegistrationIssueRequest	19044.310000000001	10902.299999999999
db.CorporateRegistrationPaidIssue	19214.970000000001	15016.639999999999
db.CorporationPostRegistrationEmail	14521.76	5045.1300000000001
db.CorporationPostRegistrationScheduledEmail	16028.33	5105.4300000000003
db.CorporationPostRegistrationScheduledEmailPeriodicTaskRelation	15613.01	4925.5600000000004
db.Credit	20485.490000000002	12441.16
db.CreditCard	22028.540000000001	12010.43
db.CreditUse	21515.299999999999	12364.309999999999
db.CsAgentResponse	24619.560000000001	9296.7999999999993
db.CsAgentResponseFeedBack	25099.41	9202.4400000000005
db.CustomOptionGrantContractTemplate	19691.849999999999	15545.950000000001
db.CustomOptionGrantContractTemplateRevision	20896.07	15342.620000000001
db.DailyNewspaper	17620.459999999999	14659.24
db.DataPortalAddressInformationCache	5622.71	37073.690000000002
db.DemoCompanyCreationLog	5604.3599999999997	36860.129999999997
db.Department	15910.200000000001	34805.830000000002
db.DepartmentStaffUserRelation	18333.900000000001	34206.660000000003
db.Director	17231.599999999999	15635.389999999999
db.DirectorsMeeting	16093.08	20733.349999999999
db.DirectorsMeetingAgenda	16128.049999999999	21163.349999999999
db.DirectorsMeetingDirectorAttendance	15645.610000000001	20648.93
db.DirectorsMeetingNoticeEmail	15475.75	20410.740000000002
db.DirectorsMeetingNoticeEmailRecipient	16021.799999999999	20427.07
db.DivaFund	5585.1800000000003	36685.889999999999
db.DocumentDelivery	19575.439999999999	11045.950000000001
db.DocumentDeliveryQuestionThreadRelation	20090.869999999999	10993.85
db.DocumentLoadedPdfEvent	30989.150000000001	9332.6700000000001
db.DocumentParseResult	20014.650000000001	16124.559999999999
db.DormantConversionNotifiedActivity	5575.75	36531.940000000002
db.DormantUser	1953.6199999999999	33493.870000000003
db.DormantUserEmail	3325.4000000000001	32221.650000000001
db.DormantUserPhone	2621.2399999999998	31539.360000000001
db.DormantUserReactivationToken	3490.6799999999998	32382.580000000002
db.ESOP	11388.959999999999	15881.48
db.ESOPParticipant	11117.209999999999	15147.6
db.ElectronicCertificate	17064.32	13138.629999999999
db.ElectronicCertificateFileDownloadHistory	18471.450000000001	16651.139999999999
db.ElectronicCertificateFileUploadRequest	18293.200000000001	16369.57
db.ElectronicCertificateFileUploaded	18452.860000000001	16509.950000000001
db.ElectronicCertificateReturnRequest	24610.849999999999	19840.009999999998
db.Email	23495.029999999999	1207.49
db.EmailActivity	24432.259999999998	26810.080000000002
db.EmailActivityRecipient	24241.450000000001	23700.23
db.EmailActivityRecipientStatusHistory	24674.630000000001	25542.419999999998
db.EmailVerification	24132.639999999999	1569.4000000000001
db.Employee	10630.51	13956.950000000001
db.EmployeeDepartmentCodeRelation	11288.610000000001	12749.799999999999
db.EmployeeOption	12088.83	11231.48
db.EmployeeOptionExerciseCandidate	12638.809999999999	11640.190000000001
db.EmployeeOptionExerciseCandidateFile	12622.26	11282.35
db.EmployeeOptionExerciseClaim	14116.620000000001	11521.299999999999
db.EmployeeOptionExerciseClaimOption	13208.959999999999	11206.57
db.EmployeeOptionExerciseManagement	14602.09	11665.370000000001
db.EmployeeOptionExerciseManagementEmail	14460.66	14137.809999999999
db.EmployeeOptionGrantee	11195.059999999999	12494.530000000001
db.EmployeeOptionVesting	11210.4	11507.42
db.EmployeeOptionVestingItem	11134.450000000001	11774.41
db.EmployeeOptionVestingTraceable	12078.530000000001	11673.93
db.EmployeeStock	11763.889999999999	15321.440000000001
db.EmployeeStockDepositEvent	5609.3599999999997	36339.239999999998
db.EmployeeStockGuide	12172.690000000001	16255.110000000001
db.EmployeeStockGuideAudience	12114.58	15249.559999999999
db.EmployeeStockGuideEmail	13084.469999999999	16882.77
db.EmployeeStockTag	11526.190000000001	15706.75
db.EmployeeStockTagCategory	11356.469999999999	15318.059999999999
db.EmployeeStockWithdrawEvent	5611.0299999999997	36154.279999999999
db.EmployeeStockWithdrawRequest	11804.139999999999	16425.360000000001
db.EmploymentCertificateDocumentRequest	14310.59	12216.200000000001
db.EmploymentStatusHistory	12551.85	13161.08
db.Event	16326.35	16210.059999999999
db.EventAttachment	16847.330000000002	16196.950000000001
db.ExpertClient	21523.610000000001	13709.32
db.ExpertClientIncorporationSupport	20861.98	13811.110000000001
db.ExpertClientSignupChannel	23428.009999999998	13745.66
db.ExpertClientTaxServiceSettings	21245.34	13947.73
db.FABContent	21287.330000000002	17320.459999999999
db.Faq	5585.1800000000003	35965.760000000002
db.FaqLink	5538.2200000000003	35811.790000000001
db.Feed	26957.860000000001	3953.1500000000001
db.FileAttachment	20351.18	18113.810000000001
db.FinanceAndInsurance	5561.7600000000002	35660.989999999998
db.FinancialAccount	12756.76	16710.580000000002
db.FinancialInstitution	12838.16	16368.290000000001
db.Fund	31526.080000000002	12592.610000000001
db.FundPartner	32892.849999999999	12484.959999999999
db.FundingNewsDistributionServiceRequest	18686.98	13998.440000000001
db.HelpTemplate	10622.110000000001	6558.9899999999998
db.HoldingCompany	19999.09	13070.110000000001
db.Holiday	5538.2200000000003	35518.709999999999
db.Hrm	3714.02	15387.42
db.HrmAlpConfig	2039.9400000000001	14902.59
db.HrmAlpConfigIndivApprovalTemplateRel	2442.6599999999999	14595.969999999999
db.HrmAlpExcludedEmp	8411.7000000000007	17467.23
db.HrmAlpLaborReceiptRefusal	7820.5100000000002	18626.32
db.HrmAlpTarget	7940.0900000000001	18335.389999999999
db.HrmAlpUsageDesignation	8270.8799999999992	18333.619999999999
db.HrmAlpUsageDesignationDate	8576.8099999999995	18223.560000000001
db.HrmAlpUsagePlan	8148.2600000000002	18051.52
db.HrmAlpUsagePlanDate	8567.75	17742.990000000002
db.HrmAnnualLeave	6846.6199999999999	21985.209999999999
db.HrmAnnualLeaveAdjustment	8085.0900000000001	17649.150000000001
db.HrmAnnualLeaveConfigBase	6831.4300000000003	22999.389999999999
db.HrmAnnualLeaveFiscalBasedConfig	7087.5100000000002	25930.439999999999
db.HrmAnnualLeaveHireBasedConfig	6758.4200000000001	24947.619999999999
db.HrmApprovable	6219.0799999999999	17344.650000000001
db.HrmApproval	6513.6599999999999	17729.400000000001
db.HrmApprovalLine	6634.3100000000004	17884.299999999999
db.HrmApprovalReview	6222.8900000000003	17969.689999999999
db.HrmApprovalTemplate	4976.2600000000002	17644.459999999999
db.HrmApprovalTemplateLine	5784.4899999999998	18026.02
db.HrmApprovalTemplateReview	5447.6700000000001	17983.740000000002
db.HrmApprover	5958.4300000000003	18247.360000000001
db.HrmAttendance	6545.7700000000004	17344.029999999999
db.HrmAttendanceItem	8065.1800000000003	17188.060000000001
db.HrmCertificateConfig	2950.7800000000002	15320.870000000001
db.HrmCertificateConfigIndividualApprovalTemplateRelation	2357.0300000000002	15891.040000000001
db.HrmCommonLocation	7860.25	14286.200000000001
db.HrmDailyLeaveUsageItem	8043.9399999999996	20717.110000000001
db.HrmDept	3250.6799999999998	17870.23
db.HrmDeptAbolishedEvent	3782.4200000000001	23102.939999999999
db.HrmDeptCreatedEvent	3632.02	20859.880000000001
db.HrmDeptEventBase	2851.6199999999999	20408.330000000002
db.HrmDeptName	2726.77	19491.880000000001
db.HrmDeptNameChangedEvent	2919.3000000000002	19750.130000000001
db.HrmDeptNameEventBase	2566.8000000000002	20115.709999999999
db.HrmDeptParent	3418.6199999999999	19486.23
db.HrmDeptParentChangedEvent	3000.6199999999999	19989.540000000001
db.HrmDeptParentEventBase	3584.4000000000001	20020.709999999999
db.HrmDeptStatus	3905.7800000000002	19753.91
db.HrmDeptStatusEventBase	3724.5500000000002	21670.790000000001
db.HrmDocument	4615.6800000000003	16422.290000000001
db.HrmDocumentDraft	4540.3599999999997	13619.879999999999
db.HrmDocumentDraftFieldAttachment	4280.54	9628.9400000000005
db.HrmDocumentDraftFieldMultiSelectValue	3213.2600000000002	12004.030000000001
db.HrmDocumentDraftFieldValue	3387.9000000000001	11544.9
db.HrmDocumentFieldAttachment	2360.79	12882.93
db.HrmDocumentFieldMultiSelectValue	3542.8600000000001	12635.1
db.HrmDocumentFieldValue	3293.4699999999998	12841.02
db.HrmDocumentForm	3059.1700000000001	13279.5
db.HrmDocumentFormFieldDefinition	1887.1400000000001	12812.93
db.HrmDocumentFormFieldSelectOption	2964.3499999999999	12230.76
db.HrmDocumentFormIndividualApprovalTemplateRelation	2780.6599999999999	13450.1
db.HrmEmp	7256.7700000000004	17666.299999999999
db.HrmEmpAbsenceEvent	7504.1300000000001	14888.379999999999
db.HrmEmpAffiliation	5659.3999999999996	17065.279999999999
db.HrmEmpAffiliationChangedEvent	5625.1499999999996	16507.490000000002
db.HrmEmpAffiliationDept	5018.0100000000002	17490.73
db.HrmEmpAffiliationEventBase	6145.9099999999999	16784.540000000001
db.HrmEmpContract	7442.6999999999998	34673.989999999998
db.HrmEmpContractMgmt	4928.1800000000003	23985.650000000001
db.HrmEmpContractModusignDocument	24246.580000000002	38090.110000000001
db.HrmEmpContractTemplate	2249.5	19739.59
db.HrmEmpContractTemplateRevision	3145.2199999999998	22833.360000000001
db.HrmEmpContractTemplateRevisionSigner	2427.8200000000002	23474.459999999999
db.HrmEmpDepartedEvent	8428.1900000000005	14942.58
db.HrmEmpEmploymentType	6750.8199999999997	16987.200000000001
db.HrmEmpEmploymentTypeChangedEvent	7452.4300000000003	16600.720000000001
db.HrmEmpEmploymentTypeEventBase	7024.8599999999997	16820.470000000001
db.HrmEmpEventBase	7273.96	16405.610000000001
db.HrmEmpJob	5875.4399999999996	16128.469999999999
db.HrmEmpJobChangedEvent	6707.1400000000003	15595.709999999999
db.HrmEmpJobEventBase	6662.4200000000001	15920.139999999999
db.HrmEmpJoinedEvent	7776.5900000000001	15736.940000000001
db.HrmEmpReturnToWorkEvent	7897.3599999999997	14747.02
db.HrmEmpSalaryAccount	13145.6	14698.389999999999
db.HrmEmpStatusEventBase	7487.3500000000004	15208.84
db.HrmEmpUserInvitation	5484.6700000000001	17493.369999999999
db.HrmEmpUserInvitationInvitee	5896.25	17762.869999999999
db.HrmEmpWorkAssignment	6452.9399999999996	18558.060000000001
db.HrmEmpWorkLocationAssignment	7056.6599999999999	15370.4
db.HrmEmpWorkLocationConfig	7014.4899999999998	16004.5
db.HrmFixedWork	5332.75	18438.939999999999
db.HrmFixedWorkSchedule	5420.6999999999998	18298.560000000001
db.HrmGrantableLeave	6593.3900000000003	20145.630000000001
db.HrmLeaveBase	6346.3100000000004	21063.860000000001
db.HrmLeaveGrant	6898.3299999999999	18957.860000000001
db.HrmLeaveUsage	9032.0799999999999	18137.330000000002
db.HrmLeaveUsageAttachment	9427	19184.66
db.HrmLeaveUsageItem	7582.9099999999999	18895.189999999999
db.HrmOngoingAttendance	8785.8400000000001	16882
db.HrmOngoingAttendanceClockedSchedule	9317.8700000000008	16550.900000000001
db.HrmPersonalLocation	8426	16775.830000000002
db.HrmRequestor	4607.4399999999996	19026.220000000001
db.HrmStaggeredWork	4394.4099999999999	19391.040000000001
db.HrmStaggeredWorkSchedule	4955.6899999999996	20501.919999999998
db.HrmStandardWork	3013	16218.48
db.HrmStandardWorkSchedule	2608.8600000000001	17143.490000000002
db.HrmWorkAutoClockOutConfig	4712.5200000000004	18664.580000000002
db.HrmWorkBase	5274.8699999999999	18678.52
db.HrmWorkIndividualApprovalTemplateRelation	6185.0900000000001	19360.080000000002
db.HrmWorkLocation	6659.0200000000004	14507.76
db.HrmWorkLocationGpsConfig	8756.7399999999998	14249.209999999999
db.HrmWorkOvertime	4788.7200000000003	18524.189999999999
db.IBKSignupChannel	24606.349999999999	13382.120000000001
db.IBKUser	24587.110000000001	13090.92
db.IBKUserLoginToken	24548.759999999998	13247.719999999999
db.IaAccountInfo	31306.93	17821.139999999999
db.IaCertificateOfInvestmentDocumentEmail	1806.76	20165.66
db.IaCertificateOfInvestmentDocumentRecipient	1849.5699999999999	19982.349999999999
db.IaConsentForm	32740.75	18259.029999999999
db.IaConsentFormOrMeeting	30400.080000000002	19071.939999999999
db.IaConsentFormOrMeetingDocumentGeneration	31263.77	18937.299999999999
db.IaConsentFormOrMeetingDocumentGenerationItem	31967.84	18923.439999999999
db.IaConsentFormOrMeetingElectronicSignatureRequest	29217.169999999998	21454.889999999999
db.IaConsentFormOrMeetingElectronicSignatureRequestModusignDocument	27736.509999999998	21112.43
db.IaConsentFormOrMeetingElectronicSignatureRequestModusignEmbeddedDraft	25148.790000000001	23662.560000000001
db.IaConsentFormOrMeetingElectronicSignatureRequestStatusHistory	29193.66	21827.110000000001
db.IaConsentFormOrMeetingElectronicSignatureRequestUploadedModusignDocument	27179.119999999999	21545.560000000001
db.IaConsentFormOrMeetingElectronicSignatureRequiredDocument	30905.799999999999	19820.189999999999
db.IaConsentFormOrMeetingEsigRequiredDocumentPageRange	31756.810000000001	19205.470000000001
db.IaConsentFormOrMeetingGuideEmail	30911.52	18619.380000000001
db.IaConsentFormOrMeetingGuideEmailRecipient	30871.860000000001	18361.419999999998
db.IaDocumentArchive	29992.189999999999	13893.85
db.IaDocumentArchiveAttachment	29599.060000000001	14057.110000000001
db.IaExpertPartnerBulkEmailTemplate	19907.389999999999	14717.700000000001
db.IaExplanationFormForElectronicSignatureDocument	32988.209999999999	19440.68
db.IaFoundingMeetingEvent	5568.4099999999999	35367.900000000001
db.IaFoundingProgressStatus	29542.27	17093.23
db.IaGpAppointmentEvent	32342.060000000001	17411.98
db.IaGpTerminationEvent	32609.91	17781.950000000001
db.IaInvestmentCertificateRegistrationRequest	35626.440000000002	19843.389999999999
db.IaLegalPartnerRelation	25411.470000000001	14411.15
db.IaMeeting	29984.540000000001	21149.799999999999
db.IaMeetingAgenda	32374.380000000001	20579.119999999999
db.IaMeetingAgendaCustom	32705.779999999999	20989.200000000001
db.IaMeetingAgendaVote	32140.279999999999	23044.25
db.IaMeetingConvocationNoticeEmail	31713.709999999999	21985.110000000001
db.IaMeetingConvocationNoticeRecipient	31096.740000000002	21399.799999999999
db.IaMeetingMinutesDocument	32032.650000000001	19973.450000000001
db.IaMeetingNoticeDocument	31664.959999999999	19775.07
db.IaMeetingSealedNoticeDocumentFile	27016.599999999999	19208.5
db.IaModusignDocumentUsageHistory	25357.970000000001	13021.99
db.IaOperation	31768.73	15608.559999999999
db.IaOperationManagement	31581.389999999999	15872.27
db.IaOwnerAuditLog	22971.619999999999	3289.6799999999998
db.IaPartnerDataCollection	25444.779999999999	17204.790000000001
db.IaPartnerInvestmentConfirmation	32237.689999999999	16542.200000000001
db.IaPartnerInvestmentConfirmationEmail	13291.799999999999	2716.5799999999999
db.IaPartnerInvestmentConfirmationEmailRecipient	13450.709999999999	2575.7199999999998
db.IaPartnerListDocument	32388.25	18757.830000000002
db.IaPaymentLink	26093.02	12090.610000000001
db.IaPfCompany	28603.110000000001	16617.720000000001
db.IaPfCompanyInvestment	29169.919999999998	22329.470000000001
db.IaPfCompanyInvestmentSalesIntent	31055.02	22615.43
db.IaPfCompanyInvestmentStock	28653.509999999998	22684.700000000001
db.IaQuestionThread	21739.709999999999	11850.860000000001
db.IaRule	24546.32	18812.939999999999
db.IaRuleCompensation	26505.689999999999	19285.189999999999
db.IaRuleDocument	25460.580000000002	18883.16
db.IaRuleInvestment	26678.639999999999	18513.360000000001
db.IaRuleMeeting	25295.18	19472.98
db.IaRulePartner	26015.720000000001	19317.07
db.IaSealStampImage	21476.220000000001	18187.060000000001
db.IaShareTransferEvent	5554.0600000000004	35211.349999999999
db.IaUserInvitation	31189.419999999998	16206.68
db.IaUserInvitationInvitee	33729.489999999998	15985.51
db.ImAcVcBroker	27333.360000000001	10675.77
db.ImAttachment	30463.900000000001	9689.1800000000003
db.ImAttachmentDownloadLog	32335.290000000001	10442.790000000001
db.ImAttachmentPdfEvent	31858.040000000001	9900.6399999999994
db.ImBroker	30055.330000000002	10504.85
db.ImBrokerAssignmentInvitedUser	29475.110000000001	10090.040000000001
db.ImConsultingRequest	25491.77	7014.79
db.ImContactRequestIntention	28105.450000000001	9463.9799999999996
db.ImDay	30786.990000000002	9072.9699999999993
db.ImDayParticipation	30507.75	8765.3999999999996
db.ImDayParticipationAttachment	30007.560000000001	8139.0200000000004
db.ImDaySurvey	28655.32	8938.7900000000009
db.ImDisclosing	27383	7540.4200000000001
db.ImIndividualGpBroker	29168.75	10761.370000000001
db.ImInvestorBroker	32068.450000000001	10655
db.ImIrPartnerBroker	28834.16	10359.42
db.ImIrPartnerBrokerOwnerRelation	28403	10504.26
db.ImNote	27135.200000000001	8304.4799999999996
db.ImPitchingDay	29946.23	8863.1800000000003
db.ImPitchingDayParticipation	28752.98	7359.2700000000004
db.ImTag	28449.34	8337.2999999999993
db.ImZuzuBroker	29525.799999999999	10532.6
db.IncorporationIssueEvent	5604.3599999999997	35065.110000000001
db.IncorporationRequest	21314.369999999999	15082.610000000001
db.IncorporationRequestAoiFile	21619.48	14784.110000000001
db.IncorporationRequestAssistanceReceipt	21431.959999999999	16415.009999999998
db.IncorporationRequestPromoterInstitutionCeo	22443.5	15717.67
db.IncorporationRequestPurpose	20801.279999999999	15122.129999999999
db.IndividualInvestorCompany	29623.220000000001	26162.330000000002
db.IndividualInvestorCompanyCeo	25887.810000000001	22326.18
db.IndividualInvestorCompanyName	31756.139999999999	26192.779999999999
db.IndividualInvestorCompanyParValue	28795.110000000001	26214.779999999999
db.IndividualInvestorCompanyShareClass	29497.490000000002	28739.32
db.IndividualInvestorEvent	33487.309999999998	29638.110000000001
db.IndividualInvestorUser	24419.049999999999	20230.139999999999
db.IndividualStakeholder	12313.469999999999	20525.950000000001
db.IndividualStockOption	28070.77	23809.369999999999
db.IndividualStockOptionCancelEvent	34653.07	30480.240000000002
db.IndividualStockOptionCreateRequest	29029.59	23596.209999999999
db.IndividualStockOptionCreateRequestEtcFile	30020.360000000001	23556.810000000001
db.IndividualStockOptionExerciseEvent	34967.199999999997	31768.720000000001
db.IndividualStockOptionGrantContract	27728.400000000001	23413.66
db.IndividualStockOptionGrantEvent	33609.169999999998	27556.939999999999
db.IndividualStockOptionGrantee	27737.970000000001	22507.240000000002
db.IndividualStockOptionPauseEvent	29920.25	28769.150000000001
db.IndividualStockOptionResumeEvent	30576.639999999999	31327.57
db.IndividualStockOptionSalesIntent	30932.25	23713.759999999998
db.IndividualStockOptionVesting	28722.610000000001	24296.93
db.IndividualStockOptionVestingItem	28827.639999999999	24041.43
db.IndividualStockOptionVestingTraceable	28437.93	23358.209999999999
db.IndustrialCode	17637.080000000002	13582.950000000001
db.InputChannel	25126.82	14232.030000000001
db.InputSignupChannel	24623.470000000001	13953.73
db.InstitutionStakeholder	11899.32	21347.869999999999
db.InstitutionStakeholderManager	11876.549999999999	21884.919999999998
db.InternetRegistryOfficeOtp	17755.91	15547.67
db.InternetRegistryOfficeOtpReturnRequest	22510.549999999999	20155.060000000001
db.InvestmentAssociation	28341.720000000001	15896.889999999999
db.InvestmentAssociationAssociationPartner	32988.209999999999	14998.370000000001
db.InvestmentAssociationAssociationPartnerManager	5622.71	34890.889999999999
db.InvestmentAssociationCorporationPartner	35238.480000000003	15054.549999999999
db.InvestmentAssociationCorporationPartnerManager	5622.71	34677.339999999997
db.InvestmentAssociationDocument	32621.759999999998	19166.490000000002
db.InvestmentAssociationEvent	30533.860000000001	17125.889999999999
db.InvestmentAssociationIndividualPartnerLegalRepresentative	33735.300000000003	16469.290000000001
db.InvestmentAssociationOrganizationPartner	34297.720000000001	16136.620000000001
db.InvestmentAssociationOrganizationPartnerCeo	35132.489999999998	16104.48
db.InvestmentAssociationOrganizationPartnerCorporationSigner	34786.669999999998	13774.780000000001
db.InvestmentAssociationOrganizationPartnerCorporationSignerCeo	34966.099999999999	13929.83
db.InvestmentAssociationOrganizationPartnerIndividualSigner	34059.900000000001	13845.16
db.InvestmentAssociationOrganizationPartnerManager	31848.73	14467.799999999999
db.InvestmentAssociationOrganizationPartnerSigner	34227.449999999997	14048.280000000001
db.InvestmentAssociationPartner	35497.830000000002	17983.07
db.InvestmentAssociationPartnerResume	36718.800000000003	15985.620000000001
db.InvestmentAssociationPartnerResumeItem	36856.489999999998	15545.85
db.InvestmentAssociationPartnerSalesIntent	33492	22169.700000000001
db.RtccConsentSummary	14575.17	8709.1299999999992
db.InvestmentContractHolder	12138.459999999999	18100.560000000001
db.InvestmentRound	16639.279999999999	8230.8299999999999
db.InvestmentRoundNewIssueEvent	16859.869999999999	7807.75
db.InvestmentSimulation	16373.219999999999	4051.1300000000001
db.InvestmentSimulationInitialOption	12800.49	3785.5900000000001
db.InvestmentSimulationInitialOptionGrantee	13447.870000000001	3988.2600000000002
db.InvestmentSimulationInitialShareholder	11715.969999999999	2978.3200000000002
db.InvestmentSimulationInitialStock	10150.280000000001	553.02999999999997
db.InvestmentSimulationInvestor	18400.68	521.28999999999996
db.InvestmentSimulationNewIssueInvestment	17570.369999999999	2684.3600000000001
db.InvestmentSimulationPurchaseInvestment	20860.919999999998	2490.1300000000001
db.InvestmentSimulationPurchaseSellStock	21202.849999999999	2029.3299999999999
db.InvestmentSimulationRound	15199.780000000001	3457.5700000000002
db.InvestorInterest	35531.389999999999	12146.709999999999
db.InvestorMatching	26564.439999999999	8992.8099999999995
db.InvestorRelations	28348.27	4919.0299999999997
db.InvitationSeat	10636.969999999999	12127.01
db.InvitationSeatRequest	11773.15	9396.4500000000007
db.IrAiAnalysis	29003.09	4356.9300000000003
db.IrAiAnalysisLike	29426.900000000001	3832.4000000000001
db.IrAlertInvestorRelations	31139.57	6909.0600000000004
db.IrApproval	28441.630000000001	4277.0500000000002
db.IrApprovalNotificationDismiss	28541.439999999999	3869.1399999999999
db.IrBrokerActivity	28792.43	6770.1000000000004
db.IrClosing	30371.779999999999	3856.5999999999999
db.IrClosingComplete	29451.169999999998	1972.3199999999999
db.IrClosingExpired	30360.290000000001	4533.6199999999999
db.IrClosingIncomplete	31334.34	3900.02
db.IrConsultingRequest	26220.490000000002	7801.4099999999999
db.IrFeed	27587.470000000001	5121.4899999999998
db.IrFeedAccessLog	27972.990000000002	5280.6400000000003
db.IrFeedRating	27693.09	4879.2700000000004
db.IrFundRaising	32858.160000000003	4913.8800000000001
db.IrFundRaisingMemo	32092.220000000001	5242.1499999999996
db.IrFundRaisingStageLog	32329.91	2099.8699999999999
db.IrInsightClub	32718.25	6445.5799999999999
db.IrInsightClubParticipation	32061.52	5514.3000000000002
db.IrInsightClubParticipationAttendee	31704.650000000001	5082.2399999999998
db.IrInsightClubSurvey	32498.759999999998	5607.6099999999997
db.IrInvestorFeedback	34371.470000000001	11199.82
db.IrSubscriptionMarketingRequest	13324.360000000001	5454.3000000000002
db.IrSyncState	5585.1800000000003	34463.790000000001
db.Jurisdiction	14417.83	7750.3299999999999
db.LawtalkSignup	19207.849999999999	15567.76
db.LawtalkSignupAttachment	19320.939999999999	16065.940000000001
db.LegalPartner	21921.970000000001	13961.32
db.LegalPartnerSignupChannel	23101.02	13652.02
db.ManualOptionVesting	15586.24	18338.150000000001
db.ManualOptionVestingItem	15396.879999999999	18541.029999999999
db.ManualProduct	23414.970000000001	10418.049999999999
db.Meeting	17862.619999999999	17008.860000000001
db.MeetingAttachment	18573.09	17140.34
db.MeetingAttorney	18154.59	16798.98
db.MeetingDirectorContact	16494.57	17292.630000000001
db.MeetingDocument	15895.120000000001	26943.080000000002
db.MeetingDocumentGeneration	20331.860000000001	21112.43
db.MeetingDocumentGenerationItem	21441.48	27605.639999999999
db.MeetingDraft	17114.400000000001	20785.380000000001
db.MeetingDraftAgendaDirectorChange	16657.990000000002	19478.790000000001
db.MeetingDraftAgendaDirectorCompensation	16205.74	20025.759999999998
db.MeetingDraftAgendaDirectorCompensationItem	15575.01	19898.07
db.MeetingDraftRegistrationAssistance	17220.07	21281.959999999999
db.MeetingDraftSchedule	16541.119999999999	20500.139999999999
db.MeetingPrice	5538.2200000000003	34309.830000000002
db.MembershipContent	2706.8499999999999	1849.78
db.MembershipContentAuthor	25970.849999999999	26336.700000000001
db.MembershipContentAuthorRelation	26172.18	26646.099999999999
db.MiraeassetAccount	9751.2999999999993	10321.870000000001
db.Mna	26179.139999999999	8712.0799999999999
db.MnaBuyerAttachment	14089.360000000001	7035.9799999999996
db.MnaConsultingRequest	24982.299999999999	7065.0100000000002
db.ModusignAccount	21800.91	20489.23
db.ModusignApiKey	22179.48	21224.82
db.ModusignApiLog	21769.360000000001	20016.099999999999
db.ModusignAuthentication	21448.73	20071.139999999999
db.ModusignAuthorizationRequest	5576.7600000000002	34159.010000000002
db.ModusignDocument	22945.84	20791.060000000001
db.ModusignDocumentActionHistory	23325.830000000002	20547.5
db.ModusignDocumentModusignAccountRelation	22061.369999999999	20305.02
db.ModusignDocumentModusignApiKeyRelation	22380.59	20930.279999999999
db.ModusignDocumentParticipant	23154.990000000002	20160.77
db.ModusignEmbeddedDraft	21757.049999999999	22821.720000000001
db.ModusignIaUserConnection	28779.77	14899.52
db.NaverWorkplaceAuthentication	5612.6999999999998	34005.419999999998
db.NaverWorkplaceCompany	25589.959999999999	13936.870000000001
db.NaverWorkplaceEmployee	25332.57	13759.08
db.NcpSignupChannel	25221.130000000001	13899.48
db.NewIssueEvent	16911.34	7648.4700000000003
db.NewIssueNoticeEmail	12589.129999999999	23215.080000000002
db.NewIssueNoticeEmailRecipient	12903.040000000001	22768.150000000001
db.NewIssueStockAllocationRecordDateNoticeDocument	18217.59	25894.869999999999
db.NewPartnerInvestmentEvent	5622.71	33813.309999999998
db.NonUnifiedShareCreateRequest	29512.27	30022.240000000002
db.NonUnifiedShareEtcFile	29278.099999999999	29072.290000000001
db.NonUnifiedShareManagementHistory	28761.790000000001	28961.790000000001
db.NonUnifiedShareManagementSalesIntent	30055.34	25751.09
db.NonUnifiedShareStockUnissuedConfirmationFile	29708.709999999999	31377.349999999999
db.NonUnifiedShareSucPoaDocument	24351.049999999999	23298.869999999999
db.NonUnifiedShareSucPoaModusignDocument	23362.970000000001	22211.299999999999
db.NonUnifiedShareSucRenewRequest	28001.299999999999	28243.650000000001
db.NotarizationPoA	16360.889999999999	23797.060000000001
db.NotarizationPoaDirectorSigner	16257.450000000001	23556.240000000002
db.NotarizationPoaShareholderSigner	16842.860000000001	23786.450000000001
db.NotificationInbox	15810.73	7061.6999999999998
db.Option	16534.939999999999	15017.26
db.OptionAttachment	5590.9899999999998	33599.779999999999
db.OptionCancelEvent	5594.3400000000001	33454.139999999999
db.OptionExerciseClaim	12751.92	17508.540000000001
db.OptionExerciseClaimAttachment	13583.41	17089.860000000001
db.OptionExerciseClaimCandidate	13249.49	17046.299999999999
db.OptionExerciseClaimDocumentSetting	14434	16008.959999999999
db.OptionExerciseClaimEventRelation	12751.030000000001	18066.279999999999
db.OptionExerciseClaimMeetingDocument	14218.02	21864
db.OptionExerciseClaimOption	13088.77	17462.209999999999
db.OptionExerciseClaimOptionTaxation	13263.370000000001	17632.09
db.OptionExerciseClaimPayment	12995.33	17795.77
db.OptionExerciseEvent	12526.85	18212.5
db.OptionExerciseManagement	14539.610000000001	15364.950000000001
db.OptionExerciseManagementAttachmentSetting	13887.440000000001	16521.689999999999
db.OptionExerciseManagementAttachmentSettingItem	13953.799999999999	16942.779999999999
db.OptionExerciseManagementEmail	14822.92	15789.940000000001
db.OptionExerciseManagementReminderSetting	15070.389999999999	15448.540000000001
db.OptionExerciseManagementTaxation	14155.83	15162.43
db.OptionGrantContract	20555.540000000001	18834.610000000001
db.OptionGrantContractCeo	19680.830000000002	15057.15
db.OptionGrantContractFirstRefusalRightHolder	20083.279999999999	15063.65
db.OptionGrantContractModusignDocument	21155.93	19109.419999999998
db.OptionGrantContractModusignEmbeddedDraft	21378.32	21859.119999999999
db.OptionGrantContractStakeholder	19821.5	15207.25
db.OptionGrantContractTemplate	19446.080000000002	15383.870000000001
db.OptionGrantContractTemplateDraft	18344.73	15526.549999999999
db.OptionGrantContractTemplateRevision	20196.16	15997.73
db.OptionGrantEvent	16082.459999999999	18710.709999999999
db.OptionGrantee	15269.969999999999	19235.880000000001
db.OptionManagement	15755.76	19721.93
db.OptionManagementStakeholderSeat	14746.43	18882.450000000001
db.OptionPauseEvent	31429.23	1236.5
db.OptionQuantityTimeSeries	5607.6899999999996	33301.349999999999
db.OptionResumeEvent	31615.470000000001	1024.9300000000001
db.OptionTag	15141.93	13043.780000000001
db.OptionTagCategory	15233.92	12898.6
db.OptionValueChange	16217.98	8087.5699999999997
db.OptionVesting	15640.83	18212.509999999998
db.OptionVestingTraceable	5602.6999999999998	33119.970000000001
db.Order	5184.8299999999999	5782.0100000000002
db.OrderPromotionRelation	6224.5799999999999	7391.6499999999996
db.OrderStaffInChargeRelation	5009.7799999999997	3908.21
db.OrderStatusHistory	4174.2200000000003	7847
db.OrganizationChart	13574.75	11974.42
db.OtherDocumentArchive	19804.889999999999	16003.950000000001
db.OtherDocumentArchiveAttachment	19986.560000000001	16459.099999999999
db.OwnerPermission	10008.09	8301.6900000000005
db.OwnerRole	10324.25	8752.3199999999997
db.OwnerRolePermissionRelation	10274.52	8574.8600000000006
db.PageNumberUpdatedPdfEvent	31671.049999999999	9674.6599999999999
db.PasswordReset	5586.0100000000002	32949.300000000003
db.Payment	20596.029999999999	12184.110000000001
db.PaymentLink	25060.580000000002	12273.620000000001
db.PaymentRefund	21004.919999999998	11905.860000000001
db.PaymentStatusHistory	20867.799999999999	11765.459999999999
db.PaymentStore	23297.540000000001	13058.82
db.PaymentTermPartnerInvestmentEvent	5575.75	32793.559999999998
db.Payroll	7734.3599999999997	1929.03
db.PayrollAnnualSalaryInfo	10171.32	13481.559999999999
db.PayrollAnnualSalaryItem	9831.1000000000004	12599.950000000001
db.PayrollDocumentSealStampSetting	16553.009999999998	14749.52
db.PayrollEmployeeMonthlyWage	7011.4200000000001	18247.360000000001
db.PayrollLedger	12850	13999.68
db.PayrollLedgerAttachment	12292.129999999999	13534.24
db.PayrollLedgerFile	12747.290000000001	13719.450000000001
db.PayrollLedgerFileModificationRequest	13143.129999999999	13582.6
db.PayrollLedgerItem	7005.6800000000003	9447.4400000000005
db.PayrollLedgerItemSettingRelation	7673.6899999999996	9525.6499999999996
db.PayrollManagementRelation	10404.690000000001	4237.8999999999996
db.PayrollSetting	7036.8400000000001	9274.8899999999994
db.PayrollSettlement	12836.940000000001	7266.5100000000002
db.PayrollSettlementAutoCreation	9351.8400000000001	3919.1700000000001
db.PayrollSettlementProgressLog	12215.530000000001	7519.2700000000004
db.PayrollStaffUserRelation	8161.5	2134.5300000000002
db.PayrollStatement	10885.93	14988.16
db.PayrollStatementAttendance	10778.41	15297.719999999999
db.PayrollStatementDocument	11984.18	15115.35
db.PayrollStatementEmail	12656.629999999999	17029.049999999999
db.PayrollStatementEmailRecipient	11548.32	17148.220000000001
db.PayrollStatementItem	9749.9500000000007	11816.74
db.PayrollStatementPayrollInformation	11365.32	14884.360000000001
db.PayrollStatementScheduledEmail	11845.690000000001	16635.400000000001
db.PayrollStatementScheduledEmailPeriodicTaskRelation	11747.290000000001	16788.330000000002
db.PdfEvent	31225.490000000002	9591.0300000000007
db.PerformanceRsuVestingItem	15566.18	13681.360000000001
db.PeriodPhantomStockVestingItem	10839.389999999999	17929.889999999999
db.PeriodRsuVestingItem	15528.190000000001	13535.9
db.PeriodicOptionVesting	15233.959999999999	18314.130000000001
db.PeriodicOptionVestingItem	15219.15	18157.27
db.PhantomStock	10865.290000000001	16772.599999999999
db.PhantomStockGrantContract	10601.459999999999	16326.950000000001
db.PhantomStockGrantee	11245.83	18187.98
db.PhantomStockPauseEvent	15925.280000000001	15391.49
db.PhantomStockResumeEvent	16158.299999999999	15565.440000000001
db.PhantomStockVestingItem	10624.57	17493.25
db.Phone	6563.6599999999999	10911.290000000001
db.PhoneVerification	8362.4899999999998	12730.040000000001
db.PingpongDelivery	20155.23	10835.219999999999
db.PingpongDeliveryAddress	22834.560000000001	13073.809999999999
db.PipedriveSettings	5592.6899999999996	32600.860000000001
db.PitchingDayHall	32259.689999999999	6306.8400000000001
db.PitchingDayHallAccessLog	32430.959999999999	6621.7799999999997
db.PitchingDayHallAssignedIrs	30523.259999999998	5459.5100000000002
db.PortalAcademyGuide	5596	32451.630000000001
db.PortalAcademyGuideSubject	5609.3599999999997	32295.259999999998
db.PortalOptionGuide	5594.3400000000001	32110.299999999999
db.PortfolioCompany	27675.419999999998	13508.68
db.PortfolioCompanyFund	29937.68	12772.43
db.PortfolioCompanyManager	27805.189999999999	15163.389999999999
db.PortfolioCompanyUserRelation	27968.610000000001	13661.1
db.Price	5585.1800000000003	31957.529999999999
db.PrivacyPolicy	3965.9299999999998	31848.84
db.PrivacyPolicyLog	3946.4200000000001	32051.16
db.Product	23638.59	10588.360000000001
db.Promotion	6723.6800000000003	6592.4700000000003
db.PromotionAddress	6646.6199999999999	4458.0799999999999
db.PromotionCode	24812.860000000001	10715.450000000001
db.PromotionCodeUsageHistory	24970.150000000001	11054.950000000001
db.Purchase	21922.720000000001	12471.639999999999
db.PurchaseItem	23218.18	12884.26
db.PurchaseStatusHistory	21587.349999999999	12579.379999999999
db.Purpose	17651.779999999999	13772.65
db.PushToken	5538.2200000000003	31803.560000000001
db.QrReplyPasswordReset	24340.810000000001	15437.940000000001
db.QrReplyPasswordResetRequest	25248.490000000002	15634.809999999999
db.QuarterlyReportRequest	26897.240000000002	16060.120000000001
db.QuarterlyReportRequestAttachment	25929.459999999999	16895.16
db.QuarterlyReportRequestRecipient	28396.610000000001	16744.869999999999
db.QuarterlyReportRequestReportItem	26312.619999999999	16013.09
db.QuarterlyReportSettings	26830.650000000001	15215.33
db.QuarterlyReportSignupChannel	26170.91	13449.950000000001
db.QuestionMessageAttachment	21369.900000000001	18022.439999999999
db.QuestionMessageScheduled	23998.18	8704.2900000000009
db.QuestionThread	20481.43	11130.940000000001
db.QuestionThreadAssignment	20361.389999999999	11809.790000000001
db.QuestionThreadMessage	23749.029999999999	9580.3199999999997
db.QuestionThreadMessageMarkAsAllReadLog	5586.7799999999997	31652.779999999999
db.QuestionThreadMessagePeriodicTaskRelation	23822.52	8516.9699999999993
db.QuestionThreadTag	20698.810000000001	11470.459999999999
db.Registration	13724.09	22155.950000000001
db.RegistrationAgenda	13466.76	22503.34
db.RegistrationAssistance	21418.68	15910.66
db.RegistrationAssistanceReceipt	21206.740000000002	16274.629999999999
db.RegistrationDirector	13873.870000000001	22371.029999999999
db.RegistrationFormCaptable	19099.52	24967.360000000001
db.RegistrationFormCaptableDocument	18682.599999999999	25441.610000000001
db.RegistrationFormCaptableNotarizationRequestor	18190.290000000001	23812.23
db.RegistrationHelp	18672.900000000001	13141.49
db.RegistrationRoundRobinState	5612.6999999999998	31477.73
db.RegularProduct	23478.25	10791.32
db.RightToConsentOrConsult	15296.35	16097.860000000001
db.RsuRsa	15605.620000000001	14169.860000000001
db.RsuExerciseClaim	14447.799999999999	14584.43
db.RsuExerciseClaimAttachment	14143.33	14650.370000000001
db.RsuExerciseClaimCandidate	13177.85	16158.52
db.RsuExerciseClaimCandidateEmailRecipient	13548.799999999999	16213.08
db.RsuExerciseClaimEventRelation	15083.219999999999	15021.52
db.RsuExerciseClaimRsu	14840.58	14341.4
db.RsuExerciseEvent	15763.559999999999	15526.85
db.RsuExerciseManagement	13181.65	15479.01
db.RsuExerciseManagementAttachmentSetting	13584.34	15020.530000000001
db.RsuExerciseManagementAttachmentSettingItem	13965.370000000001	14788.84
db.RsuExerciseManagementEmail	13576.51	15974.059999999999
db.RsuExtraAttachment	16009.25	13735.98
db.RsuGrantContract	16315.860000000001	13811.719999999999
db.RsuGrantContractModusignDocument	20759.470000000001	18687.130000000001
db.RsuGrantContractTemplate	16194.530000000001	13262.23
db.RsuGrantContractTemplateStakeholder	16148.17	12708.59
db.RsuGrantee	13486.9	16394.73
db.RsuMeeting	16178.65	14268.67
db.RsuMeetingAttachment	16061.74	14453.700000000001
db.RsuPauseEvent	15800.84	16765.16
db.RsuPerformanceCondition	15678.52	12805.6
db.RsuResumeEvent	15944.49	16888.110000000001
db.RsuTag	15994.389999999999	13138.219999999999
db.RsuTagCategory	15848.65	12993.01
db.RsuVestingItem	14957.389999999999	13727.6
db.RtccSummaryAnalysisRequest	14772.27	6818.1700000000001
db.RtccEmail	15097.790000000001	16247.41
db.RtccEmailAuthentication	15740.719999999999	17004.950000000001
db.RtccInvestor	15602.360000000001	17415.919999999998
db.RtccInvestorFile	18558.779999999999	18020.25
db.Safe	11734.34	17374.959999999999
db.SafeConversionEvent	5597.6800000000003	31285.639999999999
db.SafeCreateEvent	17099.009999999998	16919.75
db.SalesIntent	32332.009999999998	23693.919999999998
db.SdContactRequest	34287.68	6185.1700000000001
db.SealCard	3353.9899999999998	5898.75
db.SealCardReturnRequest	2652.8299999999999	6013.8500000000004
db.SealCardReturnStatusHistory	3694.3600000000001	7611.3500000000004
db.SealCertificateDelivery	19401.369999999999	10747.379999999999
db.SealCertificateIssueRequest	19572.290000000001	10902.299999999999
db.SealStamp	16952.669999999998	14689.15
db.SealStampImage	19148.950000000001	16434.610000000001
db.SealStampUsageHistory	12356.49	14216.6
db.SecondaryDeal	35152.599999999999	3188.8000000000002
db.SelfRegistration	18185.720000000001	16982.880000000001
db.ServiceFee	22905.919999999998	12023.67
db.ServiceFeeItem	24551.93	11473.6
db.ShareClass	16026.700000000001	18204.57
db.Shareholder	12381.360000000001	23435.240000000002
db.ShareholderInstitutionMember	12003.950000000001	22278.380000000001
db.ShareholderInstitutionMemberCeo	11962.629999999999	23102.950000000001
db.ShareholdersAgreementModusignDocument	22074.439999999999	20692.400000000001
db.ShareholdersAgreementModusignEmbeddedDraft	21435.5	23281.099999999999
db.ShareholdersAgreementStakeholder	10868.299999999999	18771.34
db.ShareholdersMeeting	16503.259999999998	23290.09
db.ShareholdersMeetingAgenda	17699.360000000001	21619.779999999999
db.ShareholdersMeetingConvocationNoticeEmail	18296.25	20797
db.ShareholdersMeetingConvocationNoticeEmailAttachment	19923.27	19309.27
db.ShareholdersMeetingConvocationNoticeEmailNewIssueAttachment	18804.439999999999	22797.919999999998
db.ShareholdersMeetingConvocationNoticeRecipient	19360.779999999999	22721.470000000001
db.ShareholdersMeetingConvocationNoticeWrittenRecipient	20039.25	23446.099999999999
db.ShareholdersMeetingDirectorAttendance	16367.42	23002.66
db.ShareholdersMeetingShareholderAttendance	17390.41	23973.650000000001
db.ShortUrlLog	5585.1800000000003	31125.689999999999
db.SignupChannel	24121.110000000001	13430.690000000001
db.SignupLog	5538.2200000000003	30971.720000000001
db.SiteSettings	5549.2399999999998	30820.91
db.SlackChannels	5566.5600000000004	30676
db.StaffInCharge	4023.96	3988.0300000000002
db.Stakeholder	11823.040000000001	19107.73
db.StakeholderAccount	12538.08	16860.849999999999
db.StakeholderCustodian	11205.35	19325.09
db.StakeholderSeat	10436.43	19110.18
db.StarredQuestionThread	19955.939999999999	11239.540000000001
db.Stock	15032.9	17841.93
db.StockConsolidationEvent	5532.4899999999998	30514.369999999999
db.StockConversionEvent	5579.8999999999996	30366.84
db.StockDocumentAnalysis	26567.07	29193.130000000001
db.StockReregistrationEvent	26750	29449.98
db.StockRetirementEvent	5563.4099999999999	30215.130000000001
db.StockSplitEvent	5544.0600000000004	30069.290000000001
db.StockTransferAgreement	17648.849999999999	18365.34
db.StockTransferAgreementClauses	17929.93	18164.57
db.StockTransferAgreementItem	16877.669999999998	18188.150000000001
db.StockTransferAgreementManagement	16701.150000000001	12535.07
db.StockTransferAgreementManagementStakeholderSeat	8685.8299999999999	7047.1099999999997
db.StockTransferAgreementModusignDocument	20168.16	20139.200000000001
db.StockTransferAgreementModusignEmbeddedDraft	20251.040000000001	20582.419999999998
db.StockTransferAgreementPurchaserInstitution	18310.110000000001	18557.119999999999
db.StockTransferAgreementSellerInstitution	18187.82	18382.509999999998
db.StockTransferEvent	17125.400000000001	18040.169999999998
db.StockTransferPrice	16974.939999999999	17871.110000000001
db.StripeCard	4553.8400000000001	4514.79
db.StripeCustomer	4616.3000000000002	5053.2600000000002
db.StripePayment	3604.8200000000002	5396.9700000000003
db.Subscription	20748.349999999999	9392.3600000000006
db.SubscriptionBonus	22228.16	9456.5300000000007
db.SubscriptionModusignDocumentUsageHistory	28373.279999999999	11419.93
db.SubscriptionPaymentRequest	20935.639999999999	9988.2700000000004
db.SubscriptionPeriod	21945.220000000001	8881.25
db.SubscriptionPerk	21419.450000000001	8957.8899999999994
db.SubscriptionPlan	20394.259999999998	10350.030000000001
db.SubscriptionPlanOffering	20886.490000000002	10288.15
db.SubscriptionPlanPerk	20860.02	10147.76
db.SubscriptionPlanPermission	19892.450000000001	10311.74
db.SubscriptionReservation	19227.419999999998	10443.389999999999
db.SubscriptionSuspensionHistory	20604.25	9095.7000000000007
db.TanTableView	13237.32	6672.71
db.TaxBookkeepingServiceRequest	20656.59	12983.82
db.TaxPartnerTbkContract	23021.959999999999	13321.139999999999
db.TaxPartnerTbkContractItem	23115.43	13461.530000000001
db.TbkConsulting	21463.59	13029.84
db.TbkConsultingMemo	21698.950000000001	12765.51
db.TbkConsultingRefusal	20945.150000000001	14459.209999999999
db.TbkConsultingStatusLog	21020.810000000001	12567.6
db.TbkContract	22229.41	13325.299999999999
db.TbkContractBenefit	22391.169999999998	13469.879999999999
db.TbkContractSettlement	22595.02	13243.110000000001
db.ThirdPartyApiNotice	30026.02	14870.459999999999
db.ThirdPartyArticleProvider	20385.790000000001	19747.549999999999
db.ThirdPartyArticleProviderUserRelation	20193.810000000001	19888.23
db.TwoFactorAuthentication	5557.3999999999996	29923.650000000001
db.UnknownIssueEvent	5543.5299999999997	29770.27
db.UnknownPartnerInvestmentEvent	5622.71	507.86000000000001
db.UserApiKey	17263.060000000001	6299.4399999999996
db.UserApiKeyCompanyAccess	17058	7357.2700000000004
db.UserApiKeyCompanyRelation	17634.119999999999	6659.5200000000004
db.UserApiKeyRevocation	17011.610000000001	6453.8500000000004
db.UserDailyAccess	5590.9899999999998	721.40999999999997
db.UserDetailedSurvey	5596	867.04999999999995
db.UserEmailConsentRequest	5606.0299999999997	1023.4
db.UserExtraAuthentication	5604.3599999999997	1201.23
db.UserGuideState	5589.3400000000001	1375.45
db.UserInvitation	10468.950000000001	10377.540000000001
db.UserInvitationInvitee	9935.5799999999999	10903.200000000001
db.UserInvitationOwnerRoleRelation	10862.120000000001	9138.2900000000009
db.UserMarketingStatus	5597.6800000000003	1517.51
db.UserNotificationSettings	5606.0299999999997	1677.45
db.UserProfileImage	21078.299999999999	18377.790000000001
db.UserProfileImageMapping	21440.5	18522.799999999999
db.UserSealCardRelation	3064.29	6119.9399999999996
db.UserSessionLog	5589.3400000000001	1855.27
db.UserSettings	5585.1800000000003	1997.3199999999999
db.UserSurvey	5632.1099999999997	2151.29
db.ValuationServiceRequest	18470.599999999999	12132.690000000001
db.ValueWithVisibility	33620.349999999999	2895.8499999999999
db.VcIrRecommendationRequest	32599.560000000001	7528.6800000000003
db.VcIrRecommendationRequestResult	31171.529999999999	6433.0799999999999
db.VcLpReport	33853.489999999998	11693.940000000001
db.VcLpReportRequest	34457.199999999997	12057.83
db.VcLpReportRequestRecipient	32737.07	12738.32
db.VcNameAlias	35144.68	10343.629999999999
db.VcSearchLog	25850.330000000002	2607.3400000000001
db.VcUserRole	29185.040000000001	6933.25
db.VentureBusinessCertificationExpirationNotificationLog	18320.57	14686.83
db.VentureCapital	34246.209999999999	10813.59
db.VentureCapitalEmailTemplates	34756.199999999997	10988.620000000001
db.VentureCapitalPaymentLink	26742.709999999999	11491.58
db.VentureCapitalQuarterlyReport	27314.220000000001	15885.709999999999
db.VentureCapitalQuarterlyReportContentTemplate	27409.709999999999	14059.959999999999
db.VentureCapitalQuarterlyReportItem	25852.950000000001	15938.809999999999
db.VentureCapitalQuarterlyReportItemReply	24433.860000000001	17068.34
db.VentureCapitalQuarterlyReportReply	25433.560000000001	15850.360000000001
db.VentureCapitalSubscription	34908.269999999997	9089.8500000000004
db.VentureCapitalSubscriptionPlan	35098.980000000003	9407.8400000000001
db.VentureCapitalSubscriptionPlanPermission	36350.379999999997	9341.6499999999996
db.VentureCapitalSubscriptionPlanPrice	35015.099999999999	10200.129999999999
db.VentureCapitalUserRelation	30595.82	8480.0699999999997
db.VentureComplex	24257.77	18098.849999999999
db.VideoCollection	18794.91	7267.6400000000003
db.VideoContent	19394.279999999999	6447.4099999999999
db.VideoContentHistory	19090.470000000001	7716.2600000000002
db.VideoContentSpeecher	18984.470000000001	6352.9899999999998
db.WebinarSubject	5623.6000000000004	2302.0900000000001
db.WebinarTarget	5605.46	2452.3800000000001
db.Whitepaper	4063.9299999999998	3580.9299999999998
db.WhitepaperPreviewFile	4110.9099999999999	3347.4899999999998
db.WhitepaperWatermarkFile	5161.7399999999998	2894.0900000000001
db.WhtBook	11342.49	14290.01
db.WhtBookWithoutDate	11097.91	14505.92
db.WhtCertificate	12486.120000000001	14023.65
db.WhtReceipt	12021.34	14089.02
db.WithdrawAccountRequest	5674.5699999999997	2613.9899999999998
db.WithdrawnUser	5605.46	2757.9499999999998
db.YearEndTaxSettlement	9771.2399999999998	18312.240000000002
db.YearEndTaxSettlementConfirmationSchedule	9170.8199999999997	17310.43
db.YetsAssistance	14984.51	32904.779999999999
db.YetsAssistanceCreator	13553.110000000001	32184.43
db.YetsAssistanceCreatorUser	13200.15	32455.669999999998
db.YetsAssistanceCreatorYetsEmployee	9881.2700000000004	32229
db.YetsAssistanceMessage	15558.43	32559.610000000001
db.YetsAssistanceMessageFile	22711.080000000002	33973.580000000002
db.YetsAssistanceStaffAccessLog	14243.75	32980.690000000002
db.YetsAssistanceStaffFavoriteRelation	14848.5	32746.689999999999
db.YetsEmail	10461.48	20306.98
db.YetsEmailAuthentication	8007.9200000000001	33157.940000000002
db.YetsEmployee	7956.1199999999999	32212.91
db.YetsEmployeeFile	22972.740000000002	34625.690000000002
db.YetsEmployeeResult	12396.639999999999	30219.220000000001
db.YetsEmployeeResultAssistanceMessageRelation	13909.59	31673.009999999998
db.YetsEmployeeResultStatusLog	10786.780000000001	31705.68
db.YetsEmployeeResultWhtReceipt	22186.16	32059.509999999998
db.YetsEmployeeSubmissionLog	8408.8899999999994	32738.98
db.YetsEmployeeUploadForm	10504.190000000001	32976.489999999998
db.YetsEmployeeUploadFormStatusLog	10077.190000000001	33853.519999999997
db.ZuzuOptionGrantContractTemplate	19807.59	15386.43
db.ZuzuOptionGrantContractTemplateRevision	20316.200000000001	15443.809999999999
db.ZuzuTaxAdvice	5659.54	2919.5799999999999
db.ZuzuTaxPhoneToken	6961.7799999999997	10680.33
document_ai.DocumentAiProcessRequest	27365.150000000001	28793.610000000001
document_ai.DocumentAiProcessResult	26764.560000000001	31798.209999999999
fi_sta.FiStaCompany	31696.93	35365.309999999998
fi_sta.FiStaCompanyCeo	32521.130000000001	32409.509999999998
fi_sta.FiStaCompanySearchResult	31757.57	33815.07
fi_sta.FiStaContractDocument	29758.560000000001	35932.43
fi_sta.FiStaManagement	33651.620000000003	38183.669999999998
fi_sta.FiStaModusignDocument	5641.5699999999997	3081.6799999999998
fi_sta.FiStaParticipant	30335.630000000001	36498.029999999999
fi_sta.FiStaStockTransferAgreementDocument	27473.84	36512.650000000001
fi_sta.FiStaStockTransferNoticePoaDocument	29871.5	36309.089999999997
fi_sta.FiStaStockUnissuedConfirmationDocument	5694.5799999999999	3228.73
fi_sta.FiStaStockUnissuedConfirmationPoaDocument	29678.349999999999	32344.459999999999
fi_sta.FiStaTransferStock	29361.720000000001	36787.349999999999
fi_sta.FiStaUser	32329.91	37421.769999999997
vertex_ai.VertexAiPredictionRequest	35602.040000000001	17008.970000000001
vertex_ai.VertexAiPredictionResult	35722.269999999997	16819.529999999999
db.HrmAttendanceLocation	8070.2299999999996	16863.990000000002
db.CompanyDocumentAIAnalysis	18778.639999999999	15550.639999999999
db.HrmSelectiveWorkPlan	6157.9399999999996	17084.939999999999
db.HrmSelectiveWorkPlanItem	6314.9399999999996	16953.810000000001
db.IncorporationRequestPromoterCustodian	22525.189999999999	17901.73
db.InvestmentAgreement	16665.240000000002	17004.080000000002
db.RsuRsaSealedContractFile	16123.92	13580.33
db.RtccSummaryAnalysisRequestDocument	15214.07	8116.4899999999998
db.RtccSummaryAnalysisResult	14726.59	7246.1899999999996
db.RtccSummaryAnalysisResultDocument	15081.26	8348.5200000000004
db.AgendaOptionCancelOptionDistribution	15501.77	21411.279999999999
db.CompanySsoConfiguration	16022.34	10741.32
db.CompanySsoEmailDomain	15244.879999999999	10752.629999999999
db.CompanySsoIdentity	15231.98	10952.6
db.HrmSelectiveWork	5347.1499999999996	18964.09
db.HrmSelectiveWorkPlanConfig	5274.8699999999999	19404.549999999999
db.HrmSelectiveWorkSchedule	5556.8900000000003	19181.740000000002
db.HrmSelectiveWorkSettlementConfig	4777.9499999999998	19404.549999999999
db.HrmSlackIntegration	3122.9499999999998	15932.34
db.HrmSlackChannelConfig	3128.54	15602.370000000001
db.IaPartnerWithdrawalEvent	35573.25	17598.080000000002
db.OptionExerciseManagementCommonSetting	15015.48	15641.049999999999
db.OptionExerciseManagementPaymentBankSetting	15203.83	11095.559999999999
db.RsaForfeitEvent	15871.92	16201.33
db.RsaVestConfirmEvent	16629.540000000001	15791.01
db.UserMailIntegration	14566.33	16963.66
leaf-card:0	14637.700000000001	5445.1899999999996
leaf-card:1	24995.09	9683.9899999999998
leaf-card:2	2315.5599999999999	1338.04
leaf-card:3	22446.310000000001	14589.719999999999
leaf-card:4	29895.919999999998	4856.1700000000001
leaf-card:5	3179.4699999999998	14520.02
leaf-card:6	5506.75	21111.360000000001
leaf-card:7	19167.880000000001	28515.560000000001
leaf-card:8	16372.73	12169.01
leaf-card:9	23583.619999999999	6862.5299999999997
leaf-card:10	24205.490000000002	17484.990000000002
leaf-card:11	21885.290000000001	17995.389999999999
leaf-card:12	24927.700000000001	23401.939999999999
leaf-card:13	18907.529999999999	17578.880000000001
leaf-card:14	19894.130000000001	18600.349999999999
leaf-card:15	13086.92	12572.5
leaf-card:16	3746.5	7863.6400000000003
leaf-card:17	19578.049999999999	25092.299999999999
leaf-card:18	34520.029999999999	2983.0500000000002
leaf-card:19	4865.0299999999997	15824.610000000001
leaf-card:20	8414.3199999999997	15604.969999999999
leaf-card:21	17887.560000000001	24985.07
leaf-card:22	18126.32	26554.290000000001
leaf-card:23	31535.970000000001	16981.82
leaf-card:24	22377.25	18157.23
leaf-card:25	33824.019999999997	18272.849999999999
leaf-card:26	33174.019999999997	16609.630000000001
leaf-card:27	27409.849999999999	9965.9300000000003
leaf-card:28	28246.029999999999	9795.1800000000003
leaf-card:29	17563.650000000001	20277.650000000001
leaf-card:30	17614.740000000002	22211.080000000002
leaf-card:31	18222.970000000001	22494.360000000001
leaf-card:32	14498.309999999999	22794.169999999998
leaf-card:33	21760.610000000001	14998.530000000001
leaf-card:34	29045.700000000001	26621.040000000001
leaf-card:35	10707.85	23662.68
leaf-card:36	17398.849999999999	14051.16
leaf-card:37	19393.18	10005.4
leaf-card:38	18743.279999999999	7965.4300000000003
leaf-card:39	28317.68	5928.6099999999997
leaf-card:40	14757.17	13416.26
leaf-card:41	10685.950000000001	17208.68
leaf-card:42	18328.009999999998	14395.43
leaf-card:43	13100.860000000001	22440.880000000001
leaf-card:44	17139.759999999998	24681.939999999999
leaf-card:45	13725.549999999999	22862.279999999999
leaf-card:46	15968.870000000001	15070.280000000001
leaf-card:47	31822.700000000001	7876.3999999999996
leaf-card:48	15731.639999999999	20876.48
