db.Address	180	76	24	24	db
db.AgendaAuthorizedSharesChange	320	76	432	24	db
db.AgendaBonusIssue	216	76	840	24	db
db.AgendaBonusIssueNewIssueBalanceCertificateFile	360	76	1248	24	db
db.AgendaBonusIssueNewIssueMinutesFile	360	76	1656	24	db
db.AgendaBonusIssueSharesToIssue	344	76	2064	24	db
db.AgendaBorrowCapital	240	76	2472	24	db
db.AgendaBranchChange	232	76	2880	24	db
db.AgendaCashDividends	240	76	3288	24	db
db.AgendaCeoAddressChange	272	76	3696	24	db
db.AgendaCeoAddressChangeItem	312	76	4104	24	db
db.AgendaChangeOfAoiClassStock	328	76	4512	24	db
db.AgendaChangeOfAoiCustom	288	76	4920	24	db
db.AgendaChangeOfAoiDirectorCompensationRule	360	76	5328	24	db
db.AgendaChangeOfAoiNumberOfDirectors	360	76	5736	24	db
db.AgendaChangeOfAoiThirdPartyAllocation	360	76	6144	24	db
db.AgendaChangeOfArticlesOfIncorporation	360	76	6552	24	db
db.AgendaCoCeoSystemChange	288	76	6960	24	db
db.AgendaCompanyNameChange	280	76	7368	24	db
db.AgendaCustom	180	76	24	128	db
db.AgendaDirectorChange	248	76	432	128	db
db.AgendaDirectorCompensation	296	76	840	128	db
db.AgendaDirectorCompensationItem	336	76	1248	128	db
db.AgendaDirectorCompensationRule	336	76	1656	128	db
db.AgendaFinancialStatements	288	76	2064	128	db
db.AgendaHeadOfficeRelocation	304	76	2472	128	db
db.AgendaHeadOfficeRelocationAoiChange	360	76	2880	128	db
db.AgendaMethodOfGivingPublicNoticeChange	360	76	3288	128	db
db.AgendaNewIssue	200	76	3696	128	db
db.AgendaNewIssueItem	240	76	4104	128	db
db.AgendaNewIssueItemFromConversion	360	76	4512	128	db
db.AgendaNewIssueItemFromPayment	344	76	4920	128	db
db.AgendaNewIssueItemInstitutionMember	360	76	5328	128	db
db.AgendaNewIssueItemInstitutionMemberCeo	360	76	5736	128	db
db.AgendaNewIssueItemShareClass	336	76	6144	128	db
db.AgendaNewIssueItemShareholder	336	76	6552	128	db
db.AgendaNewIssueNewShareClass	328	76	6960	128	db
db.AgendaNewOptionsRule	256	76	7368	128	db
db.AgendaNewOrChangeRsuRule	304	76	24	232	db
db.AgendaOptionCancel	232	76	432	232	db
db.AgendaOptionCancelGrantee	296	76	840	232	db
db.AgendaOptionCancelOption	288	76	1248	232	db
db.AgendaOptionExercise	248	76	1656	232	db
db.AgendaOptionExerciseClaim	296	76	2064	232	db
db.AgendaOptionExerciseGrantee	312	76	2472	232	db
db.AgendaOptionExerciseGranteeOption	360	76	2880	232	db
db.AgendaOptionGrant	224	76	3288	232	db
db.AgendaOptionGrantGrantee	288	76	3696	232	db
db.AgendaPurposeChange	240	76	4104	232	db
db.AgendaPurposeChangeItem	280	76	4512	232	db
db.AgendaRsuGrant	200	76	4920	232	db
db.AgendaRsuGrantGrantee	264	76	5328	232	db
db.AgendaShareholdersMeetingConvocation	360	76	5736	232	db
db.AgendaSubsidiaryEstablishment	320	76	6144	232	db
db.AgendaTemplate	192	76	6552	232	db
db.AiAnalysisFeedback	232	76	6960	232	db
db.AiPayrollLedger	208	76	7368	232	db
db.AlimtalkActivity	208	76	24	336	db
db.AlimtalkActivityRecipient	288	76	432	336	db
db.AlimtalkActivityRecipientStatusHistory	360	76	840	336	db
db.AllocatedSeat	184	76	1248	336	db
db.Announcement	180	76	1656	336	db
db.AnnualSalary	180	76	2064	336	db
db.AppCard	180	76	2472	336	db
db.AppointedDirectorCertificateOfSealDocument	360	76	2880	336	db
db.AppointedDirectorResidentRegistrationDocument	360	76	3288	336	db
db.Article	180	76	3696	336	db
db.ArticlePublishHistory	256	76	4104	336	db
db.ArticlesOfIncorporation	272	76	4512	336	db
db.ArticlesOfIncorporationAfterChangeDocument	360	76	4920	336	db
db.ArticlesOfIncorporationAnalyzationRequest	360	76	5328	336	db
db.ArticlesOfIncorporationAnalyzationResult	360	76	5736	336	db
db.ArticlesOfIncorporationBeforeChangeDocument	360	76	6144	336	db
db.ArticlesOfIncorporationDocument	360	76	6552	336	db
db.AuditLog	180	76	6960	336	db
db.AuditReportDocument	304	76	7368	336	db
db.AvailableModusignRequest	280	76	24	440	db
db.BalanceCertificateDocument	360	76	432	440	db
db.BaseModusignDocumentUsageHistory	360	76	840	440	db
db.Basket	180	76	1248	440	db
db.BeforeunloadPdfEvent	248	76	1656	440	db
db.BigNumberValueWithVisibility	328	76	2064	440	db
db.BonusIssueEvent	208	76	2472	440	db
db.BranchAbolitionEvent	248	76	2880	440	db
db.BranchChangeEvent	224	76	3288	440	db
db.BranchInstallationEvent	272	76	3696	440	db
db.BulkEmail	180	76	4104	440	db
db.BulkEmailCommonAttachment	296	76	4512	440	db
db.BulkEmailRecipient	232	76	4920	440	db
db.BulkEmailRecipientAttachment	320	76	5328	440	db
db.BulkEmailTemplate	224	76	5736	440	db
db.BulkEmailTemplateRevision	296	76	6144	440	db
db.BusinessPlan	180	76	6552	440	db
db.BusinessPlanAiAnalysis	272	76	6960	440	db
db.BusinessPlanAiAnalysisItem	312	76	7368	440	db
db.BusinessPlanAiAnalysisItemImprovement	360	76	24	544	db
db.BusinessPlanAiReview	256	76	432	544	db
db.BusinessRegistrationCertificate	336	76	840	544	db
db.CalendarEvent	184	76	1248	544	db
db.CapitalChangeEvent	232	76	1656	544	db
db.CapitalReductionEvent	256	76	2064	544	db
db.CaptableAfterNewIssueDocument	360	76	2472	544	db
db.CaptableAtRecordDateDocument	360	76	2880	544	db
db.CaptableBeforeNewIssueDocument	360	76	3288	544	db
db.CaptableRequest	200	76	3696	544	db
db.CashIncentive	184	76	4104	544	db
db.CashIncentiveCategory	256	76	4512	544	db
db.CashIncentiveItem	224	76	4920	544	db
db.CashPayment	180	76	5328	544	db
db.CeoAddressChangeEvent	264	76	5736	544	db
db.CeoConfirmationDocument	336	76	6144	544	db
db.CeoTypeChangedCeoResidentRegistrationDocument	360	76	6552	544	db
db.CertificateOfCorporateSealDocument	360	76	6960	544	db
db.CertificateOfSealNotarizationPoaDocument	360	76	7368	544	db
db.Charge	180	76	24	648	db
db.CmeBulkEmail	184	76	432	648	db
db.CmeBulkEmailRecipient	264	76	840	648	db
db.CmeBulkEmailTemplate	256	76	1248	648	db
db.CmeCompany	180	76	1656	648	db
db.CmeCompanyContact	224	76	2064	648	db
db.CmeCompanyContactNotificationSettings	360	76	2472	648	db
db.CmeCompanyDirectorTermManagement	360	76	2880	648	db
db.CmeCompanyNote	200	76	3288	648	db
db.CmeCompanyRegistration	264	76	3696	648	db
db.CmeCompanyRegistrationFile	304	76	4104	648	db
db.CmeContact	180	76	4512	648	db
db.CmeMemberRelation	224	76	4920	648	db
db.CoCeoSystemChangeEvent	280	76	5328	648	db
db.CommonAddress	180	76	5736	648	db
db.Company	180	76	6144	648	db
db.CompanyAddressChangeEvent	296	76	6552	648	db
db.CompanyAppointedTransferAgentChange	360	76	6960	648	db
db.CompanyAuthorizedSharesChange	328	76	7368	648	db
db.CompanyBenefit	192	76	24	752	db
db.CompanyBulkEmailTemplate	288	76	432	752	db
db.CompanyCreateAssignmentReadiness	352	76	840	752	db
db.CompanyCreateProgress	256	76	1248	752	db
db.CompanyCreateRequest	248	76	1656	752	db
db.CompanyDepartment	232	76	2064	752	db
db.CompanyDepartmentCode	264	76	2472	752	db
db.CompanyDocumentDelivery	272	76	2880	752	db
db.CompanyEndorsement	224	76	3288	752	db
db.CompanyEndorsementFeed	264	76	3696	752	db
db.CompanyExpertClientRelation	312	76	4104	752	db
db.CompanyFeed	180	76	4512	752	db
db.CompanyFeedAccessLog	256	76	4920	752	db
db.CompanyFeedRating	224	76	5328	752	db
db.CompanyGuideState	216	76	5736	752	db
db.CompanyInvestmentContractInfo	328	76	6144	752	db
db.CompanyInvestorInterest	272	76	6552	752	db
db.CompanyInvitation	216	76	6960	752	db
db.CompanyIrClosingFeed	256	76	7368	752	db
db.CompanyIrNewCommitFeed	280	76	24	856	db
db.CompanyIrOpenFeed	232	76	432	856	db
db.CompanyIrSetting	216	76	840	856	db
db.CompanyLegalPartnerRelation	312	76	1248	856	db
db.CompanyManagementAssignment	352	76	1656	856	db
db.CompanyManagingEntity	256	76	2064	856	db
db.CompanyMethodOfGivingPublicNoticeChange	360	76	2472	856	db
db.CompanyMnaSetting	224	76	2880	856	db
db.CompanyNameChange	224	76	3288	856	db
db.CompanyNews	180	76	3696	856	db
db.CompanyNewsFeed	208	76	4104	856	db
db.CompanyNewsLink	208	76	4512	856	db
db.CompanyNotificationSetting	296	76	4920	856	db
db.CompanyNotificationTrigger	296	76	5328	856	db
db.CompanyOptionRule	232	76	5736	856	db
db.CompanyOverview	200	76	6144	856	db
db.CompanyOwnerAddRequest	272	76	6552	856	db
db.CompanyOwnerAuditLog	256	76	6960	856	db
db.CompanyOwnerAuditLogOwnerRoleRelation	360	76	7368	856	db
db.CompanyOwnerNotificationTrigger	344	76	24	960	db
db.CompanyParValueChange	240	76	432	960	db
db.CompanyPaymentLink	232	76	840	960	db
db.CompanyPolicyFile	224	76	1248	960	db
db.CompanyProfileAccessLog	280	76	1656	960	db
db.CompanyPromotionInfo	248	76	2064	960	db
db.CompanyPromotionPrizeType	296	76	2472	960	db
db.CompanyPromotionWinLog	272	76	2880	960	db
db.CompanyPurposeChange	248	76	3288	960	db
db.CompanyPurposeChangeItem	288	76	3696	960	db
db.CompanyQuestionThread	256	76	4104	960	db
db.CompanyRegistrationAssignment	320	76	4512	960	db
db.CompanyRegistrationAssignmentLog	352	76	4920	960	db
db.CompanyRegistrationStaffStatus	336	76	5328	960	db
db.CompanyRsuRule	200	76	5736	960	db
db.CompanyStockTransferRestrictedChange	360	76	6144	960	db
db.CompanyStockValue	224	76	6552	960	db
db.CompanyTag	180	76	6960	960	db
db.CompanyTanTableView	248	76	7368	960	db
db.CompanyTodo	180	76	24	1064	db
db.CompanyUpdateRequest	256	76	432	1064	db
db.CompanyUserRelation	240	76	840	1064	db
db.CompanyUserRelationOwnerRoleRelation	360	76	1248	1064	db
db.ConsentForm	180	76	1656	1064	db
db.ConsentFormItem	208	76	2064	1064	db
db.ConsentFormModusignDocument	312	76	2472	1064	db
db.ConsentFormModusignEmbeddedDraft	360	76	2880	1064	db
db.ConsentFormOptionItem	264	76	3288	1064	db
db.CorporateRegistration	248	76	3696	1064	db
db.CorporateRegistrationChangeConfirmation	360	76	4104	1064	db
db.CorporateRegistrationChangeDetection	360	76	4512	1064	db
db.CorporateRegistrationChangeDetectionParseResult	360	76	4920	1064	db
db.CorporateRegistrationDocument	360	76	5328	1064	db
db.CorporateRegistrationExtractionLog	360	76	5736	1064	db
db.CorporateRegistrationIssueCoupon	352	76	6144	1064	db
db.CorporateRegistrationIssueCouponIssueLog	360	76	6552	1064	db
db.CorporateRegistrationIssueCouponUseRequest	360	76	6960	1064	db
db.CorporateRegistrationIssueCouponUseResult	360	76	7368	1064	db
db.CorporateRegistrationIssueLog	328	76	24	1168	db
db.CorporateRegistrationIssueMaintenance	360	76	432	1168	db
db.CorporateRegistrationIssueRequest	360	76	840	1168	db
db.CorporateRegistrationPaidIssue	336	76	1248	1168	db
db.CorporationPostRegistrationEmail	352	76	1656	1168	db
db.CorporationPostRegistrationScheduledEmail	360	76	2064	1168	db
db.CorporationPostRegistrationScheduledEmailPeriodicTaskRelation	360	76	2472	1168	db
db.Credit	180	76	2880	1168	db
db.CreditCard	180	76	3288	1168	db
db.CreditUse	180	76	3696	1168	db
db.CsAgentResponse	208	76	4104	1168	db
db.CsAgentResponseFeedBack	280	76	4512	1168	db
db.CustomOptionGrantContractTemplate	360	76	4920	1168	db
db.CustomOptionGrantContractTemplateRevision	360	76	5328	1168	db
db.DailyNewspaper	192	76	5736	1168	db
db.DataPortalAddressInformationCache	360	76	6144	1168	db
db.DebtConfirmationAndOffsetContractDocument	360	76	6552	1168	db
db.DemoCompanyCreationLog	272	76	6960	1168	db
db.Department	180	76	7368	1168	db
db.DepartmentStaffUserRelation	288	76	24	1272	db
db.Director	180	76	432	1272	db
db.DirectorAppointmentEvent	280	76	840	1272	db
db.DirectorCompensationDecisionEvent	360	76	1248	1272	db
db.DirectorCompensationLimitEvent	336	76	1656	1272	db
db.DirectorDecisionDocument	344	76	2064	1272	db
db.DirectorResidentRegistrationWithAddressChangeHistoryDocument	360	76	2472	1272	db
db.DirectorTermEndEvent	256	76	2880	1272	db
db.DirectorVote	180	76	3288	1272	db
db.DirectorVotingRightsPerAgenda	336	76	3696	1272	db
db.DirectorsMeeting	208	76	4104	1272	db
db.DirectorsMeetingAgenda	264	76	4512	1272	db
db.DirectorsMeetingDirectorAttendance	360	76	4920	1272	db
db.DirectorsMeetingMinutesDocument	360	76	5328	1272	db
db.DirectorsMeetingNoticeDocument	360	76	5736	1272	db
db.DirectorsMeetingNoticeEmail	312	76	6144	1272	db
db.DirectorsMeetingNoticeEmailRecipient	360	76	6552	1272	db
db.DirectorsMeetingSkipNoticeDocument	360	76	6960	1272	db
db.DivaFund	180	76	7368	1272	db
db.DocumentDelivery	208	76	24	1376	db
db.DocumentDeliveryQuestionThreadRelation	360	76	432	1376	db
db.DocumentLoadedPdfEvent	272	76	840	1376	db
db.DocumentParseResult	240	76	1248	1376	db
db.DormantConversionNotifiedActivity	360	76	1656	1376	db
db.DormantUser	180	76	2064	1376	db
db.DormantUserEmail	216	76	2472	1376	db
db.DormantUserPhone	216	76	2880	1376	db
db.DormantUserReactivationToken	320	76	3288	1376	db
db.ESOP	180	76	3696	1376	db
db.ESOPParticipant	200	76	4104	1376	db
db.EditableCompanyOwnerAuditLog	328	76	4512	1376	db
db.ElectronicCertificate	248	76	4920	1376	db
db.ElectronicCertificateApplicationFormDocument	360	76	5328	1376	db
db.ElectronicCertificateCaseReportDocument	360	76	5736	1376	db
db.ElectronicCertificateFileDownloadHistory	360	76	6144	1376	db
db.ElectronicCertificateFileUploadRequest	360	76	6552	1376	db
db.ElectronicCertificateFileUploaded	360	76	6960	1376	db
db.ElectronicCertificateReturnRequest	360	76	7368	1376	db
db.Email	180	76	24	1480	db
db.EmailActivity	184	76	432	1480	db
db.EmailActivityRecipient	264	76	840	1480	db
db.EmailActivityRecipientStatusHistory	360	76	1248	1480	db
db.EmailVerification	216	76	1656	1480	db
db.Employee	180	76	2064	1480	db
db.EmployeeDepartmentCodeRelation	336	76	2472	1480	db
db.EmployeeGroup	184	76	2880	1480	db
db.EmployeeNumber	192	76	3288	1480	db
db.EmployeeOption	192	76	3696	1480	db
db.EmployeeOptionExerciseCandidate	344	76	4104	1480	db
db.EmployeeOptionExerciseCandidateFile	360	76	4512	1480	db
db.EmployeeOptionExerciseClaim	312	76	4920	1480	db
db.EmployeeOptionExerciseClaimOption	360	76	5328	1480	db
db.EmployeeOptionExerciseEvent	312	76	5736	1480	db
db.EmployeeOptionExerciseManagement	352	76	6144	1480	db
db.EmployeeOptionExerciseManagementEmail	360	76	6552	1480	db
db.EmployeeOptionGrantee	256	76	6960	1480	db
db.EmployeeOptionVesting	256	76	7368	1480	db
db.EmployeeOptionVestingItem	296	76	24	1584	db
db.EmployeeOptionVestingTraceable	336	76	432	1584	db
db.EmployeeStock	184	76	840	1584	db
db.EmployeeStockDepositEvent	296	76	1248	1584	db
db.EmployeeStockGuide	232	76	1656	1584	db
db.EmployeeStockGuideAudience	304	76	2064	1584	db
db.EmployeeStockGuideEmail	280	76	2472	1584	db
db.EmployeeStockTag	216	76	2880	1584	db
db.EmployeeStockTagCategory	288	76	3288	1584	db
db.EmployeeStockWithdrawEvent	304	76	3696	1584	db
db.EmployeeStockWithdrawRequest	320	76	4104	1584	db
db.EmploymentCertificateDocumentRequest	360	76	4512	1584	db
db.EmploymentStatusHistory	272	76	4920	1584	db
db.Event	180	76	5328	1584	db
db.EventAttachment	200	76	5736	1584	db
db.ExpertClient	180	76	6144	1584	db
db.ExpertClientIncorporationSupport	352	76	6552	1584	db
db.ExpertClientSignupChannel	296	76	6960	1584	db
db.ExpertClientTaxServiceSettings	344	76	7368	1584	db
db.ExpressDelivery1	208	76	24	1688	db
db.ExternalStockInfo	224	76	432	1688	db
db.FABContent	180	76	840	1688	db
db.Faq	180	76	1248	1688	db
db.FaqLink	180	76	1656	1688	db
db.FeeReceiptDocument	296	76	2064	1688	db
db.Feed	180	76	2472	1688	db
db.FileAttachment	192	76	2880	1688	db
db.FileValueWithVisibility	280	76	3288	1688	db
db.FinanceAndInsurance	240	76	3696	1688	db
db.FinancialAccount	208	76	4104	1688	db
db.FinancialInstitution	240	76	4512	1688	db
db.FinancialStatementsDocument	360	76	4920	1688	db
db.FinancialStatementsForNewIssueFromConversionDocument	360	76	5328	1688	db
db.Fund	180	76	5736	1688	db
db.FundPartner	180	76	6144	1688	db
db.FundingNewsDistributionServiceRequest	360	76	6552	1688	db
db.HelpTemplate	180	76	6960	1688	db
db.HoldingCompany	192	76	7368	1688	db
db.Holiday	180	76	24	1792	db
db.Hrm	180	76	432	1792	db
db.HrmAlpAccessLog	216	76	840	1792	db
db.HrmAlpConfig	184	76	1248	1792	db
db.HrmAlpConfigIndivApprovalTemplateRel	360	76	1656	1792	db
db.HrmAlpTarget	184	76	2064	1792	db
db.HrmAlpUsageDateDesignation	312	76	2472	1792	db
db.HrmAlpUsagePlan	216	76	2880	1792	db
db.HrmAlpUsagePlanDate	256	76	3288	1792	db
db.HrmAnnualLeave	200	76	3696	1792	db
db.HrmAnnualLeaveAdjustment	288	76	4104	1792	db
db.HrmAnnualLeaveConfigBase	296	76	4512	1792	db
db.HrmAnnualLeaveFiscalBasedConfig	360	76	4920	1792	db
db.HrmAnnualLeaveHireBasedConfig	344	76	5328	1792	db
db.HrmApprovable	184	76	5736	1792	db
db.HrmApproval	180	76	6144	1792	db
db.HrmApprovalLine	208	76	6552	1792	db
db.HrmApprovalReview	224	76	6960	1792	db
db.HrmApprovalTemplate	240	76	7368	1792	db
db.HrmApprovalTemplateLine	280	76	24	1896	db
db.HrmApprovalTemplateReview	296	76	432	1896	db
db.HrmApprover	180	76	840	1896	db
db.HrmAttendance	184	76	1248	1896	db
db.HrmAttendanceItem	224	76	1656	1896	db
db.HrmCertificateConfig	248	76	2064	1896	db
db.HrmCertificateConfigIndividualApprovalTemplateRelation	360	76	2472	1896	db
db.HrmCertificateIssue	240	76	2880	1896	db
db.HrmCompensatoryLeave	248	76	3288	1896	db
db.HrmConciergeRequest	240	76	3696	1896	db
db.HrmCustomLeave	200	76	4104	1896	db
db.HrmDailyLeaveUsageItem	280	76	4512	1896	db
db.HrmDept	180	76	4920	1896	db
db.HrmDeptAbolishedEvent	264	76	5328	1896	db
db.HrmDeptCreatedEvent	248	76	5736	1896	db
db.HrmDeptEventBase	224	76	6144	1896	db
db.HrmDeptName	180	76	6552	1896	db
db.HrmDeptNameChangedEvent	288	76	6960	1896	db
db.HrmDeptNameEventBase	264	76	7368	1896	db
db.HrmDeptParent	192	76	24	2000	db
db.HrmDeptParentChangedEvent	304	76	432	2000	db
db.HrmDeptParentEventBase	280	76	840	2000	db
db.HrmDeptReorg	184	76	1248	2000	db
db.HrmDeptStatus	192	76	1656	2000	db
db.HrmDeptStatusEventBase	280	76	2064	2000	db
db.HrmDocument	180	76	2472	2000	db
db.HrmDocumentDraft	216	76	2880	2000	db
db.HrmDocumentDraftFieldAttachment	352	76	3288	2000	db
db.HrmDocumentDraftFieldMultiSelectValue	360	76	3696	2000	db
db.HrmDocumentDraftFieldValue	312	76	4104	2000	db
db.HrmDocumentFieldAttachment	304	76	4512	2000	db
db.HrmDocumentFieldMultiSelectValue	360	76	4920	2000	db
db.HrmDocumentFieldValue	264	76	5328	2000	db
db.HrmDocumentForm	208	76	5736	2000	db
db.HrmDocumentFormFieldDefinition	344	76	6144	2000	db
db.HrmDocumentFormFieldSelectOption	360	76	6552	2000	db
db.HrmDocumentFormIndividualApprovalTemplateRelation	360	76	6960	2000	db
db.HrmEmp	180	76	7368	2000	db
db.HrmEmpAbsenceEvent	240	76	24	2104	db
db.HrmEmpAffiliation	224	76	432	2104	db
db.HrmEmpAffiliationChangedEvent	336	76	840	2104	db
db.HrmEmpAffiliationDept	264	76	1248	2104	db
db.HrmEmpAffiliationEventBase	312	76	1656	2104	db
db.HrmEmpContract	200	76	2064	2104	db
db.HrmEmpContractCommonVar	288	76	2472	2104	db
db.HrmEmpContractMgmt	240	76	2880	2104	db
db.HrmEmpContractModusignDocument	344	76	3288	2104	db
db.HrmEmpContractTemplate	272	76	3696	2104	db
db.HrmEmpContractTemplateRevision	344	76	4104	2104	db
db.HrmEmpContractTemplateRevisionSigner	360	76	4512	2104	db
db.HrmEmpDepartedEvent	248	76	4920	2104	db
db.HrmEmpEmploymentType	256	76	5328	2104	db
db.HrmEmpEmploymentTypeChangedEvent	360	76	5736	2104	db
db.HrmEmpEmploymentTypeEventBase	344	76	6144	2104	db
db.HrmEmpEventBase	216	76	6552	2104	db
db.HrmEmpJob	180	76	6960	2104	db
db.HrmEmpJobChangedEvent	272	76	7368	2104	db
db.HrmEmpJobEventBase	248	76	24	2208	db
db.HrmEmpJobLevel	208	76	432	2208	db
db.HrmEmpJobPosition	232	76	840	2208	db
db.HrmEmpJobRole	200	76	1248	2208	db
db.HrmEmpJobTitle	208	76	1656	2208	db
db.HrmEmpJoinedEvent	232	76	2064	2208	db
db.HrmEmpMov	180	76	2472	2208	db
db.HrmEmpReturnToWorkEvent	296	76	2880	2208	db
db.HrmEmpStatus	184	76	3288	2208	db
db.HrmEmpStatusEventBase	272	76	3696	2208	db
db.HrmEmpUserInvitation	256	76	4104	2208	db
db.HrmEmpUserInvitationInvitee	320	76	4512	2208	db
db.HrmEmpWorkAssignment	256	76	4920	2208	db
db.HrmFamilyCareLeave	240	76	5328	2208	db
db.HrmFixedWork	184	76	5736	2208	db
db.HrmFixedWorkSchedule	256	76	6144	2208	db
db.HrmGoogleCalendarIntegration	320	76	6552	2208	db
db.HrmGrantableLeave	224	76	6960	2208	db
db.HrmInfertilityTreatmentLeave	320	76	7368	2208	db
db.HrmLeaveBase	184	76	24	2312	db
db.HrmLeaveCommonConfig	256	76	432	2312	db
db.HrmLeaveGrant	192	76	840	2312	db
db.HrmLeaveIndividualApprovalTemplateRelation	360	76	1248	2312	db
db.HrmLeaveUsage	192	76	1656	2312	db
db.HrmLeaveUsageAttachment	280	76	2064	2312	db
db.HrmLeaveUsageItem	232	76	2472	2312	db
db.HrmMaternityLeave	224	76	2880	2312	db
db.HrmMenstrualLeave	224	76	3288	2312	db
db.HrmMiscarriageLeave	240	76	3696	2312	db
db.HrmOngoingAttendance	248	76	4104	2312	db
db.HrmOngoingAttendanceClockedSchedule	360	76	4512	2312	db
db.HrmPaternityLeave	224	76	4920	2312	db
db.HrmRequestor	180	76	5328	2312	db
db.HrmReserveTrainingLeave	280	76	5736	2312	db
db.HrmSigner	180	76	6144	2312	db
db.HrmStaffNote	184	76	6552	2312	db
db.HrmStaggeredWork	216	76	6960	2312	db
db.HrmStaggeredWorkSchedule	288	76	7368	2312	db
db.HrmStandardWork	208	76	24	2416	db
db.HrmStandardWorkSchedule	280	76	432	2416	db
db.HrmTag	180	76	840	2416	db
db.HrmWorkAutoClockOutConfig	312	76	1248	2416	db
db.HrmWorkBase	180	76	1656	2416	db
db.HrmWorkIndividualApprovalTemplateRelation	360	76	2064	2416	db
db.HrmWorkOvertime	208	76	2472	2416	db
db.IBKSignupChannel	216	76	2880	2416	db
db.IBKUser	180	76	3288	2416	db
db.IBKUserLoginToken	232	76	3696	2416	db
db.IaAccountInfo	192	76	4104	2416	db
db.IaCertificateOfInvestmentDocument	360	76	4512	2416	db
db.IaCertificateOfInvestmentDocumentEmail	360	76	4920	2416	db
db.IaCertificateOfInvestmentDocumentRecipient	360	76	5328	2416	db
db.IaConfirmationRequest	360	76	5736	2416	db
db.IaConsentForm	352	76	6144	2416	db
db.IaConsentFormDocument	360	76	6552	2416	db
db.IaConsentFormOrMeeting	360	76	6960	2416	db
db.IaConsentFormOrMeetingDocumentGeneration	360	76	7368	2416	db
db.IaConsentFormOrMeetingDocumentGenerationItem	360	76	24	2520	db
db.IaConsentFormOrMeetingElectronicSignatureRequest	360	76	432	2520	db
db.IaConsentFormOrMeetingElectronicSignatureRequestModusignDocument	360	76	840	2520	db
db.IaConsentFormOrMeetingElectronicSignatureRequestModusignEmbeddedDraft	360	76	1248	2520	db
db.IaConsentFormOrMeetingElectronicSignatureRequestStatusHistory	360	76	1656	2520	db
db.IaConsentFormOrMeetingElectronicSignatureRequestUploadedModusignDocument	360	76	2064	2520	db
db.IaConsentFormOrMeetingElectronicSignatureRequiredDocument	360	76	2472	2520	db
db.IaConsentFormOrMeetingEsigRequiredDocumentPageRange	360	76	2880	2520	db
db.IaConsentFormOrMeetingGuideEmail	360	76	3288	2520	db
db.IaConsentFormOrMeetingGuideEmailRecipient	360	76	3696	2520	db
db.IaDocumentArchive	224	76	4104	2520	db
db.IaDocumentArchiveAttachment	312	76	4512	2520	db
db.IaExpertPartnerBulkEmailTemplate	360	76	4920	2520	db
db.IaExplanationFormForElectronicSignatureDocument	360	76	5328	2520	db
db.IaFoundingMeetingEvent	272	76	5736	2520	db
db.IaFoundingProgressStatus	288	76	6144	2520	db
db.IaGpAppointmentEvent	256	76	6552	2520	db
db.IaGpTerminationEvent	256	76	6960	2520	db
db.IaInvestmentCertificateRegistrationRequest	360	76	7368	2520	db
db.IaLegalPartnerRelation	272	76	24	2624	db
db.IaMeeting	312	76	432	2624	db
db.IaMeetingAgenda	360	76	840	2624	db
db.IaMeetingAgendaCustom	360	76	1248	2624	db
db.IaMeetingAgendaVote	360	76	1656	2624	db
db.IaMeetingConvocationNoticeEmail	352	76	2064	2624	db
db.IaMeetingConvocationNoticeRecipient	360	76	2472	2624	db
db.IaMeetingMinutesDocument	360	76	2880	2624	db
db.IaMeetingNoticeDocument	360	76	3288	2624	db
db.IaMeetingSealedNoticeDocumentFile	360	76	3696	2624	db
db.IaMeetingShortenPeriodDocument	360	76	4104	2624	db
db.IaModusignDocumentUsageHistory	344	76	4512	2624	db
db.IaOperation	180	76	4920	2624	db
db.IaOperationManagement	256	76	5328	2624	db
db.IaOwner	296	76	5736	2624	db
db.IaOwnerAuditLog	216	76	6144	2624	db
db.IaPartnerDataCollection	280	76	6552	2624	db
db.IaPartnerDataCollectionItem	320	76	6960	2624	db
db.IaPartnerDataCollectionItemReply	360	76	7368	2624	db
db.IaPartnerInvestmentConfirmation	344	76	24	2728	db
db.IaPartnerInvestmentConfirmationEmail	360	76	432	2728	db
db.IaPartnerInvestmentConfirmationEmailRecipient	360	76	840	2728	db
db.IaPartnerListDocument	264	76	1248	2728	db
db.IaPaymentLink	192	76	1656	2728	db
db.IaPfCompany	180	76	2064	2728	db
db.IaPfCompanyInvestment	264	76	2472	2728	db
db.IaPfCompanyInvestmentSalesIntent	360	76	2880	2728	db
db.IaPfCompanyInvestmentStock	312	76	3288	2728	db
db.IaQuestionThread	360	76	3696	2728	db
db.IaRule	288	76	4104	2728	db
db.IaRuleCompensation	232	76	4512	2728	db
db.IaRuleDocument	200	76	4920	2728	db
db.IaRuleInvestment	216	76	5328	2728	db
db.IaRuleMeeting	192	76	5736	2728	db
db.IaRulePartner	192	76	6144	2728	db
db.IaSealStamp	180	76	6552	2728	db
db.IaSealStampImage	224	76	6960	2728	db
db.IaShareTransferEvent	256	76	7368	2728	db
db.IaUserInvitation	216	76	24	2832	db
db.IaUserInvitationInvitee	280	76	432	2832	db
db.IaWrittenResolutionDocument	360	76	840	2832	db
db.ImAcVcBroker	192	76	1248	2832	db
db.ImAccessLog	180	76	1656	2832	db
db.ImAttachment	180	76	2064	2832	db
db.ImAttachmentDownloadLog	280	76	2472	2832	db
db.ImAttachmentPdfEvent	256	76	2880	2832	db
db.ImBroker	180	76	3288	2832	db
db.ImBrokerAssignment	232	76	3696	2832	db
db.ImBrokerAssignmentInvitedUser	336	76	4104	2832	db
db.ImConsultingRequest	240	76	4512	2832	db
db.ImContactRequest	216	76	4920	2832	db
db.ImContactRequestIntention	296	76	5328	2832	db
db.ImDay	180	76	5736	2832	db
db.ImDayParticipation	232	76	6144	2832	db
db.ImDayParticipationAttachment	320	76	6552	2832	db
db.ImDaySurvey	180	76	6960	2832	db
db.ImDisclosing	180	76	7368	2832	db
db.ImIndividualGpBroker	256	76	24	2936	db
db.ImInvestorBroker	216	76	432	2936	db
db.ImInvestorMemo	200	76	840	2936	db
db.ImIrPartnerBroker	232	76	1248	2936	db
db.ImIrPartnerBrokerOwnerRelation	352	76	1656	2936	db
db.ImNote	180	76	2064	2936	db
db.ImPitchingDay	192	76	2472	2936	db
db.ImPitchingDayParticipation	304	76	2880	2936	db
db.ImTag	180	76	3288	2936	db
db.ImWatching	180	76	3696	2936	db
db.ImZuzuBroker	184	76	4104	2936	db
db.InauguralConsentDocument	344	76	4512	2936	db
db.IncorporationBenefitRequest	304	76	4920	2936	db
db.IncorporationIssueEvent	272	76	5328	2936	db
db.IncorporationRequest	240	76	5736	2936	db
db.IncorporationRequestAoiFile	312	76	6144	2936	db
db.IncorporationRequestAssistance	328	76	6552	2936	db
db.IncorporationRequestAssistanceReceipt	360	76	6960	2936	db
db.IncorporationRequestDirector	312	76	7368	2936	db
db.IncorporationRequestPromoter	312	76	24	3040	db
db.IncorporationRequestPromoterInstitutionCeo	360	76	432	3040	db
db.IncorporationRequestPurpose	304	76	840	3040	db
db.IndividualInvestorCompany	288	76	1248	3040	db
db.IndividualInvestorCompanyCeo	320	76	1656	3040	db
db.IndividualInvestorCompanyInfo	328	76	2064	3040	db
db.IndividualInvestorCompanyName	328	76	2472	3040	db
db.IndividualInvestorCompanyParValue	360	76	2880	3040	db
db.IndividualInvestorCompanyShareClass	360	76	3288	3040	db
db.IndividualInvestorCompanyShareStock	360	76	3696	3040	db
db.IndividualInvestorEvent	272	76	4104	3040	db
db.IndividualInvestorStakeholder	320	76	4512	3040	db
db.IndividualInvestorUser	264	76	4920	3040	db
db.IndividualStakeholder	248	76	5328	3040	db
db.IndividualStockOption	256	76	5736	3040	db
db.IndividualStockOptionCancelEvent	360	76	6144	3040	db
db.IndividualStockOptionCreateRequest	360	76	6552	3040	db
db.IndividualStockOptionCreateRequestEtcFile	360	76	6960	3040	db
db.IndividualStockOptionExerciseEvent	360	76	7368	3040	db
db.IndividualStockOptionGrantContract	360	76	24	3144	db
db.IndividualStockOptionGrantEvent	352	76	432	3144	db
db.IndividualStockOptionGrantee	320	76	840	3144	db
db.IndividualStockOptionPauseEvent	352	76	1248	3144	db
db.IndividualStockOptionResumeEvent	360	76	1656	3144	db
db.IndividualStockOptionSalesIntent	360	76	2064	3144	db
db.IndividualStockOptionVesting	320	76	2472	3144	db
db.IndividualStockOptionVestingItem	360	76	2880	3144	db
db.IndividualStockOptionVestingTraceable	360	76	3288	3144	db
db.IndustrialCode	192	76	3696	3144	db
db.InputChannel	180	76	4104	3144	db
db.InputSignupChannel	232	76	4512	3144	db
db.InstitutionStakeholder	256	76	4920	3144	db
db.InstitutionStakeholderManager	328	76	5328	3144	db
db.InternetRegistryOfficeOtp	296	76	5736	3144	db
db.InternetRegistryOfficeOtpReturnRequest	360	76	6144	3144	db
db.InvestmentAssociation	248	76	6552	3144	db
db.InvestmentAssociationAssociationPartner	360	76	6960	3144	db
db.InvestmentAssociationAssociationPartnerManager	360	76	7368	3144	db
db.InvestmentAssociationCorporationPartner	360	76	24	3248	db
db.InvestmentAssociationCorporationPartnerManager	360	76	432	3248	db
db.InvestmentAssociationDocument	320	76	840	3248	db
db.InvestmentAssociationEvent	296	76	1248	3248	db
db.InvestmentAssociationIndividualPartner	360	76	1656	3248	db
db.InvestmentAssociationIndividualPartnerLegalRepresentative	360	76	2064	3248	db
db.InvestmentAssociationOrganizationPartner	360	76	2472	3248	db
db.InvestmentAssociationOrganizationPartnerCeo	360	76	2880	3248	db
db.InvestmentAssociationOrganizationPartnerCorporationSigner	360	76	3288	3248	db
db.InvestmentAssociationOrganizationPartnerCorporationSignerCeo	360	76	3696	3248	db
db.InvestmentAssociationOrganizationPartnerIndividualSigner	360	76	4104	3248	db
db.InvestmentAssociationOrganizationPartnerManager	360	76	4512	3248	db
db.InvestmentAssociationOrganizationPartnerSigner	360	76	4920	3248	db
db.InvestmentAssociationPartner	312	76	5328	3248	db
db.InvestmentAssociationPartnerManager	360	76	5736	3248	db
db.InvestmentAssociationPartnerResume	360	76	6144	3248	db
db.InvestmentAssociationPartnerResumeItem	360	76	6552	3248	db
db.InvestmentAssociationPartnerSalesIntent	360	76	6960	3248	db
db.InvestmentAssociationShare	296	76	7368	3248	db
db.InvestmentContractHolder	280	76	24	3352	db
db.InvestmentRound	200	76	432	3352	db
db.InvestmentRoundNewIssueEvent	328	76	840	3352	db
db.InvestmentSimulation	240	76	1248	3352	db
db.InvestmentSimulationInitialOption	360	76	1656	3352	db
db.InvestmentSimulationInitialOptionGrantee	360	76	2064	3352	db
db.InvestmentSimulationInitialShareholder	360	76	2472	3352	db
db.InvestmentSimulationInitialStock	352	76	2880	3352	db
db.InvestmentSimulationInvestor	312	76	3288	3352	db
db.InvestmentSimulationNewIssueInvestment	360	76	3696	3352	db
db.InvestmentSimulationPurchaseInvestment	360	76	4104	3352	db
db.InvestmentSimulationPurchaseSellStock	360	76	4512	3352	db
db.InvestmentSimulationRound	288	76	4920	3352	db
db.InvestorInterest	208	76	5328	3352	db
db.InvestorMatching	208	76	5736	3352	db
db.InvestorRelations	216	76	6144	3352	db
db.InvestorRelationsSurvey	272	76	6552	3352	db
db.InvitationSeat	192	76	6960	3352	db
db.InvitationSeatRequest	288	76	7368	3352	db
db.IrAiAnalysis	184	76	24	3456	db
db.IrAiAnalysisLike	224	76	432	3456	db
db.IrAiSummary	180	76	840	3456	db
db.IrAlert	180	76	1248	3456	db
db.IrAlertInvestorRelations	288	76	1656	3456	db
db.IrApproval	180	76	2064	3456	db
db.IrApprovalNotificationDismiss	328	76	2472	3456	db
db.IrBrokerActivity	216	76	2880	3456	db
db.IrClosing	180	76	3288	3456	db
db.IrClosingComplete	224	76	3696	3456	db
db.IrClosingExpired	216	76	4104	3456	db
db.IrClosingIncomplete	240	76	4512	3456	db
db.IrCommittedInvestmentAmount	312	76	4920	3456	db
db.IrCompanyCreate	208	76	5328	3456	db
db.IrConsultingRequest	240	76	5736	3456	db
db.IrFeed	180	76	6144	3456	db
db.IrFeedAccessLog	216	76	6552	3456	db
db.IrFeedRating	184	76	6960	3456	db
db.IrFundRaising	192	76	7368	3456	db
db.IrFundRaisingMemo	232	76	24	3560	db
db.IrFundRaisingStageLog	272	76	432	3560	db
db.IrInsightClub	192	76	840	3560	db
db.IrInsightClubParticipation	304	76	1248	3560	db
db.IrInsightClubParticipationAttendee	360	76	1656	3560	db
db.IrInsightClubSurvey	248	76	2064	3560	db
db.IrInvestorFeedback	232	76	2472	3560	db
db.IrNote	180	76	2880	3560	db
db.IrSearchMetadata	216	76	3288	3560	db
db.IrSubscription	192	76	3696	3560	db
db.IrSubscriptionMarketingRequest	336	76	4104	3560	db
db.IrTeamMember	184	76	4512	3560	db
db.IrTranscript	180	76	4920	3560	db
db.IrosOtpIssueMeetingDocument	320	76	5328	3560	db
db.Jurisdiction	180	76	5736	3560	db
db.LawtalkSignup	184	76	6144	3560	db
db.LawtalkSignupAttachment	272	76	6552	3560	db
db.LedgerByCustomerDocument	352	76	6960	3560	db
db.LegalPartner	180	76	7368	3560	db
db.LegalPartnerEmail	224	76	24	3664	db
db.LegalPartnerPaypleSettings	304	76	432	3664	db
db.LegalPartnerRegistrationAssistanceSettings	360	76	840	3664	db
db.LegalPartnerSignupChannel	296	76	1248	3664	db
db.LegalPartnerSlackChannels	296	76	1656	3664	db
db.LegalPartnerUserRelation	288	76	2064	3664	db
db.ManualOptionVesting	240	76	2472	3664	db
db.ManualOptionVestingItem	280	76	2880	3664	db
db.ManualProduct	184	76	3288	3664	db
db.Meeting	180	76	3696	3664	db
db.MeetingAttachment	216	76	4104	3664	db
db.MeetingAttorney	200	76	4512	3664	db
db.MeetingDirectorContact	264	76	4920	3664	db
db.MeetingDocument	200	76	5328	3664	db
db.MeetingDocumentCache	248	76	5736	3664	db
db.MeetingDocumentGeneration	288	76	6144	3664	db
db.MeetingDocumentGenerationItem	328	76	6552	3664	db
db.MeetingDocumentManualModification	360	76	6960	3664	db
db.MeetingDraft	180	76	7368	3664	db
db.MeetingDraftAgendaDirectorChange	360	76	24	3768	db
db.MeetingDraftAgendaDirectorCompensation	360	76	432	3768	db
db.MeetingDraftAgendaDirectorCompensationItem	360	76	840	3768	db
db.MeetingDraftRegistrationAssistance	360	76	1248	3768	db
db.MeetingDraftSchedule	248	76	1656	3768	db
db.MeetingPrice	180	76	2064	3768	db
db.MembershipContent	216	76	2472	3768	db
db.MembershipContentAccessLog	304	76	2880	3768	db
db.MembershipContentAuthor	272	76	3288	3768	db
db.MembershipContentAuthorRelation	344	76	3696	3768	db
db.MiraeassetAccount	216	76	4104	3768	db
db.Mna	180	76	4512	3768	db
db.MnaBuyer	180	76	4920	3768	db
db.MnaBuyerAttachment	232	76	5328	3768	db
db.MnaConsultingRequest	248	76	5736	3768	db
db.ModusignAccount	200	76	6144	3768	db
db.ModusignApiKey	200	76	6552	3768	db
db.ModusignApiLog	200	76	6960	3768	db
db.ModusignAuthentication	256	76	7368	3768	db
db.ModusignAuthorizationRequest	312	76	24	3872	db
db.ModusignCompanyUserConnection	328	76	432	3872	db
db.ModusignDocument	208	76	840	3872	db
db.ModusignDocumentActionHistory	328	76	1248	3872	db
db.ModusignDocumentModusignAccountRelation	360	76	1656	3872	db
db.ModusignDocumentModusignApiKeyRelation	360	76	2064	3872	db
db.ModusignDocumentParticipant	304	76	2472	3872	db
db.ModusignEmbeddedDraft	256	76	2880	3872	db
db.ModusignExceededSignings	280	76	3288	3872	db
db.ModusignIaUserConnection	360	76	3696	3872	db
db.NaverWorkplaceAuthentication	312	76	4104	3872	db
db.NaverWorkplaceCompany	256	76	4512	3872	db
db.NaverWorkplaceEmployee	264	76	4920	3872	db
db.NcpSignupChannel	216	76	5328	3872	db
db.NewCeoCertificateOfSealDocument	360	76	5736	3872	db
db.NewCeoResidentRegistrationDocument	360	76	6144	3872	db
db.NewIssueEvent	192	76	6552	3872	db
db.NewIssueNoticeEmail	248	76	6960	3872	db
db.NewIssueNoticeEmailRecipient	328	76	7368	3872	db
db.NewIssueSkipNoticeDocument	360	76	24	3976	db
db.NewIssueStockAcceptanceDocument	360	76	432	3976	db
db.NewIssueStockAllocationDocument	360	76	840	3976	db
db.NewIssueStockAllocationRecordDateNoticeDocument	360	76	1248	3976	db
db.NewIssueStockSubscriptionDocument	360	76	1656	3976	db
db.NewIssueStockUnissuedConfirmationDocument	360	76	2064	3976	db
db.NewPartnerInvestmentEvent	360	76	2472	3976	db
db.NonUnifiedShareCreateRequest	328	76	2880	3976	db
db.NonUnifiedShareEtcFile	280	76	3288	3976	db
db.NonUnifiedShareManagement	296	76	3696	3976	db
db.NonUnifiedShareManagementHistory	360	76	4104	3976	db
db.NonUnifiedShareManagementSalesIntent	360	76	4512	3976	db
db.NonUnifiedShareStockUnissuedConfirmationFile	360	76	4920	3976	db
db.NonUnifiedShareSucPoaDocument	344	76	5328	3976	db
db.NonUnifiedShareSucPoaModusignDocument	360	76	5736	3976	db
db.NonUnifiedShareSucRenewRequest	352	76	6144	3976	db
db.NotarizationPoA	200	76	6552	3976	db
db.NotarizationPoaDirectorSigner	328	76	6960	3976	db
db.NotarizationPoaDocument	336	76	7368	3976	db
db.NotarizationPoaShareholderSigner	352	76	24	4080	db
db.Notification	180	76	432	4080	db
db.NotificationInbox	216	76	840	4080	db
db.Option	180	76	1248	4080	db
db.OptionAdjustment	208	76	1656	4080	db
db.OptionAttachment	208	76	2064	4080	db
db.OptionCancelEvent	224	76	2472	4080	db
db.OptionContractTemplatePermission	352	76	2880	4080	db
db.OptionExerciseClaim	240	76	3288	4080	db
db.OptionExerciseClaimAttachment	328	76	3696	4080	db
db.OptionExerciseClaimCandidate	320	76	4104	4080	db
db.OptionExerciseClaimDocumentSetting	360	76	4512	4080	db
db.OptionExerciseClaimEventRelation	360	76	4920	4080	db
db.OptionExerciseClaimMeetingDocument	360	76	5328	4080	db
db.OptionExerciseClaimOption	296	76	5736	4080	db
db.OptionExerciseClaimOptionTaxation	360	76	6144	4080	db
db.OptionExerciseClaimPayment	304	76	6552	4080	db
db.OptionExerciseEvent	240	76	6960	4080	db
db.OptionExerciseManagement	280	76	7368	4080	db
db.OptionExerciseManagementAttachmentSetting	360	76	24	4184	db
db.OptionExerciseManagementAttachmentSettingItem	360	76	432	4184	db
db.OptionExerciseManagementEmail	328	76	840	4184	db
db.OptionExerciseManagementReminderSetting	360	76	1248	4184	db
db.OptionExerciseManagementTaxation	352	76	1656	4184	db
db.OptionExerciseManagementTaxationDefaultSetting	360	76	2064	4184	db
db.OptionGrantContract	240	76	2472	4184	db
db.OptionGrantContractCeo	272	76	2880	4184	db
db.OptionGrantContractFirstRefusalRightHolder	360	76	3288	4184	db
db.OptionGrantContractModusignDocument	360	76	3696	4184	db
db.OptionGrantContractModusignEmbeddedDraft	360	76	4104	4184	db
db.OptionGrantContractStakeholder	336	76	4512	4184	db
db.OptionGrantContractTemplate	312	76	4920	4184	db
db.OptionGrantContractTemplateDraft	360	76	5328	4184	db
db.OptionGrantContractTemplateRevision	360	76	5736	4184	db
db.OptionGrantEvent	216	76	6144	4184	db
db.OptionGrantee	184	76	6552	4184	db
db.OptionManagement	208	76	6960	4184	db
db.OptionManagementStakeholderSeat	344	76	7368	4184	db
db.OptionPauseEvent	216	76	24	4288	db
db.OptionQuantityTimeSeries	288	76	432	4288	db
db.OptionResumeEvent	224	76	840	4288	db
db.OptionTag	180	76	1248	4288	db
db.OptionTagCategory	224	76	1656	4288	db
db.OptionTaxCalculatorSetting	304	76	2064	4288	db
db.OptionValueChange	224	76	2472	4288	db
db.OptionVesting	184	76	2880	4288	db
db.OptionVestingTraceable	264	76	3288	4288	db
db.OptionWithdrawEvent	240	76	3696	4288	db
db.Order	180	76	4104	4288	db
db.OrderPromotionRelation	264	76	4512	4288	db
db.OrderStaffInChargeRelation	312	76	4920	4288	db
db.OrderStatusHistory	232	76	5328	4288	db
db.OrganizationChart	216	76	5736	4288	db
db.OtherDocumentArchive	248	76	6144	4288	db
db.OtherDocumentArchiveAttachment	336	76	6552	4288	db
db.OwnerPermission	200	76	6960	4288	db
db.OwnerRole	180	76	7368	4288	db
db.OwnerRolePermissionRelation	312	76	24	4392	db
db.PageNumberUpdatedPdfEvent	304	76	432	4392	db
db.PasswordReset	184	76	840	4392	db
db.Payment	180	76	1248	4392	db
db.PaymentLink	180	76	1656	4392	db
db.PaymentRefund	184	76	2064	4392	db
db.PaymentStatusHistory	248	76	2472	4392	db
db.PaymentStore	180	76	2880	4392	db
db.PaymentTermPartnerInvestmentEvent	360	76	3288	4392	db
db.Payroll	180	76	3696	4392	db
db.PayrollAnnualSalaryInfo	280	76	4104	4392	db
db.PayrollAnnualSalaryItem	280	76	4512	4392	db
db.PayrollDocumentSealStampSetting	352	76	4920	4392	db
db.PayrollLedger	184	76	5328	4392	db
db.PayrollLedgerAttachment	272	76	5736	4392	db
db.PayrollLedgerFile	224	76	6144	4392	db
db.PayrollLedgerFileModificationRequest	360	76	6552	4392	db
db.PayrollLedgerItem	224	76	6960	4392	db
db.PayrollLedgerItemSettingRelation	360	76	7368	4392	db
db.PayrollManagementRelation	288	76	24	4496	db
db.PayrollSetting	192	76	432	4496	db
db.PayrollSettlement	216	76	840	4496	db
db.PayrollSettlementAutoCreation	328	76	1248	4496	db
db.PayrollSettlementProgressLog	320	76	1656	4496	db
db.PayrollStaffUserRelation	288	76	2064	4496	db
db.PayrollStatement	208	76	2472	4496	db
db.PayrollStatementAttendance	296	76	2880	4496	db
db.PayrollStatementDocument	280	76	3288	4496	db
db.PayrollStatementEmail	256	76	3696	4496	db
db.PayrollStatementEmailRecipient	336	76	4104	4496	db
db.PayrollStatementItem	248	76	4512	4496	db
db.PayrollStatementPayrollInformation	360	76	4920	4496	db
db.PayrollStatementScheduledEmail	336	76	5328	4496	db
db.PayrollStatementScheduledEmailPeriodicTaskRelation	360	76	5736	4496	db
db.PdfEvent	180	76	6144	4496	db
db.PerformanceRsuVestingItem	296	76	6552	4496	db
db.PeriodPhantomStockVestingItem	336	76	6960	4496	db
db.PeriodRsuVestingItem	256	76	7368	4496	db
db.PeriodicOptionVesting	256	76	24	4600	db
db.PeriodicOptionVestingItem	296	76	432	4600	db
db.PhantomStock	180	76	840	4600	db
db.PhantomStockCancelEvent	280	76	1248	4600	db
db.PhantomStockExerciseEvent	296	76	1656	4600	db
db.PhantomStockGrantContract	296	76	2064	4600	db
db.PhantomStockGrantEvent	272	76	2472	4600	db
db.PhantomStockGrantee	240	76	2880	4600	db
db.PhantomStockPauseEvent	272	76	3288	4600	db
db.PhantomStockResumeEvent	280	76	3696	4600	db
db.PhantomStockVesting	240	76	4104	4600	db
db.PhantomStockVestingItem	280	76	4512	4600	db
db.PhantomStockVestingTraceable	320	76	4920	4600	db
db.Phone	180	76	5328	4600	db
db.PhoneVerification	216	76	5736	4600	db
db.PingpongDelivery	208	76	6144	4600	db
db.PingpongDeliveryAddress	272	76	6552	4600	db
db.PipedriveSettings	216	76	6960	4600	db
db.PitchingDayHall	208	76	7368	4600	db
db.PitchingDayHallAccessLog	296	76	24	4704	db
db.PitchingDayHallAssignedIrs	312	76	432	4704	db
db.Playbook	180	76	840	4704	db
db.PortalAcademyGuide	232	76	1248	4704	db
db.PortalAcademyGuideSubject	296	76	1656	4704	db
db.PortalMenuVisibilitySetting	312	76	2064	4704	db
db.PortalOptionGuide	224	76	2472	4704	db
db.PortalSetting	184	76	2880	4704	db
db.PortfolioCompany	208	76	3288	4704	db
db.PortfolioCompanyFund	248	76	3696	4704	db
db.PortfolioCompanyManager	280	76	4104	4704	db
db.PortfolioCompanyUserRelation	320	76	4512	4704	db
db.Post	180	76	4920	4704	db
db.Price	180	76	5328	4704	db
db.PrivacyPolicy	184	76	5736	4704	db
db.PrivacyPolicyLog	216	76	6144	4704	db
db.Product	180	76	6552	4704	db
db.Promotion	180	76	6960	4704	db
db.PromotionAddress	208	76	7368	4704	db
db.PromotionCode	184	76	24	4808	db
db.PromotionCodeUsageHistory	296	76	432	4808	db
db.ProofOfEmploymentDocument	360	76	840	4808	db
db.Purchase	180	76	1248	4808	db
db.PurchaseItem	180	76	1656	4808	db
db.PurchaseStatusHistory	256	76	2064	4808	db
db.Purpose	180	76	2472	4808	db
db.PushToken	180	76	2880	4808	db
db.QrReplyPasswordReset	256	76	3288	4808	db
db.QrReplyPasswordResetRequest	320	76	3696	4808	db
db.QuarterlyReportRequest	360	76	4104	4808	db
db.QuarterlyReportRequestAttachment	352	76	4512	4808	db
db.QuarterlyReportRequestRecipient	360	76	4920	4808	db
db.QuarterlyReportRequestReportItem	360	76	5328	4808	db
db.QuarterlyReportSettings	272	76	5736	4808	db
db.QuarterlyReportSignupChannel	320	76	6144	4808	db
db.QuestionMessageAttachment	288	76	6552	4808	db
db.QuestionMessageScheduled	280	76	6960	4808	db
db.QuestionThread	192	76	7368	4808	db
db.QuestionThreadAssignment	328	76	24	4912	db
db.QuestionThreadMessage	256	76	432	4912	db
db.QuestionThreadMessageAccessLog	344	76	840	4912	db
db.QuestionThreadMessageCategory	328	76	1248	4912	db
db.QuestionThreadMessageMarkAsAllReadLog	360	76	1656	4912	db
db.QuestionThreadMessagePeriodicTaskRelation	360	76	2064	4912	db
db.QuestionThreadMessageProfile	320	76	2472	4912	db
db.QuestionThreadMessageReminder	328	76	2880	4912	db
db.QuestionThreadMessageReview	312	76	3288	4912	db
db.QuestionThreadMessageReviewRequest	360	76	3696	4912	db
db.QuestionThreadTag	224	76	4104	4912	db
db.RebootProductContactRequest	312	76	4512	4912	db
db.RegisteredMail	192	76	4920	4912	db
db.Registration	180	76	5328	4912	db
db.RegistrationAgenda	224	76	5736	4912	db
db.RegistrationAssistance	256	76	6144	4912	db
db.RegistrationAssistanceReceipt	320	76	6552	4912	db
db.RegistrationCaseReport	264	76	6960	4912	db
db.RegistrationCaseReportUpdateLog	352	76	7368	4912	db
db.RegistrationDirector	240	76	24	5016	db
db.RegistrationFormAllInOneDocument	360	76	432	5016	db
db.RegistrationFormAoiChangeDocument	360	76	840	5016	db
db.RegistrationFormBranchChangeDocument	360	76	1248	5016	db
db.RegistrationFormCaptable	280	76	1656	5016	db
db.RegistrationFormCaptableDocument	360	76	2064	5016	db
db.RegistrationFormCaptableNotarizationRequestor	360	76	2472	5016	db
db.RegistrationFormCeoAddressChangeDocument	360	76	2880	5016	db
db.RegistrationFormDirectorChangeDocument	360	76	3288	5016	db
db.RegistrationFormHeadOfficeInsideRelocationDocument	360	76	3696	5016	db
db.RegistrationFormHeadOfficeOutsideRelocationDocument	360	76	4104	5016	db
db.RegistrationFormNewIssueDocument	360	76	4512	5016	db
db.RegistrationFormNewOptionsRuleDocument	360	76	4920	5016	db
db.RegistrationHelp	208	76	5328	5016	db
db.RegistrationPoaDocument	336	76	5736	5016	db
db.RegistrationRoundRobinState	312	76	6144	5016	db
db.RegularProduct	192	76	6552	5016	db
db.ResignationLetterDocument	352	76	6960	5016	db
db.ResignedDirectorCertificateOfSealDocument	360	76	7368	5016	db
db.RightToConsentOrConsult	288	76	24	5120	db
db.Rsu	180	76	432	5120	db
db.RsuAdjustEvent	200	76	840	5120	db
db.RsuCancelEvent	200	76	1248	5120	db
db.RsuExerciseEvent	216	76	1656	5120	db
db.RsuGrantContract	216	76	2064	5120	db
db.RsuGrantContractModusignDocument	360	76	2472	5120	db
db.RsuGrantContractTemplate	288	76	2880	5120	db
db.RsuGrantContractTemplateStakeholder	352	76	3288	5120	db
db.RsuGrantEvent	192	76	3696	5120	db
db.RsuGrantee	180	76	4104	5120	db
db.RsuMeeting	180	76	4512	5120	db
db.RsuMeetingAttachment	232	76	4920	5120	db
db.RsuPauseEvent	192	76	5328	5120	db
db.RsuPerformanceAchievementEvent	336	76	5736	5120	db
db.RsuPerformanceCondition	272	76	6144	5120	db
db.RsuResumeEvent	200	76	6552	5120	db
db.RsuTag	180	76	6960	5120	db
db.RsuTagCategory	200	76	7368	5120	db
db.RsuVesting	180	76	24	5224	db
db.RsuVestingItem	200	76	432	5224	db
db.RsuVestingTraceable	240	76	840	5224	db
db.RtccEmail	336	76	1248	5224	db
db.RtccEmailAuthentication	360	76	1656	5224	db
db.RtccInvestor	360	76	2064	5224	db
db.RtccInvestorFile	360	76	2472	5224	db
db.Safe	180	76	2880	5224	db
db.SafeConversionEvent	240	76	3288	5224	db
db.SafeCreateEvent	208	76	3696	5224	db
db.SalesIntent	180	76	4104	5224	db
db.SalesMetric	180	76	4512	5224	db
db.SalesReportDocument	304	76	4920	5224	db
db.SdContactRequest	216	76	5328	5224	db
db.SealCard	180	76	5736	5224	db
db.SealCardReturnRequest	264	76	6144	5224	db
db.SealCardReturnStatusHistory	320	76	6552	5224	db
db.SealCertificateDelivery	272	76	6960	5224	db
db.SealCertificateIssueRequest	312	76	7368	5224	db
db.SealStamp	180	76	24	5328	db
db.SealStampCardContinuedUseApplicationFormDocument	360	76	432	5328	db
db.SealStampDeclarationDocument	360	76	840	5328	db
db.SealStampImage	200	76	1248	5328	db
db.SealStampUsageHistory	264	76	1656	5328	db
db.SealedOptionGrantContractDocument	360	76	2064	5328	db
db.SealedOptionGrantShareholdersMeetingResolutionDocument	360	76	2472	5328	db
db.SecondaryDeal	184	76	2880	5328	db
db.SelfRegistration	208	76	3288	5328	db
db.ServiceFee	180	76	3696	5328	db
db.ServiceFeeItem	200	76	4104	5328	db
db.ShareClass	180	76	4512	5328	db
db.Shareholder	180	76	4920	5328	db
db.ShareholderInstitutionMember	312	76	5328	5328	db
db.ShareholderInstitutionMemberCeo	344	76	5736	5328	db
db.ShareholderVote	200	76	6144	5328	db
db.ShareholderVotingRightsPerAgenda	360	76	6552	5328	db
db.ShareholdersAgreementModusignDocument	360	76	6960	5328	db
db.ShareholdersAgreementModusignEmbeddedDraft	360	76	7368	5328	db
db.ShareholdersAgreementStakeholder	344	76	24	5432	db
db.ShareholdersCertificateOfSealDocument	360	76	432	5432	db
db.ShareholdersMeeting	232	76	840	5432	db
db.ShareholdersMeetingAgenda	288	76	1248	5432	db
db.ShareholdersMeetingAuditReportDocument	360	76	1656	5432	db
db.ShareholdersMeetingConvocationNoticeEmail	360	76	2064	5432	db
db.ShareholdersMeetingConvocationNoticeEmailAttachment	360	76	2472	5432	db
db.ShareholdersMeetingConvocationNoticeEmailNewIssueAttachment	360	76	2880	5432	db
db.ShareholdersMeetingConvocationNoticeEmailRecipient	360	76	3288	5432	db
db.ShareholdersMeetingConvocationNoticeRecipient	360	76	3696	5432	db
db.ShareholdersMeetingConvocationNoticeWrittenRecipient	360	76	4104	5432	db
db.ShareholdersMeetingDirectorAttendance	360	76	4512	5432	db
db.ShareholdersMeetingMinutesDocument	360	76	4920	5432	db
db.ShareholdersMeetingNoticeDocument	360	76	5328	5432	db
db.ShareholdersMeetingPowerOfAttorneyDocument	360	76	5736	5432	db
db.ShareholdersMeetingPowerOfAttorneyIndividualDocument	360	76	6144	5432	db
db.ShareholdersMeetingShareholderAttendance	360	76	6552	5432	db
db.ShareholdersMeetingShortenPeriodDocument	360	76	6960	5432	db
db.ShareholdersMeetingShortenPeriodIndividualDocument	360	76	7368	5432	db
db.ShareholdersMeetingSkipNoticeDocument	360	76	24	5536	db
db.ShareholdersMeetingWrittenDecisionDocument	360	76	432	5536	db
db.ShareholdersMeetingWrittenDecisionIndividualDocument	360	76	840	5536	db
db.ShareholdersWrittenResolutionDocument	360	76	1248	5536	db
db.ShortUrlLog	180	76	1656	5536	db
db.SignupChannel	184	76	2064	5536	db
db.SignupLog	180	76	2472	5536	db
db.SiteSettings	180	76	2880	5536	db
db.SlackChannels	184	76	3288	5536	db
db.StaffInCharge	192	76	3696	5536	db
db.Stakeholder	180	76	4104	5536	db
db.StakeholderAccount	224	76	4512	5536	db
db.StakeholderSeat	200	76	4920	5536	db
db.StarredQuestionThread	304	76	5328	5536	db
db.Stock	180	76	5736	5536	db
db.StockConsolidationEvent	272	76	6144	5536	db
db.StockConversionEvent	248	76	6552	5536	db
db.StockDocumentAnalysis	256	76	6960	5536	db
db.StockReregistrationEvent	280	76	7368	5536	db
db.StockRetirementEvent	248	76	24	5640	db
db.StockSplitEvent	208	76	432	5640	db
db.StockTransferAgreement	264	76	840	5640	db
db.StockTransferAgreementClauses	328	76	1248	5640	db
db.StockTransferAgreementItem	304	76	1656	5640	db
db.StockTransferAgreementManagement	352	76	2064	5640	db
db.StockTransferAgreementManagementStakeholderSeat	360	76	2472	5640	db
db.StockTransferAgreementModusignDocument	360	76	2880	5640	db
db.StockTransferAgreementModusignEmbeddedDraft	360	76	3288	5640	db
db.StockTransferAgreementPurchaserInstitution	360	76	3696	5640	db
db.StockTransferAgreementSellerInstitution	360	76	4104	5640	db
db.StockTransferAgreementSurvey	320	76	4512	5640	db
db.StockTransferEvent	232	76	4920	5640	db
db.StockTransferPrice	232	76	5328	5640	db
db.StockUnissuedConfirmationRequest	352	76	5736	5640	db
db.StripeCard	180	76	6144	5640	db
db.StripeCustomer	192	76	6552	5640	db
db.StripePayment	184	76	6960	5640	db
db.Subscription	180	76	7368	5640	db
db.SubscriptionBonus	216	76	24	5744	db
db.SubscriptionContract	240	76	432	5744	db
db.SubscriptionModusignDocumentUsageHistory	360	76	840	5744	db
db.SubscriptionPackage	232	76	1248	5744	db
db.SubscriptionPaymentRequest	296	76	1656	5744	db
db.SubscriptionPenaltyPayment	296	76	2064	5744	db
db.SubscriptionPeriod	224	76	2472	5744	db
db.SubscriptionPerk	208	76	2880	5744	db
db.SubscriptionPlan	208	76	3288	5744	db
db.SubscriptionPlanOffering	280	76	3696	5744	db
db.SubscriptionPlanPerk	248	76	4104	5744	db
db.SubscriptionPlanPermission	296	76	4512	5744	db
db.SubscriptionPolicy	224	76	4920	5744	db
db.SubscriptionPromotion	248	76	5328	5744	db
db.SubscriptionReservation	264	76	5736	5744	db
db.SubscriptionSuspensionHistory	320	76	6144	5744	db
db.TalingCoupon	180	76	6552	5744	db
db.TanTableView	184	76	6960	5744	db
db.TaxBookkeepingServiceRequest	320	76	7368	5744	db
db.TaxPartnerTbkContract	264	76	24	5848	db
db.TaxPartnerTbkContractItem	304	76	432	5848	db
db.TaxPartnerTbkSettings	264	76	840	5848	db
db.TaxReceiptDocument	296	76	1248	5848	db
db.TbkConsulting	184	76	1656	5848	db
db.TbkConsultingMemo	224	76	2064	5848	db
db.TbkConsultingRefusal	248	76	2472	5848	db
db.TbkConsultingStatusLog	272	76	2880	5848	db
db.TbkContract	180	76	3288	5848	db
db.TbkContractBenefit	232	76	3696	5848	db
db.TbkContractSettlement	256	76	4104	5848	db
db.Template	180	76	4512	5848	db
db.TextValueWithVisibility	280	76	4920	5848	db
db.ThirdPartyApiNotice	248	76	5328	5848	db
db.ThirdPartyArticleProvider	296	76	5736	5848	db
db.ThirdPartyArticleProviderUserRelation	360	76	6144	5848	db
db.TwoFactorAuthentication	272	76	6552	5848	db
db.UnknownIssueEvent	224	76	6960	5848	db
db.UnknownPartnerInvestmentEvent	360	76	7368	5848	db
db.UserApiKey	180	76	24	5952	db
db.UserApiKeyCompanyAccess	288	76	432	5952	db
db.UserApiKeyCompanyRelation	304	76	840	5952	db
db.UserApiKeyRevocation	256	76	1248	5952	db
db.UserDailyAccess	208	76	1656	5952	db
db.UserDetailedSurvey	232	76	2064	5952	db
db.UserEmailConsentRequest	280	76	2472	5952	db
db.UserExtraAuthentication	272	76	2880	5952	db
db.UserGuideState	200	76	3288	5952	db
db.UserInvitation	192	76	3696	5952	db
db.UserInvitationInvitee	256	76	4104	5952	db
db.UserInvitationOwnerRoleRelation	352	76	4512	5952	db
db.UserMarketingStatus	240	76	4920	5952	db
db.UserNotificationSettings	280	76	5328	5952	db
db.UserProfileImage	216	76	5736	5952	db
db.UserProfileImageMapping	280	76	6144	5952	db
db.UserSealCardRelation	256	76	6552	5952	db
db.UserSessionLog	200	76	6960	5952	db
db.UserSettings	180	76	7368	5952	db
db.UserSurvey	180	76	24	6056	db
db.ValuationHistory	208	76	432	6056	db
db.ValuationServiceRequest	272	76	840	6056	db
db.ValueWithVisibility	240	76	1248	6056	db
db.VcIrRecommendationRequest	296	76	1656	6056	db
db.VcIrRecommendationRequestResult	352	76	2064	6056	db
db.VcLpReport	180	76	2472	6056	db
db.VcLpReportRequest	232	76	2880	6056	db
db.VcLpReportRequestRecipient	312	76	3288	6056	db
db.VcNameAlias	180	76	3696	6056	db
db.VcSearchLog	180	76	4104	6056	db
db.VcUserRole	180	76	4512	6056	db
db.VentureBusinessCertification	312	76	4920	6056	db
db.VentureBusinessCertificationExpirationNotificationLog	360	76	5328	6056	db
db.VentureCapital	192	76	5736	6056	db
db.VentureCapitalEmailTemplates	320	76	6144	6056	db
db.VentureCapitalPaymentLink	296	76	6552	6056	db
db.VentureCapitalQuarterlyReport	328	76	6960	6056	db
db.VentureCapitalQuarterlyReportContentTemplate	360	76	7368	6056	db
db.VentureCapitalQuarterlyReportItem	360	76	24	6160	db
db.VentureCapitalQuarterlyReportItemReply	360	76	432	6160	db
db.VentureCapitalQuarterlyReportReply	360	76	840	6160	db
db.VentureCapitalSubscription	296	76	1248	6160	db
db.VentureCapitalSubscriptionPlan	336	76	1656	6160	db
db.VentureCapitalSubscriptionPlanPermission	360	76	2064	6160	db
db.VentureCapitalSubscriptionPlanPrice	360	76	2472	6160	db
db.VentureCapitalUserRelation	304	76	2880	6160	db
db.VentureComplex	192	76	3288	6160	db
db.VideoCollection	200	76	3696	6160	db
db.VideoCollectionFeedback	272	76	4104	6160	db
db.VideoCollectionPermission	288	76	4512	6160	db
db.VideoContent	180	76	4920	6160	db
db.VideoContentHistory	240	76	5328	6160	db
db.VideoContentSpeecher	248	76	5736	6160	db
db.Webinar	180	76	6144	6160	db
db.WebinarSubject	192	76	6552	6160	db
db.WebinarTarget	184	76	6960	6160	db
db.Whitepaper	180	76	7368	6160	db
db.WhitepaperPreviewFile	256	76	24	6264	db
db.WhitepaperWatermarkFile	272	76	432	6264	db
db.WhtBook	180	76	840	6264	db
db.WhtBookWithoutDate	240	76	1248	6264	db
db.WhtCertificate	192	76	1656	6264	db
db.WhtReceipt	180	76	2064	6264	db
db.WithdrawAccountRequest	264	76	2472	6264	db
db.WithdrawnUser	184	76	2880	6264	db
db.WrittenStatementDocument	344	76	3288	6264	db
db.YearEndTaxSettlement	256	76	3696	6264	db
db.YearEndTaxSettlementConfirmationSchedule	360	76	4104	6264	db
db.YetsAssistance	192	76	4512	6264	db
db.YetsAssistanceCreator	256	76	4920	6264	db
db.YetsAssistanceCreatorUser	296	76	5328	6264	db
db.YetsAssistanceCreatorYetsEmployee	336	76	5736	6264	db
db.YetsAssistanceMessage	256	76	6144	6264	db
db.YetsAssistanceMessageFile	296	76	6552	6264	db
db.YetsAssistanceStaffAccessLog	328	76	6960	6264	db
db.YetsAssistanceStaffFavoriteRelation	360	76	7368	6264	db
db.YetsEmail	304	76	24	6368	db
db.YetsEmailAuthentication	360	76	432	6368	db
db.YetsEmployee	328	76	840	6368	db
db.YetsEmployeeFile	296	76	1248	6368	db
db.YetsEmployeeResult	232	76	1656	6368	db
db.YetsEmployeeResultAssistanceMessageRelation	360	76	2064	6368	db
db.YetsEmployeeResultStatusLog	320	76	2472	6368	db
db.YetsEmployeeResultWhtReceipt	328	76	2880	6368	db
db.YetsEmployeeSubmissionLog	296	76	3288	6368	db
db.YetsEmployeeUploadForm	272	76	3696	6368	db
db.YetsEmployeeUploadFormStatusLog	360	76	4104	6368	db
db.ZuzuOptionGrantContractTemplate	352	76	4512	6368	db
db.ZuzuOptionGrantContractTemplateRevision	360	76	4920	6368	db
db.ZuzuTaxAdvice	192	76	5328	6368	db
db.ZuzuTaxPhoneToken	336	76	5736	6368	db
document_ai.DocumentAiProcessRequest	288	76	6144	6368	document_ai
document_ai.DocumentAiProcessResult	280	76	6552	6368	document_ai
fi_sta.FiStaCompany	184	76	6960	6368	fi_sta
fi_sta.FiStaCompanyCeo	216	76	7368	6368	fi_sta
fi_sta.FiStaCompanySearchResult	296	76	24	6472	fi_sta
fi_sta.FiStaContractDocument	264	76	432	6472	fi_sta
fi_sta.FiStaManagement	208	76	840	6472	fi_sta
fi_sta.FiStaModusignDocument	264	76	1248	6472	fi_sta
fi_sta.FiStaParticipant	216	76	1656	6472	fi_sta
fi_sta.FiStaStockTransferAgreementDocument	360	76	2064	6472	fi_sta
fi_sta.FiStaStockTransferNoticePoaDocument	360	76	2472	6472	fi_sta
fi_sta.FiStaStockUnissuedConfirmationDocument	360	76	2880	6472	fi_sta
fi_sta.FiStaStockUnissuedConfirmationPoaDocument	360	76	3288	6472	fi_sta
fi_sta.FiStaTransferStock	240	76	3696	6472	fi_sta
fi_sta.FiStaUser	180	76	4104	6472	fi_sta
open_ai.OpenAiLog	180	76	4512	6472	open_ai
vcm.VcmAlimtalkActivity	240	76	4920	6472	vcm
vcm.VcmAlimtalkActivityRecipient	320	76	5328	6472	vcm
vcm.VcmAlimtalkActivityRecipientStatusHistory	360	76	5736	6472	vcm
vcm.VcmBeforeunloadPdfEvent	280	76	6144	6472	vcm
vcm.VcmBlindFundProposal	256	76	6552	6472	vcm
vcm.VcmCompany	180	76	6960	6472	vcm
vcm.VcmCompanyBusinessRegistrationCertificate	360	76	7368	6472	vcm
vcm.VcmCompanyContactRequest	288	76	24	6576	vcm
vcm.VcmCompanyFeed	200	76	432	6576	vcm
vcm.VcmCompanyFeedAccessLog	288	76	840	6576	vcm
vcm.VcmCompanyFeedRating	256	76	1248	6576	vcm
vcm.VcmCompanyFollow	216	76	1656	6576	vcm
vcm.VcmCompanyIrClosingFeed	288	76	2064	6576	vcm
vcm.VcmCompanyIrFeed	224	76	2472	6576	vcm
vcm.VcmCompanyIrNewCommitFeed	312	76	2880	6576	vcm
vcm.VcmCompanyIrOpenFeed	264	76	3288	6576	vcm
vcm.VcmCompanyNews	200	76	3696	6576	vcm
vcm.VcmCompanyNewsFeed	240	76	4104	6576	vcm
vcm.VcmCompanyNewsLink	240	76	4512	6576	vcm
vcm.VcmCompanyUserInvitation	288	76	4920	6576	vcm
vcm.VcmCompanyUserInvitationInvitee	352	76	5328	6576	vcm
vcm.VcmCompanyUserRelation	272	76	5736	6576	vcm
vcm.VcmCompanyUserRole	240	76	6144	6576	vcm
vcm.VcmDocRequestEmailTemplate	312	76	6552	6576	vcm
vcm.VcmDocumentLoadedPdfEvent	304	76	6960	6576	vcm
vcm.VcmEmailActivity	216	76	7368	6576	vcm
vcm.VcmEmailActivityRecipient	296	76	24	6680	vcm
vcm.VcmEmailActivityRecipientStatusHistory	360	76	432	6680	vcm
vcm.VcmFund	180	76	840	6680	vcm
vcm.VcmFundContact	200	76	1248	6680	vcm
vcm.VcmFundDocRequest	232	76	1656	6680	vcm
vcm.VcmFundDocRequestAttachment	320	76	2064	6680	vcm
vcm.VcmFundDocRequestEmail	280	76	2472	6680	vcm
vcm.VcmFundDocRequestItem	272	76	2880	6680	vcm
vcm.VcmFundDocRequestItemSubmission	360	76	3288	6680	vcm
vcm.VcmFundDocRequestReceiver	304	76	3696	6680	vcm
vcm.VcmFundDocRequestSettings	304	76	4104	6680	vcm
vcm.VcmFundInvestmentCondition	304	76	4512	6680	vcm
vcm.VcmFundInvitation	224	76	4920	6680	vcm
vcm.VcmFundPartner	200	76	5328	6680	vcm
vcm.VcmFundPartnerInvestment	288	76	5736	6680	vcm
vcm.VcmFundPfcExit	208	76	6144	6680	vcm
vcm.VcmFundPfcInvestment	256	76	6552	6680	vcm
vcm.VcmFundProposal	208	76	6960	6680	vcm
vcm.VcmFundProposalAnchor	264	76	7368	6680	vcm
vcm.VcmFundProposalAttachment	296	76	24	6784	vcm
vcm.VcmFundProposalClosing	272	76	432	6784	vcm
vcm.VcmFundProposalContact	272	76	840	6784	vcm
vcm.VcmInvestor	180	76	1248	6784	vcm
vcm.VcmInvestorGp	192	76	1656	6784	vcm
vcm.VcmInvestorGpKeyPerson	280	76	2064	6784	vcm
vcm.VcmInvestorGpKeyPersonEducation	360	76	2472	6784	vcm
vcm.VcmInvestorGpKeyPersonIndustryCareer	360	76	2880	6784	vcm
vcm.VcmInvestorGpKeyPersonInvestmentCareer	360	76	3288	6784	vcm
vcm.VcmInvestorGpTrackRecord	296	76	3696	6784	vcm
vcm.VcmInvestorLp	192	76	4104	6784	vcm
vcm.VcmInvestorRegisterRequest	304	76	4512	6784	vcm
vcm.VcmInvestorRegisterRequestApproval	360	76	4920	6784	vcm
vcm.VcmInvestorRegisterRequestAttachment	360	76	5328	6784	vcm
vcm.VcmInvestorUserInvitation	296	76	5736	6784	vcm
vcm.VcmInvestorUserInvitationInvitee	360	76	6144	6784	vcm
vcm.VcmInvestorUserRelation	280	76	6552	6784	vcm
vcm.VcmInvestorUserRole	248	76	6960	6784	vcm
vcm.VcmIr	180	76	7368	6784	vcm
vcm.VcmIrAccessLog	208	76	24	6888	vcm
vcm.VcmIrAiAnalysis	216	76	432	6888	vcm
vcm.VcmIrAiSummary	208	76	840	6888	vcm
vcm.VcmIrAlert	180	76	1248	6888	vcm
vcm.VcmIrAlertIr	192	76	1656	6888	vcm
vcm.VcmIrApproval	192	76	2064	6888	vcm
vcm.VcmIrApprovalNotificationDismiss	360	76	2472	6888	vcm
vcm.VcmIrAttachment	208	76	2880	6888	vcm
vcm.VcmIrAttachmentDownloadLog	312	76	3288	6888	vcm
vcm.VcmIrAttachmentPdfEvent	288	76	3696	6888	vcm
vcm.VcmIrClosing	184	76	4104	6888	vcm
vcm.VcmIrCommittedInvestmentAmount	344	76	4512	6888	vcm
vcm.VcmIrContactRequest	248	76	4920	6888	vcm
vcm.VcmIrCrm	180	76	5328	6888	vcm
vcm.VcmIrCrmMemo	192	76	5736	6888	vcm
vcm.VcmIrCrmStageLog	232	76	6144	6888	vcm
vcm.VcmIrCuration	192	76	6552	6888	vcm
vcm.VcmIrCurationAccessLog	280	76	6960	6888	vcm
vcm.VcmIrCurationAssignedIrs	296	76	7368	6888	vcm
vcm.VcmIrPrivacy	184	76	24	6992	vcm
vcm.VcmIrSearchLog	208	76	432	6992	vcm
vcm.VcmIrSearchMetadata	248	76	840	6992	vcm
vcm.VcmIrTeamMember	216	76	1248	6992	vcm
vcm.VcmPageNumberUpdatedPdfEvent	336	76	1656	6992	vcm
vcm.VcmPdfEvent	180	76	2064	6992	vcm
vcm.VcmPfc	180	76	2472	6992	vcm
vcm.VcmPfcBusinessStatus	256	76	2880	6992	vcm
vcm.VcmPfcDocRequest	224	76	3288	6992	vcm
vcm.VcmPfcDocRequestAttachment	312	76	3696	6992	vcm
vcm.VcmPfcDocRequestEmail	272	76	4104	6992	vcm
vcm.VcmPfcDocRequestItem	264	76	4512	6992	vcm
vcm.VcmPfcDocRequestItemSubmission	352	76	4920	6992	vcm
vcm.VcmPfcDocRequestReceiver	296	76	5328	6992	vcm
vcm.VcmPfcDocRequestSettings	296	76	5736	6992	vcm
vcm.VcmPfcFinancialStatement	288	76	6144	6992	vcm
vcm.VcmPfcInvitation	216	76	6552	6992	vcm
vcm.VcmPfcInvitationInvitee	280	76	6960	6992	vcm
vcm.VcmPfcShareholderRegister	296	76	7368	6992	vcm
vcm.VcmPfcValuation	208	76	24	7096	vcm
vcm.VcmProjectFundProposal	272	76	432	7096	vcm
vcm.VcmProjectFundProposalTargetCompany	360	76	840	7096	vcm
vcm.VcmSession	180	76	1248	7096	vcm
vcm.VcmShortUrlLog	208	76	1656	7096	vcm
vcm.VcmUser	180	76	2064	7096	vcm
vcm.VcmUserMarketingStatus	272	76	2472	7096	vcm
vertex_ai.VertexAiPredictionRequest	296	76	2880	7096	vertex_ai
vertex_ai.VertexAiPredictionResult	288	76	3288	7096	vertex_ai