core.Hub0	298	99	0.0	0.0	core
core.Hub1	243	80	0.0	0.0	core
core.Hub2	298	100	0.0	0.0	core
app0.M0	247	78	0.0	0.0	app0
app0.M1	263	70	0.0	0.0	app0
app0.M2	186	95	0.0	0.0	app0
app0.M3	249	88	0.0	0.0	app0
app0.M4	254	87	0.0	0.0	app0
app0.M5	210	68	0.0	0.0	app0
app1.M0	223	51	0.0	0.0	app1
app1.M1	270	84	0.0	0.0	app1
app1.M2	218	63	0.0	0.0	app1
app1.M3	263	81	0.0	0.0	app1
app1.M4	280	65	0.0	0.0	app1
app1.M5	264	72	0.0	0.0	app1
app1.M6	228	80	0.0	0.0	app1
app2.M0	223	91	0.0	0.0	app2
app2.M1	222	76	0.0	0.0	app2
app2.M2	197	86	0.0	0.0	app2
app2.M3	200	71	0.0	0.0	app2
app2.M4	251	106	0.0	0.0	app2
app2.M5	199	90	0.0	0.0	app2
app2.M6	208	88	0.0	0.0	app2
app2.M7	220	90	0.0	0.0	app2
app2.M8	238	88	0.0	0.0	app2
app2.M9	231	76	0.0	0.0	app2
app3.M0	196	104	0.0	0.0	app3
app3.M1	271	86	0.0	0.0	app3
app3.M2	206	93	0.0	0.0	app3
app3.M3	251	92	0.0	0.0	app3
app3.M4	259	99	0.0	0.0	app3
app3.M5	228	74	0.0	0.0	app3
app3.M6	273	91	0.0	0.0	app3
app3.M7	209	52	0.0	0.0	app3
app3.M8	274	55	0.0	0.0	app3
app3.M9	222	87	0.0	0.0	app3
app3.M10	280	79	0.0	0.0	app3
app3.M11	264	87	0.0	0.0	app3
app3.M12	273	54	0.0	0.0	app3
app3.M13	229	103	0.0	0.0	app3
app3.M14	189	54	0.0	0.0	app3
app4.M0	275	58	0.0	0.0	app4
app4.M1	228	87	0.0	0.0	app4
app4.M2	218	107	0.0	0.0	app4
app4.M3	191	99	0.0	0.0	app4
app4.M4	261	105	0.0	0.0	app4
app4.M5	238	53	0.0	0.0	app4
app4.M6	254	90	0.0	0.0	app4
app4.M7	238	95	0.0	0.0	app4
app4.M8	196	104	0.0	0.0	app4
app4.M9	251	98	0.0	0.0	app4
app4.M10	273	76	0.0	0.0	app4
app4.M11	182	55	0.0	0.0	app4
app5.M0	187	72	0.0	0.0	app5
app5.M1	241	84	0.0	0.0	app5
app5.M2	213	104	0.0	0.0	app5
app5.M3	204	96	0.0	0.0	app5
app5.M4	214	74	0.0	0.0	app5
app5.M5	216	61	0.0	0.0	app5
app5.M6	220	78	0.0	0.0	app5
app5.M7	182	67	0.0	0.0	app5
app5.M8	192	107	0.0	0.0	app5
app6.M0	260	93	0.0	0.0	app6
app6.M1	228	83	0.0	0.0	app6
app6.M2	253	75	0.0	0.0	app6
app6.M3	245	106	0.0	0.0	app6
app6.M4	268	102	0.0	0.0	app6
app6.M5	245	55	0.0	0.0	app6
app6.M6	184	96	0.0	0.0	app6
app6.M7	220	96	0.0	0.0	app6
app6.M8	204	91	0.0	0.0	app6
app6.M9	233	83	0.0	0.0	app6
app6.M10	268	65	0.0	0.0	app6
app6.M11	219	59	0.0	0.0	app6
app6.M12	239	69	0.0	0.0	app6
app7.M0	251	54	0.0	0.0	app7
app7.M1	266	99	0.0	0.0	app7
app7.M2	216	75	0.0	0.0	app7
app7.M3	264	101	0.0	0.0	app7
app7.M4	185	91	0.0	0.0	app7
app7.M5	251	104	0.0	0.0	app7
app7.M6	268	71	0.0	0.0	app7
app8.M0	183	84	0.0	0.0	app8
app8.M1	230	108	0.0	0.0	app8
app8.M2	187	67	0.0	0.0	app8
app8.M3	203	52	0.0	0.0	app8
app8.M4	252	64	0.0	0.0	app8
app8.M5	264	50	0.0	0.0	app8
app8.M6	218	92	0.0	0.0	app8
app8.M7	245	60	0.0	0.0	app8
app9.M0	191	53	0.0	0.0	app9
app9.M1	270	81	0.0	0.0	app9
app9.M2	280	105	0.0	0.0	app9
app9.M3	271	107	0.0	0.0	app9
app9.M4	267	60	0.0	0.0	app9
app9.M5	183	105	0.0	0.0	app9
app10.M0	197	65	0.0	0.0	app10
app10.M1	273	60	0.0	0.0	app10
app10.M2	201	78	0.0	0.0	app10
app10.M3	180	57	0.0	0.0	app10
app10.M4	224	53	0.0	0.0	app10
app10.M5	267	104	0.0	0.0	app10
app11.M0	180	101	0.0	0.0	app11
app11.M1	251	50	0.0	0.0	app11
app11.M2	186	66	0.0	0.0	app11
app11.M3	245	75	0.0	0.0	app11
app11.M4	245	101	0.0	0.0	app11
app11.M5	210	93	0.0	0.0	app11
app11.M6	199	67	0.0	0.0	app11
app11.M7	181	75	0.0	0.0	app11
app11.M8	264	84	0.0	0.0	app11
app11.M9	219	56	0.0	0.0	app11
app11.M10	226	63	0.0	0.0	app11
app11.M11	207	89	0.0	0.0	app11
app11.M12	227	73	0.0	0.0	app11
app11.M13	188	82	0.0	0.0	app11
app12.M0	241	54	0.0	0.0	app12
app12.M1	255	104	0.0	0.0	app12
app12.M2	220	68	0.0	0.0	app12
app12.M3	256	55	0.0	0.0	app12
app12.M4	263	61	0.0	0.0	app12
app12.M5	238	85	0.0	0.0	app12
app12.M6	240	89	0.0	0.0	app12
app12.M7	211	56	0.0	0.0	app12
app12.M8	216	80	0.0	0.0	app12
app13.M0	184	77	0.0	0.0	app13
app13.M1	202	104	0.0	0.0	app13
app13.M2	263	110	0.0	0.0	app13
app13.M3	230	85	0.0	0.0	app13
app13.M4	247	100	0.0	0.0	app13
app14.M0	258	85	0.0	0.0	app14
app14.M1	267	78	0.0	0.0	app14
app14.M2	276	84	0.0	0.0	app14
app14.M3	260	76	0.0	0.0	app14
app14.M4	187	73	0.0	0.0	app14
app14.M5	215	99	0.0	0.0	app14
app14.M6	224	54	0.0	0.0	app14
app14.M7	223	84	0.0	0.0	app14
app15.M0	210	60	0.0	0.0	app15
app15.M1	260	100	0.0	0.0	app15
app15.M2	268	72	0.0	0.0	app15
app15.M3	234	65	0.0	0.0	app15
app15.M4	263	109	0.0	0.0	app15
app15.M5	246	96	0.0	0.0	app15
app16.M0	244	50	0.0	0.0	app16
app16.M1	203	56	0.0	0.0	app16
app16.M2	235	62	0.0	0.0	app16
app16.M3	194	86	0.0	0.0	app16
app17.M0	196	107	0.0	0.0	app17
app17.M1	254	99	0.0	0.0	app17
app17.M2	265	94	0.0	0.0	app17
app17.M3	216	99	0.0	0.0	app17
app17.M4	264	70	0.0	0.0	app17
app17.M5	278	82	0.0	0.0	app17
app17.M6	180	85	0.0	0.0	app17
app17.M7	276	85	0.0	0.0	app17
app17.M8	267	70	0.0	0.0	app17
app17.M9	230	53	0.0	0.0	app17
app18.M0	186	104	0.0	0.0	app18
app18.M1	204	62	0.0	0.0	app18
app18.M2	255	90	0.0	0.0	app18
app18.M3	272	80	0.0	0.0	app18
app18.M4	242	72	0.0	0.0	app18
app18.M5	228	108	0.0	0.0	app18
app18.M6	252	86	0.0	0.0	app18
app18.M7	226	87	0.0	0.0	app18
app18.M8	186	79	0.0	0.0	app18
app18.M9	203	78	0.0	0.0	app18
app19.M0	223	50	0.0	0.0	app19
app19.M1	258	110	0.0	0.0	app19
app19.M2	180	68	0.0	0.0	app19
app19.M3	195	87	0.0	0.0	app19
app19.M4	205	53	0.0	0.0	app19
app19.M5	198	72	0.0	0.0	app19
app19.M6	181	59	0.0	0.0	app19
app19.M7	270	104	0.0	0.0	app19
app14.Tag0	173	40	0.0	0.0	app14
app3.File1	192	48	0.0	0.0	app3
app19.Note2	234	52	0.0	0.0	app19
app3.Asset3	196	62	0.0	0.0	app3
app6.File4	199	52	0.0	0.0	app6
app11.File5	163	58	0.0	0.0	app11
app8.File6	205	63	0.0	0.0	app8
app3.Note7	177	47	0.0	0.0	app3
app17.Note8	234	47	0.0	0.0	app17
app11.Log9	228	65	0.0	0.0	app11
app10.Note10	217	45	0.0	0.0	app10
app9.Tag11	180	52	0.0	0.0	app9
app6.Tag12	194	40	0.0	0.0	app6
app19.Asset13	177	54	0.0	0.0	app19
app4.Note14	224	51	0.0	0.0	app4
app3.Note15	172	67	0.0	0.0	app3
app15.Log16	239	56	0.0	0.0	app15
app18.Address17	222	59	0.0	0.0	app18
app3.Asset18	232	55	0.0	0.0	app3
app11.Log19	239	65	0.0	0.0	app11
app1.Address20	226	49	0.0	0.0	app1
app10.Note21	230	66	0.0	0.0	app10
app11.Address22	227	62	0.0	0.0	app11
app0.File23	240	70	0.0	0.0	app0
app7.Tag24	164	55	0.0	0.0	app7
core.Address25	231	50	0.0	0.0	core
app12.Tag26	228	49	0.0	0.0	app12
app5.Log27	180	59	0.0	0.0	app5
app3.Address28	235	47	0.0	0.0	app3
app10.File29	217	42	0.0	0.0	app10
app8.Log30	183	43	0.0	0.0	app8
app12.Address31	232	40	0.0	0.0	app12
app17.Log32	230	49	0.0	0.0	app17
app12.Note33	182	54	0.0	0.0	app12
app18.Asset34	190	62	0.0	0.0	app18
app10.Tag35	227	70	0.0	0.0	app10
app19.Tag36	199	52	0.0	0.0	app19
app2.Note37	212	68	0.0	0.0	app2
app8.Address38	214	69	0.0	0.0	app8
core.File39	227	55	0.0	0.0	core
app3.File40	185	66	0.0	0.0	app3
app5.Log41	231	63	0.0	0.0	app5
app6.Asset42	167	49	0.0	0.0	app6
app11.Note43	210	56	0.0	0.0	app11
app11.Tag44	227	47	0.0	0.0	app11
app11.File45	205	43	0.0	0.0	app11
app2.Note46	197	58	0.0	0.0	app2
app14.Address47	196	59	0.0	0.0	app14
app7.Address48	163	41	0.0	0.0	app7
app17.File49	170	57	0.0	0.0	app17
app11.Asset50	184	68	0.0	0.0	app11
app19.Log51	205	66	0.0	0.0	app19
app7.Address52	219	46	0.0	0.0	app7
app15.Log53	235	52	0.0	0.0	app15
app2.Note54	210	48	0.0	0.0	app2
app18.File55	162	47	0.0	0.0	app18
app8.Asset56	192	52	0.0	0.0	app8
app2.File57	161	60	0.0	0.0	app2
app17.Asset58	191	67	0.0	0.0	app17
app3.Asset59	212	48	0.0	0.0	app3
app2.Asset60	211	51	0.0	0.0	app2
app4.Log61	221	43	0.0	0.0	app4
app11.Tag62	191	62	0.0	0.0	app11
app11.Tag63	228	42	0.0	0.0	app11
app18.File64	211	53	0.0	0.0	app18
app3.Log65	216	63	0.0	0.0	app3
app10.Asset66	178	57	0.0	0.0	app10
app15.Note67	235	48	0.0	0.0	app15
app12.Log68	200	54	0.0	0.0	app12
app7.Asset69	168	45	0.0	0.0	app7
app15.File70	204	57	0.0	0.0	app15
app4.Log71	230	67	0.0	0.0	app4
app7.Log72	208	67	0.0	0.0	app7
app1.File73	233	63	0.0	0.0	app1
app8.Asset74	231	59	0.0	0.0	app8
app14.Note75	224	69	0.0	0.0	app14
app11.Note76	190	61	0.0	0.0	app11
app4.Address77	174	63	0.0	0.0	app4
app15.File78	175	58	0.0	0.0	app15
app9.Note79	195	55	0.0	0.0	app9
app14.Note80	235	43	0.0	0.0	app14
app4.File81	221	49	0.0	0.0	app4
app4.Tag82	184	50	0.0	0.0	app4
app6.Tag83	202	60	0.0	0.0	app6
app1.Asset84	237	68	0.0	0.0	app1
app4.Log85	176	54	0.0	0.0	app4
app12.Note86	201	45	0.0	0.0	app12
app9.Log87	202	66	0.0	0.0	app9
app8.Log88	206	69	0.0	0.0	app8
core.Tag89	226	53	0.0	0.0	core
app15.Asset90	193	69	0.0	0.0	app15
app12.Note91	237	43	0.0	0.0	app12
app12.Address92	199	40	0.0	0.0	app12
app4.File93	233	53	0.0	0.0	app4
