edge:declared:db.AgendaBonusIssueSharesToIssue:share_class	16852.05,18457.2 16149.95,18226.52
edge:declared:db.AgendaBorrowCapital:meeting_draft	17407.01,20756.37 17220.55,20709.31
edge:declared:db.AgendaBranchChange:address	18410.24,20092.28 23072.2,18683.38
edge:declared:db.AgendaBranchChange:installation_event	18297.94,20078.46 18803.04,17920.03
edge:declared:db.AgendaBranchChange:meeting_draft	18177.51,20176.46 17220.55,20574.54
edge:declared:db.AgendaCashDividends:meeting_draft	16530.02,20618.64 16900.55,20649.81
june-hub:_louv_212	10459.88,19220.75 11657.61,19133.42
edge:declared:db.AgendaChangeOfAoiClassStock:aoi	19114.43,20340.51 19277.33,20561.24
edge:declared:db.AgendaChangeOfAoiCustom:aoi	19545.8,20324.15 19357.15,20561.24
june-hub:_louv_2	20557.17,18796.14 20411.82,18328.96
edge:declared:db.AgendaChangeOfAoiDirectorCompensationRule:aoi	19574.74,20759.91 19445.19,20656.03
edge:declared:db.AgendaChangeOfAoiNumberOfDirectors:aoi	19524.99,20629.95 19445.19,20610.42
edge:declared:db.AgendaChangeOfAoiThirdPartyAllocation:aoi	19095.45,20884.19 19280.35,20691.24
edge:declared:db.AgendaChangeOfArticlesOfIncorporation:meeting_draft	19078.19,20620.43 17220.55,20651.71
edge:declared:db.AgendaDirectorCompensationItem:director_compensation	15855.82,21992.11 16307.42,21905.72
edge:declared:db.AgendaHeadOfficeRelocation:address	18574.53,21888.79 23072.2,18752.37
edge:declared:db.AgendaHeadOfficeRelocation:meeting_draft	18440.51,21888.79 17220.55,20784.34
june-hub:_louv_12	17225.88,20074.13 17113.66,20501.64
edge:declared:db.AgendaNewIssue:meeting_draft	16811.46,22663.42 17041.51,20791.64
edge:declared:db.AgendaNewIssueItem:new_issue	18913.04,26449.3 16850.47,22833.42
edge:declared:db.AgendaNewIssueItemFromConversion:new_issue_item	19383.28,26929.39 19003.72,26579.3
edge:declared:db.AgendaNewIssueItemFromPayment:new_issue_item	18875.27,26672.88 18936.28,26579.3
edge:declared:db.AgendaNewIssueItemInstitutionMember:institution	20942.01,27146.93 19714.93,25947.97
edge:declared:db.AgendaNewIssueItemInstitutionMemberCeo:member	19971.3,26671.76 20907.02,27146.93
edge:declared:db.AgendaNewIssueItemShareClass:item	18964.88,26113.41 18956.71,26449.3
edge:declared:db.AgendaNewIssueItemShareholder:item	19619.42,25947.97 19052.67,26449.3
edge:declared:db.AgendaNewIssueNewShareClass:new_issue	17120,22820.21 16936.3,22800.9
edge:declared:db.AgendaOptionCancel:meeting_draft	15922.16,21040.5 16900.55,20703
edge:declared:db.AgendaOptionCancelGrantee:option_cancel	15293.29,21098.67 15674.16,21081.49
edge:declared:db.AgendaOptionCancelGrantee:option_grantee	15159.95,21054.94 14994.59,19043.87
edge:declared:db.AgendaOptionCancelOption:_deprecated_grantee	15370.25,21181.5 15172.3,21136.94
edge:declared:db.AgendaOptionCancelOption:option_cancel	15468.34,21181.5 15686.91,21133.18
edge:declared:db.AgendaOptionExerciseClaim:option_exercise_claim	14299.81,21833.1 12950.33,17412.17
edge:declared:db.AgendaOptionExerciseGrantee:option_grantee	15017.37,21731.41 14986.17,19043.87
edge:declared:db.AgendaOptionExerciseGranteeOption:grantee	14901.28,21925.13 14988.46,21821.41
edge:declared:db.AgendaOptionGrant:meeting_draft	16765.68,20352.09 16947.22,20501.64
edge:declared:db.AgendaOptionGrantGrantee:_deprecated_option_grant_event	15834.4,18905.24 15981.97,18557.87
edge:declared:db.AgendaOptionGrantGrantee:option_grant	15864.08,19003.24 16707.26,20262.09
edge:declared:db.AgendaOptionGrantGrantee:option_grantee	15714.77,18958.78 15114.39,18982.11
edge:declared:db.AgendaRsuGrantGrantee:rsu	15304.81,14001.19 15575.03,13896.97
edge:declared:db.AiPayrollLedger:payroll	6357.24,2209.68 7484.4,1742.25
edge:declared:db.AlimtalkActivityRecipient:activity	32297.01,13092.34 32917.59,12849.95
edge:declared:db.AlimtalkActivityRecipientStatusHistory:recipient	32147.88,13249.54 32176.46,13174.34
june-hub:_louv_24	15959.67,9842.57 16501.57,10609.88
edge:declared:db.Announcement:subscription_plan_set	20843.25,10450.27 20524.26,10379.05
edge:declared:db.AnnualSalary:employee	11724.28,13865.63 10784.53,13943.24
edge:declared:db.AnnualSalary:ledger	11960.28,13875.8 12885.03,14034.98
edge:declared:db.Article:thumbnail_image	20347.78,19095.21 20335.68,18328.96
edge:declared:db.ArticlePublishHistory:article	20302.41,19379.95 20386.58,19177.21
edge:declared:db.ArticlesOfIncorporation:_deprecated_daily_newspaper	17578.84,14387.59 17614.18,14618.24
june-hub:_louv_250	18455.09,17132.38 17999.17,17025.55
edge:declared:db.AuditLog:actor_api_key	19135.6,3535.63 18065.44,4784.42
edge:declared:db.AvailableModusignRequest:modusign_account	21616.18,20652.4 21699.95,20579.23
edge:declared:db.BaseModusignDocumentUsageHistory:modusign_document	24097.22,12999.42 22937.08,20671.69
june-hub:_louv_39	21633.3,12389.15 22055.51,12458.48
edge:declared:db.BranchAbolitionEvent:installation_event	17437.95,17499.62 18692.24,17822.03
edge:declared:db.BranchInstallationEvent:address	18938.74,17894.18 23072.2,18610.94
edge:declared:db.BulkEmail:template_revision	14806.91,16647.33 17116.18,15930.59
edge:declared:db.BulkEmailTemplateRevision:template	17272.25,15859.21 19694.23,14109.39
edge:declared:db.BusinessPlanAiAnalysis:business_plan_ai_review	13455.57,9242.37 14807.91,9973.15
edge:declared:db.BusinessPlanAiAnalysisItem:ai_analysis_feedback	12053.22,8503.85 11727.55,8319.94
edge:declared:db.BusinessPlanAiAnalysisItem:business_plan_ai_analysis	12204.11,8585.85 13316.45,9168.37
edge:declared:db.BusinessPlanAiAnalysisItemImprovement:ai_analysis_feedback	11906.16,8175.35 11745.98,8245.94
edge:declared:db.BusinessPlanAiAnalysisItemImprovement:business_plan_ai_analysis_item	12002.46,8175.35 12112.13,8503.85
edge:declared:db.BusinessPlanAiReview:business_plan	14901.53,10055.15 14943.23,10151.51
edge:declared:db.CashIncentive:category	12589.2,12510.21 14081.07,11897.34
edge:declared:db.CashIncentive:employee	12435.26,12592.21 10775.9,13853.08
edge:declared:db.CashIncentiveItem:cash_incentive	12148.68,12594.13 12365.4,12566.83
edge:declared:db.CashPayment:purchase	22337.79,12785.26 22277.39,12594.63
edge:declared:db.Charge:credit	20318.74,12291.36 20501.57,12453.16
edge:declared:db.CmeBulkEmailRecipient:_deprecated_cme_bulk_email	16976.46,16290.86 17110.98,16081.08
edge:declared:db.CmeBulkEmailTemplate:cme	20307.91,14132.99 20051.79,13331.78
edge:declared:db.CmeCompany:company_managing_entity	19354.71,12905.6 19930.32,13201.78
edge:declared:db.CmeCompany:contact_set	19363.92,12905.6 20541.77,13490.81
edge:declared:db.CmeCompanyContact:cme_company	19594.03,12880.05 19389.71,12877.82
edge:declared:db.CmeCompanyContactNotificationSettings:cme_company_contact	19687.04,12802.36 19703.16,12869.57
edge:declared:db.CmeCompanyDirectorTermManagement:cme_company	19597.82,12625.81 19386.72,12791.6
edge:declared:db.CmeCompanyNote:cme_company	19201.67,12551.7 19255.64,12791.6
edge:declared:db.CmeCompanyRegistration:cme_contact	20337.2,13581.57 20583.47,13580.81
edge:declared:db.CmeCompanyRegistration:company_managing_entity	20267.16,13581.57 20091.1,13331.78
edge:declared:db.CmeCompanyRegistrationFile:cme_company_registration	20428.12,13730.8 20348.68,13663.57
edge:declared:db.CmeContact:company_managing_entity	20523.12,13490.81 20168.66,13324.75
edge:declared:db.CmeMemberRelation:company_managing_entity	20361.43,13104.12 20166.2,13201.78
edge:declared:db.CompanyCreateProgress:company_create_request	22638.72,16006.73 22566.94,16118.67
edge:declared:db.CompanyCreateRequest:address	22457.16,16196.07 23187.32,18514.69
edge:declared:db.CompanyDepartment:department_code	11701.29,12792.87 11659.87,12610.42
edge:declared:db.CompanyDepartmentCode:organization_chart	11772.75,12523.48 13469.05,12004.47
edge:declared:db.CompanyEndorsementFeed:company_endorsement	25346.51,2404.31 23533.25,3481.74
edge:declared:db.CompanyExpertClientRelation:expert_client	21064.86,13339.88 21691.72,13497.5
june-hub:_louv_66	34930.46,9126.85 35074.39,9366.84
edge:declared:db.CompanyFeedAccessLog:venture_capital	36883.07,607.53 34299.17,10608.59
edge:declared:db.CompanyFeedRating:company_feed	27826.67,190.08 27242.57,1019.97
edge:declared:db.CompanyIrClosingFeed:investor_relations	27293.32,3361.26 28260.91,4790.03
edge:declared:db.CompanyIrNewCommitFeed:investor_relations	27749.71,3190.72 28303.59,4790.03
edge:declared:db.CompanyIrOpenFeed:investor_relations	27890.33,2556.67 28323.26,4790.03
june-hub:_louv_67	21323.41,13896.84 21755.71,13919.82
edge:declared:db.CompanyManagingEntity:expert_client	20168.66,13292.04 21683.83,13522.41
edge:declared:db.CompanyManagingEntity:holding_company	20048.03,13201.78 20042.78,13130.75
edge:declared:db.CompanyNewsFeed:company_news	18798.55,6175.61 18443.51,5953.94
edge:declared:db.CompanyNewsLink:company_news	18724.43,5133.58 18396.07,5871.94
edge:declared:db.CompanyNotificationTrigger:notification_setting	15530.49,9087.89 15912.76,9768.57
edge:declared:db.CompanyOwnerAuditLogOwnerRoleRelation:company_owner_audit_log	12049.14,7151.13 11301.72,5473.62
edge:declared:db.CompanyOwnerAuditLogOwnerRoleRelation:owner_role	12060.43,7225.13 11146.14,8971.56
edge:declared:db.CompanyOwnerNotificationTrigger:trigger	15433.55,9267.69 15496.71,9087.89
edge:declared:db.CompanyPurposeChangeItem:company_purpose_change	17496.6,13173.78 17331.9,12919.38
edge:declared:db.CompanyPurposeChangeItem:industrial_code	17532.14,13247.78 17625.49,13545.95
edge:declared:db.CompanyUpdateRequest:change_detection	18083.82,12432.93 18183.53,13195.99
edge:declared:db.CompanyUpdateRequest:company_question_thread	18139.64,12432.93 18920.19,12956.02
june-hub:_louv_28	9764.6,10358.87 9886.93,10699.3
edge:declared:db.CompanyUserRelationOwnerRoleRelation:owner_role	10795.91,9682.25 11098.57,9069.56
edge:declared:db.ConsentForm:investor	23682.16,37404.31 12439.66,23467.47
edge:declared:db.ConsentForm:item	23723.89,37404.31 23313.06,28245.56
edge:declared:db.ConsentFormModusignDocument:consent_form	24362.83,36547.38 23748.57,37404.31
edge:declared:db.ConsentFormModusignEmbeddedDraft:consent_form	21984.31,23672.27 23719.22,37404.31
edge:declared:db.CorporateRegistrationChangeConfirmation:change_detection	18564.78,13014.87 18269.75,13195.99
edge:declared:db.CorporateRegistrationChangeConfirmation:staff_review_required_question_thread	18796.55,13004.78 18911,13022.74
edge:declared:db.CorporateRegistrationChangeDetectionParseResult:change_detection	18395.88,12874.48 18217.17,13195.99
edge:declared:db.CorporateRegistrationExtractionLog:corporate_registration_issue_log	20415.91,15166.82 20438.92,15113.54
edge:declared:db.CorporateRegistrationIssueCouponIssueLog:coupon	19118.92,12396.17 18940.62,12659.28
edge:declared:db.CorporateRegistrationIssueCouponUseRequest:coupon	19661.86,14531.05 18902.18,12741.28
edge:declared:db.CorporateRegistrationIssueCouponUseResult:corporate_registration	19879.67,14875.58 19092.91,14823.13
edge:declared:db.CorporateRegistrationIssueCouponUseResult:log	20229.34,14941.18 20329.01,15046.58
edge:declared:db.CorporateRegistrationIssueCouponUseResult:request	20032.73,14875.58 19680.11,14605.05
edge:declared:db.CorporateRegistrationIssueLog:_deprecated_staff_review_required_question_thread	20432.83,15015.54 19119.62,13134.02
edge:declared:db.CorporateRegistrationIssueMaintenance:third_party_api_notice	30772.55,14898 30144.02,14874.81
edge:declared:db.CorporateRegistrationIssueRequest:delivery	19179,10863.71 19337.84,10794.79
edge:declared:db.CorporateRegistrationPaidIssue:corporate_registration	19175.93,14979.04 19018.97,14839.78
edge:declared:db.CorporationPostRegistrationScheduledEmail:corporation_post_registration_email	15845.83,5098.13 14667.26,5050.95
edge:declared:db.CorporationPostRegistrationScheduledEmailPeriodicTaskRelation:corporation_post_registration_scheduled_email	15698.44,4962.56 15942.9,5068.43
june-hub:_louv_169	28307.81,16699.87 27054.35,16064.7
edge:declared:db.CreditUse:credit	21397.3,12380.71 20676.42,12480.92
edge:declared:db.CsAgentResponse:inquiry_thread_message	24035.08,9537.71 23544.01,9775.16
edge:declared:db.CsAgentResponseFeedBack:cs_agent_response	24520.93,9458.12 24283.08,9504.9
edge:declared:db.DepartmentStaffUserRelation:department	18215.9,34235.83 16028.2,34776.66
edge:declared:db.DirectorsMeeting:chairperson	15927.78,20569.47 15870.69,20481.46
edge:declared:db.DirectorsMeetingAgenda:agenda_branch_change	16263.75,21099.38 18190.7,20176.46
edge:declared:db.DirectorsMeetingAgenda:agenda_director_change	16012.42,21265.21 14632.55,22427.17
edge:declared:db.DirectorsMeetingAgenda:agenda_director_compensation_decision	16129.87,21265.21 16392.24,21815.72
edge:declared:db.DirectorsMeetingAgenda:agenda_head_office_relocation	16263.75,21217.88 18372.59,21900.14
edge:declared:db.DirectorsMeetingAgenda:agenda_new_issue	16162.49,21265.21 16763.06,22663.42
edge:declared:db.DirectorsMeetingAgenda:agenda_option_cancel	15979.75,21134.66 15922.16,21116.97
edge:declared:db.DirectorsMeetingAgenda:agenda_shareholders_meeting_convocation	16249.23,21265.21 16469.66,21439.58
edge:declared:db.DirectorsMeetingAgenda:meeting	16119.98,21079.21 16058.94,20592.75
edge:declared:db.DirectorsMeetingNoticeEmail:directors_meeting	15215.31,20056.23 16067.6,20470.75
edge:declared:db.DirectorsMeetingNoticeEmailRecipient:director	15974.4,20329.34 15775.44,20472.34
edge:declared:db.DirectorsMeetingNoticeEmailRecipient:email	16030.12,20247.34 15216.36,20056.23
edge:declared:db.DocumentDelivery:delivery	19690.5,11004.95 20072.53,10859.97
edge:declared:db.DocumentDeliveryQuestionThreadRelation:document_delivery	19962.8,11030.79 19699.44,11041.1
edge:declared:db.DocumentDeliveryQuestionThreadRelation:question_thread	20305.8,11056.99 20456.75,11120.29
edge:declared:db.DocumentParseResult:attachment	20014.82,16164.18 19990.49,16418.1
edge:declared:db.DormantUserEmail:user	3285.5,32258.65 1997.83,33452.87
edge:declared:db.DormantUserPhone:user	2608.6,31576.36 1967.62,33452.87
edge:declared:db.DormantUserReactivationToken:user	3439.5,32419.58 2010.33,33452.87
edge:declared:db.ESOP:shareholder	11400.68,15905.6 12373.2,23337.47
edge:declared:db.ESOPParticipant:esop	11201.58,15169.26 11375.13,15791.6
edge:declared:db.ElectronicCertificateFileDownloadHistory:file_uploaded	18466.58,16614.14 18457.73,16546.95
edge:declared:db.ElectronicCertificateFileUploaded:file_upload_request	18410.78,16472.95 18335.28,16406.57
edge:declared:db.ElectronicCertificateReturnRequest:recipient_address	24588.61,19824.55 23380.2,18764.09
edge:declared:db.EmailActivityRecipient:email_activity	24244.46,23749.23 24429.99,26773.08
edge:declared:db.EmailActivityRecipientStatusHistory:recipient	24665.93,25505.42 24252.97,23749.23
edge:declared:db.EmailVerification:email	24067.45,1532.4 23560.22,1244.49
edge:declared:db.Employee:department_code_set	10715.65,13853.08 11613.28,12610.42
edge:declared:db.EmployeeDepartmentCodeRelation:department_code	11371.5,12706.75 11555.27,12610.42
edge:declared:db.EmployeeDepartmentCodeRelation:employee	11280.76,12780.75 10697.55,13853.08
edge:declared:db.EmployeeOption:grantee	12051.33,11284.48 11221.24,12457.53
edge:declared:db.EmployeeOptionExerciseCandidate:management	12786.81,11642.09 14450.59,11663.43
edge:declared:db.EmployeeOptionExerciseCandidate:option	12578.26,11595.19 12160.15,11284.48
edge:declared:db.EmployeeOptionExerciseCandidate:option_exercise_claim	12786.81,11628.28 13983.62,11532
edge:declared:db.EmployeeOptionExerciseCandidateFile:candidate	12623.97,11319.35 12636.73,11595.19
edge:declared:db.EmployeeOptionExerciseClaimOption:option	13055.96,11209.97 12212.83,11228.72
edge:declared:db.EmployeeOptionExerciseClaimOption:option_exercise_claim	13315.67,11243.57 13998.38,11480.3
edge:declared:db.EmployeeOptionExerciseManagementEmail:management	14557.49,14076.72 14600.75,11706.37
edge:declared:db.EmployeeOptionVesting:employee_option	11328.19,11470.42 11964.83,11270.43
edge:declared:db.EmployeeOptionVestingItem:option_vesting	11144.98,11737.41 11199.87,11544.42
edge:declared:db.EmployeeOptionVestingTraceable:option	12079.39,11636.93 12087.6,11284.48
edge:declared:db.EmployeeStock:participant	12161.65,14986.22 11311.59,15103.35
edge:declared:db.EmployeeStockGuide:esop	11716.35,15694.39 11496.9,15791.6
edge:declared:db.EmployeeStockGuideAudience:employee_stock_guide	12465.38,15478.82 11843.89,15612.39
edge:declared:db.EmployeeStockGuideAudience:participant	12389.44,15429.18 11311.59,15136.95
edge:declared:db.EmployeeStockGuideEmail:employee_stock_guide	13054.67,16690.14 11807.07,15694.39
edge:declared:db.EmployeeStockTag:category	11570.56,15515.19 11521.81,15220.21
edge:declared:db.EmployeeStockTag:employee_stock_set	11710.28,15443.86 12265.46,15003.32
edge:declared:db.EmployeeStockTag:esop	11668.88,15525.86 11428.55,15791.6
edge:declared:db.EmployeeStockTagCategory:esop	11401.48,15286.07 11396.44,15791.6
edge:declared:db.EmployeeStockWithdrawRequest:account	12579.34,16489.93 12690.53,16493.02
edge:declared:db.EmployeeStockWithdrawRequest:esop	12384.49,16489.84 11491.21,15905.6
edge:declared:db.EmploymentCertificateDocumentRequest:history	14244.58,12242.46 12840.97,13073.41
edge:declared:db.EmploymentStatusHistory:connected_hrm_status_event	12641.9,13163.41 8296.57,14911.9
edge:declared:db.EmploymentStatusHistory:employee	12640.09,13163.41 10784.53,13897.62
edge:declared:db.EmploymentStatusHistory:related_events	12826.94,13163.41 16178.35,16119.65
edge:declared:db.EventAttachment:event	16729.33,16193.66 16474.35,16214.19
edge:declared:db.ExpertClientIncorporationSupport:contact_set	20894.82,13727.08 20702.91,13580.81
edge:declared:db.ExpertClientIncorporationSupport:expert_client	21118.18,13738.99 21683.83,13570.31
edge:declared:db.ExpertClientIncorporationSupport:incorporation_request	20979.18,13809.08 21329.59,15070.59
edge:declared:db.ExpertClientSignupChannel:expert_client	23647.3,14088.26 21931.83,13558.23
edge:declared:db.ExpertClientTaxServiceSettings:expert_client	21245.09,13852.29 21723.5,13595.5
edge:declared:db.FABContent:thumbnail_image	21370.3,17447.85 20542.54,17987.98
edge:declared:db.FinancialAccount:institution	12819.14,16409.09 12805.41,15907.73
edge:declared:db.Fund:fund_partners	31645.68,12401.94 32764.45,12313.83
edge:declared:db.Fund:portfolio_company_set	31397.68,12437.57 28598.22,12926.41
edge:declared:db.FundingNewsDistributionServiceRequest:company_question_thread	18704.26,13953.44 19018.83,13134.02
june-hub:_louv_129	3068.78,15305.4 3386.44,15263.74
edge:declared:db.HrmAlpConfigIndivApprovalTemplateRel:alp_config	2394.06,14632.97 2088.54,14865.59
edge:declared:db.HrmAlpExcludedEmp:emp	8293.7,17491.49 7666.24,17631.03
edge:declared:db.HrmAlpLaborReceiptRefusal:emp	7896.1,18547.8 7564.19,17839.39
june-hub:_louv_131	8045.83,18021.61 8009.11,18155.8
edge:declared:db.HrmAlpUsageDesignation:target	8267.79,18270.71 8064.22,18224.78
edge:declared:db.HrmAlpUsageDesignationDate:leave_usage	8910.19,18077.83 9052.05,18064.59
edge:declared:db.HrmAlpUsageDesignationDate:usage_designation	8716.73,18113.1 8452.25,18260.34
edge:declared:db.HrmAnnualLeaveAdjustment:emp	8057.64,17615.21 7666.24,17655.34
edge:declared:db.HrmAnnualLeaveConfigBase:annual_leave	6893.18,23008.88 6907.27,22068.7
edge:declared:db.HrmApproval:approvable	6522.52,17611.2 6071.85,17412.71
edge:declared:db.HrmApprovalLine:approval	6678.64,17770.1 6624.97,17701.2
edge:declared:db.HrmApprovalLine:approver	6634.24,17852.1 6133.36,18121.16
edge:declared:db.HrmApprovalReview:approval	6343.92,17859.49 6535.47,17701.2
edge:declared:db.HrmApprovalReview:approver	6263.91,17933.49 6085.17,18121.16
edge:declared:db.HrmApprovalTemplateLine:approver	5889.83,17989.82 5993.04,18121.16
edge:declared:db.HrmApprovalTemplateLine:template	5819.7,17915.82 5042.21,17214.99
edge:declared:db.HrmApprovalTemplateReview:approver	5595.62,17947.54 5932,18121.16
edge:declared:db.HrmApprovalTemplateReview:template	5497.45,17873.54 5026.07,17214.99
edge:declared:db.HrmApprover:dept	5910.69,18136.2 4013.41,17555.39
edge:declared:db.HrmAttendanceItem:attendance	7949.59,17138.35 6678.18,17268.86
edge:declared:db.HrmCertificateConfigIndividualApprovalTemplateRelation:certificate_config	2395.56,15854.04 2912.25,15357.87
edge:declared:db.HrmCommonLocation:work_location_config	7932.94,14586.39 8424.56,14320.78
edge:declared:db.HrmDailyLeaveUsageItem:usage	8120.51,20726.6 9158.37,18123.36
edge:declared:db.HrmDeptName:dept	2824.03,19381.68 3848.78,17576.59
edge:declared:db.HrmDeptName:event	2793.54,19455.68 2652.55,20005.51
edge:declared:db.HrmDeptParent:dept	3503.28,19372.03 3870.92,17576.59
edge:declared:db.HrmDeptParent:event	3507.6,19454.03 3649.18,19910.51
edge:declared:db.HrmDeptStatus:dept	3980.35,19643.71 3886.19,17576.59
edge:declared:db.HrmDeptStatus:event	3978.54,19717.71 3804.69,21556.59
edge:declared:db.HrmDocument:form	4626.19,16050.64 4506.16,13503.73
edge:declared:db.HrmDocumentDraft:form	6447.17,13380.81 4555.72,13405.73
edge:declared:db.HrmDocumentDraftFieldAttachment:field_value	4348.62,9514.45 3494.19,11348.41
edge:declared:db.HrmDocumentDraftFieldMultiSelectValue:field_value	3312.65,11815.54 3456.1,11438.41
edge:declared:db.HrmDocumentDraftFieldMultiSelectValue:selected_option	3257.96,11889.54 3094.68,12038.27
edge:declared:db.HrmDocumentDraftFieldValue:draft	3490.47,11438.41 6481.83,13298.81
edge:declared:db.HrmDocumentDraftFieldValue:field_definition	3419.96,11438.41 2025.72,12616.44
edge:declared:db.HrmDocumentFieldAttachment:field_value	3505.43,12957.19 5164.91,12760.7
edge:declared:db.HrmDocumentFieldMultiSelectValue:field_value	3647.87,12520.61 5264.96,12683.46
edge:declared:db.HrmDocumentFieldMultiSelectValue:selected_option	3575.24,12446.61 3108.33,12120.27
edge:declared:db.HrmDocumentFieldValue:document	5293.82,12773.46 4631.5,16050.64
edge:declared:db.HrmDocumentFieldValue:field_definition	5164.91,12714.47 2120.46,12678.14
edge:declared:db.HrmDocumentFormFieldDefinition:form	2073.96,12706.44 4384.98,13405.73
edge:declared:db.HrmDocumentFormFieldSelectOption:field_definition	2973.81,12120.27 2055.73,12616.44
edge:declared:db.HrmDocumentFormIndividualApprovalTemplateRelation:document_form	3302.22,13504.52 4371.5,13492.73
edge:declared:db.HrmEmpAffiliation:event	5463.74,17132.78 6915.25,16445.5
edge:declared:db.HrmEmpAffiliationDept:affiliation	5340.65,16894.15 5337.02,17132.78
edge:declared:db.HrmEmpAffiliationDept:dept	5187.62,16894.15 4011.43,17454.59
edge:declared:db.HrmEmpContract:mgmt	7420.07,34563.06 4924.85,23956.72
edge:declared:db.HrmEmpContractMgmt:template_revision	4851.76,23874.72 3195.68,22804.43
edge:declared:db.HrmEmpContractModusignDocument:hrm_emp_contract	25428.82,37999.73 7553.72,34641.15
edge:declared:db.HrmEmpContractTemplateRevision:template	3120.37,22722.43 2247.23,19706.66
edge:declared:db.HrmEmpContractTemplateRevisionSigner:revision	2456.24,23367.53 3086.36,22804.43
edge:declared:db.HrmEmpEmploymentType:event	6772.78,16788.76 6925.2,16696.03
edge:declared:db.HrmEmpJob:event	5960.59,15934.2 6505.57,15789.94
edge:declared:db.HrmEmpReturnToWorkEvent:absence_event	7856.45,14763.77 7743.24,14763.77
edge:declared:db.HrmEmpSalaryAccount:institution	13211.37,14520.33 12797.05,15817.73
edge:declared:db.HrmEmpUserInvitationInvitee:invitation	5870.49,17725.87 5660.78,17424.68
edge:declared:db.HrmEmpWorkAssignment:work	6334.94,18570.13 5404.87,18665.23
edge:declared:db.HrmEmpWorkLocationAssignment:work_location	7089.34,15284.28 6815.6,14828.26
edge:declared:db.HrmEmpWorkLocationAssignment:work_location_config	7099.6,15358.28 7045.39,15870.43
edge:declared:db.HrmEmpWorkLocationConfig:work_location_set	7032.96,15870.43 6806.5,14828.26
edge:declared:db.HrmFixedWorkSchedule:fixed_work	5397.52,18335.56 5355.93,18401.94
edge:declared:db.HrmLeaveGrant:grantable_leave	6950.03,19041.35 6664.09,20155.12
edge:declared:db.HrmLeaveUsage:leave	9129.13,18123.36 6475.28,21037.35
edge:declared:db.HrmLeaveUsageAttachment:usage	9484.61,19142.59 9196.33,18123.36
edge:declared:db.HrmLeaveUsageItem:emp	7668.42,18812.67 7515.49,17839.39
edge:declared:db.HrmOngoingAttendanceClockedSchedule:ongoing_attendance	9284.54,16480.31 8877.84,16733.41
edge:declared:db.HrmPersonalLocation:work_location_config	9135.53,15671.44 8546.16,14320.78
edge:declared:db.HrmRequestor:dept	4663.1,18916.02 3917.37,17576.59
edge:declared:db.HrmStaggeredWorkSchedule:staggered_work	4937,20464.92 4413.1,19428.04
edge:declared:db.HrmStandardWorkSchedule:standard_work	2625.03,17106.49 2996.83,16255.48
edge:declared:db.HrmWorkAutoClockOutConfig:work	4839.52,18667.73 5144.87,18675.3
edge:declared:db.HrmWorkIndividualApprovalTemplateRelation:work	6135.68,19323.08 5356.34,18739.52
edge:declared:db.HrmWorkLocationGpsConfig:work_location	8411.69,14279.76 6920.83,14779.28
edge:declared:db.HrmWorkOvertime:work	4905.27,18561.19 5144.87,18637.25
edge:declared:db.IBKSignupChannel:ibk_user_login_token	24662.22,13376.46 24631.79,13301.19
edge:declared:db.IBKUserLoginToken:ibk_user	24633.68,13227.19 24663.91,13160.81
edge:declared:db.IaAccountInfo:investment_association	31311.16,17761.22 28556.97,15973.91
edge:declared:db.IaCertificateOfInvestmentDocumentRecipient:certificate_of_investment_document_email	1840.93,20019.35 1815.4,20128.66
edge:declared:db.IaConsentForm:consent_form_or_meeting	32753.74,18271.79 30715.73,19033.43
edge:declared:db.IaConsentFormOrMeetingDocumentGeneration:consent_form_or_meeting	31012.28,18997.82 30758.64,19059.36
edge:declared:db.IaConsentFormOrMeetingDocumentGenerationItem:document	32057.32,18960.44 32746.17,19042.81
edge:declared:db.IaConsentFormOrMeetingDocumentGenerationItem:generation	31777.84,18935.62 31355.28,18962.71
edge:declared:db.IaConsentFormOrMeetingElectronicSignatureRequest:document	30260.51,21203.11 30854.29,19917.58
edge:declared:db.IaConsentFormOrMeetingElectronicSignatureRequestModusignDocument:electronic_signature_request	27730.35,20222.94 29961.26,21216.98
edge:declared:db.IaConsentFormOrMeetingElectronicSignatureRequestModusignEmbeddedDraft:electronic_signature_request	24049.18,22349.57 30101.33,21309.11
edge:declared:db.IaConsentFormOrMeetingElectronicSignatureRequestStatusHistory:electronic_signature_request	30086.59,21732.13 30170.01,21309.11
edge:declared:db.IaConsentFormOrMeetingElectronicSignatureRequestUploadedModusignDocument:electronic_signature_request	27278.86,21329.36 30012.58,21309.11
edge:declared:db.IaConsentFormOrMeetingElectronicSignatureRequiredDocument:consent_form_or_meeting	30932.86,19811.58 30588.82,19139.43
edge:declared:db.IaConsentFormOrMeetingElectronicSignatureRequiredDocument:partner	31078.11,19811.58 35346.35,18017.44
edge:declared:db.IaConsentFormOrMeetingEsigRequiredDocumentPageRange:esig_required_document	31706.4,19242.47 31027.75,19811.58
edge:declared:db.IaConsentFormOrMeetingEsigRequiredDocumentPageRange:page_range_document	31954.81,19195.92 32746.17,19108.84
edge:declared:db.IaConsentFormOrMeetingGuideEmail:consent_form_or_meeting	30987.85,18632.14 30625,19033.43
edge:declared:db.IaConsentFormOrMeetingGuideEmailRecipient:consent_form_or_meeting_guide_email	30994.97,18374.18 31023.25,18558.14
edge:declared:db.IaDocumentArchiveAttachment:ia_document_archive	29688.16,14020.11 29903.09,13930.85
edge:declared:db.IaFoundingProgressStatus:investment_association	29566.39,17033.31 28536.44,16006.97
edge:declared:db.IaGpAppointmentEvent:partner	32527.31,17409.11 35346.35,17924.17
edge:declared:db.IaGpTerminationEvent:appointment_event	32641.48,17718.03 32432.99,17430.06
edge:declared:db.IaGpTerminationEvent:partner	32795.16,17764.51 35346.35,17942.61
edge:declared:db.IaInvestmentCertificateRegistrationRequest:partner	35584.71,19690.41 35511.33,18058.55
edge:declared:db.IaMeeting:consent_form_or_meeting	31357.67,21224.79 30588.43,19139.43
edge:declared:db.IaMeetingAgenda:meeting	32301.51,20620.12 31491.75,21224.79
edge:declared:db.IaMeetingAgendaVote:agenda	32144.17,23003.25 32370.49,20620.12
edge:declared:db.IaMeetingAgendaVote:electronic_signature	32104.12,23003.25 30206,21309.11
edge:declared:db.IaMeetingAgendaVote:partner	32166.59,23003.25 35433.42,18058.55
edge:declared:db.IaMeetingConvocationNoticeEmail:ia_meeting	31974.01,22457.05 31411.18,21346.79
edge:declared:db.IaMeetingConvocationNoticeRecipient:convocation_notice_email	31843.76,21487.11 31985.49,22457.05
edge:declared:db.IaMeetingMinutesDocument:meeting	32011.79,20010.45 31417.72,21224.79
edge:declared:db.IaMeetingNoticeDocument:meeting	31773.77,19870.06 31402.51,21224.79
edge:declared:db.IaMeetingSealedNoticeDocumentFile:ia_meeting	29990.18,19702.21 31307.17,21224.79
edge:declared:db.IaOperation:ia_operation_management	31742.45,15645.56 31607.67,15835.27
edge:declared:db.IaPartnerInvestmentConfirmation:partner	32281.37,16463.22 35346.35,17879.3
edge:declared:db.IaPartnerInvestmentConfirmationEmailRecipient:ia_partner_investment_confirmation_email	13408.97,2612.72 13333.54,2679.58
edge:declared:db.IaPfCompany:investment_association	28650.94,16557.8 28451.2,16006.97
edge:declared:db.IaPfCompanyInvestmentSalesIntent:ia_pf_company_investment	30963.27,22569.3 29355.17,22325.36
edge:declared:db.IaPfCompanyInvestmentStock:ia_pf_company_investment	28768.55,22624.78 29171.57,22347.55
edge:declared:db.IaRule:address	24302.33,18772.49 23380.2,18661.07
edge:declared:db.IaRuleCompensation:rule	26394.37,19250.81 24562.33,18837.61
edge:declared:db.IaRuleDocument:rule	31178.93,19105.04 24562.33,18790
edge:declared:db.IaRuleInvestment:rule	26605.56,18552.98 24537.76,18729.54
edge:declared:db.IaRuleMeeting:rule	25327.19,19438.6 24364.5,18851.54
edge:declared:db.IaRulePartner:rule	25978.03,19282.69 24479.41,18851.54
edge:declared:db.IaUserInvitationInvitee:invitation	33566.47,15880.33 31274.4,16079.9
edge:declared:db.IaUserInvitationInvitee:legal_representative	33691.06,15918.53 33695.84,16316.31
edge:declared:db.IaUserInvitationInvitee:partner	33733.37,15918.53 35407.92,17840.55
edge:declared:db.ImAttachment:investor_matching	30339.9,9667.04 26706.44,9018.17
edge:declared:db.ImAttachmentDownloadLog:attachment	32243.41,10405.79 30565.71,9730.18
edge:declared:db.ImAttachmentPdfEvent:attachment	31734.04,9881.83 30587.9,9707.99
edge:declared:db.ImAttachmentPdfEvent:pdf_event	31774.27,9859.64 31309.26,9632.03
edge:declared:db.ImConsultingRequest:investor_matching	25514,7055.79 26514.01,8899.81
edge:declared:db.ImDay:recipients	30771.19,9023.97 30610.33,8525.07
edge:declared:db.ImDayParticipation:im_day	30552.24,8814.4 30742.5,9023.97
edge:declared:db.ImDayParticipation:investor_matching	30383.75,8772.55 26706.44,8984.62
edge:declared:db.ImDayParticipationAttachment:participation	30037.11,8176.02 30468.62,8716.4
edge:declared:db.ImDaySurvey:im_day	28773.32,8946.22 30662.99,9065.16
edge:declared:db.ImDaySurvey:investor_matching	28537.32,8941.84 26706.44,8989.14
edge:declared:db.ImDisclosing:investor_matching	27362.15,7577.42 26616.85,8899.81
edge:declared:db.ImIrPartnerBrokerOwnerRelation:im_ir_partner_broker	28513.14,10467.26 28724.02,10396.42
edge:declared:db.ImNote:investor_matching	27104.52,8341.48 26641.56,8899.81
edge:declared:db.ImTag:investor_matching_set	28342.95,8374.3 26706.44,8943.43
edge:declared:db.IncorporationRequest:address	21415.31,15280.59 23162.28,18514.69
edge:declared:db.IncorporationRequest:company_question_thread	21247.42,15070.59 19149.79,13134.02
edge:declared:db.IncorporationRequestAoiFile:incorporation_request	21613.28,14863.95 21445.8,15070.59
edge:declared:db.IncorporationRequestPurpose:incorporation_request	20962.49,15196.38 21213.61,15184.5
edge:declared:db.IndividualInvestorCompanyName:non_unified_share_company	31682.89,26167.94 29814.47,26141.27
edge:declared:db.IndividualInvestorCompanyParValue:non_unified_share_company	29009.36,26182.17 29554.47,26147.64
edge:declared:db.IndividualInvestorCompanyShareClass:non_unified_share_company	29560.55,28679.4 29681.3,26204.41
edge:declared:db.IndividualInvestorEvent:company	33498.53,29570.19 29756.73,26204.41
edge:declared:db.IndividualInvestorUser:address	24412.53,20214.68 23327.82,18764.69
edge:declared:db.IndividualStockOption:company	28169.63,23843.45 29641.58,26074.41
edge:declared:db.IndividualStockOption:create_request	28262.02,23757.55 28933.84,23608.19
edge:declared:db.IndividualStockOption:grantee	28117.45,23729.45 27808.68,22521.32
edge:declared:db.IndividualStockOptionCreateRequestEtcFile:create_request	29891.61,23541.45 29247.84,23567.05
edge:declared:db.IndividualStockOptionGrantContract:individual_stock_option	27821.66,23427.74 28082.7,23729.45
edge:declared:db.IndividualStockOptionResumeEvent:pause_event	30628.4,31267.65 29990.99,28783.23
edge:declared:db.IndividualStockOptionSalesIntent:individual_stock_option	30844,23695.84 28262.02,23782.11
edge:declared:db.IndividualStockOptionVesting:individual_stock_option	28734.39,24237.01 28208.23,23843.45
edge:declared:db.IndividualStockOptionVestingItem:individual_stock_option_vesting	28873.68,24055.51 28799.07,24237.01
edge:declared:db.IndividualStockOptionVestingTraceable:individual_stock_option	28469.07,23372.29 28178.41,23729.45
edge:declared:db.InputSignupChannel:input_channel	24784.04,14023.62 25153.55,14227.92
edge:declared:db.InstitutionStakeholderManager:institution_stakeholder	11878.12,21847.92 11897.75,21384.87
edge:declared:db.InternetRegistryOfficeOtp:director	17638.71,15577.7 17229.55,15598.7
edge:declared:db.InternetRegistryOfficeOtpReturnRequest:internet_registry_office_otp	22172.81,19832.37 17713.13,15577.7
edge:declared:db.InternetRegistryOfficeOtpReturnRequest:recipient_address	22228.15,19832.37 23173.72,18764.69
edge:declared:db.InvestmentAssociationEvent:investment_association	30529.11,17065.97 28556.97,15960.31
edge:declared:db.InvestmentAssociationOrganizationPartnerCeo:organization_partner	35003.74,16088.88 34540.47,16106.71
edge:declared:db.InvestmentAssociationOrganizationPartnerCorporationSignerCeo:corporation	34984.53,13869.91 34890.74,13788.86
edge:declared:db.InvestmentAssociationOrganizationPartnerManager:organization_partner	31964.28,14481.88 34287.06,16064.7
edge:declared:db.InvestmentAssociationOrganizationPartnerSigner:_deprecated_manager	34090.7,14060.28 32107.98,14409.96
edge:declared:db.InvestmentAssociationOrganizationPartnerSigner:organization_partner	34290.21,14070.36 34357.32,16064.7
edge:declared:db.InvestmentAssociationPartner:address	35346.35,17959.53 23380.2,18629.9
edge:declared:db.InvestmentAssociationPartnerResume:partner	36751.69,16003.7 35578.75,17840.55
edge:declared:db.InvestmentAssociationPartnerResume:signer	36727.33,15921.7 34346.57,14070.36
edge:declared:db.InvestmentAssociationPartnerResumeItem:resume	36906.16,15559.93 36792.89,15921.7
edge:declared:db.InvestmentAssociationPartnerSalesIntent:partner	33569.73,22109.78 35454.81,18058.55
edge:declared:db.InvestmentRoundNewIssueEvent:investment_round	16840.58,7844.75 16660.66,8189.83
edge:declared:db.InvestmentRoundNewIssueEvent:new_issue_event	16871.83,7770.75 16899.38,7685.47
edge:declared:db.InvestmentSimulationInitialOption:option_grantee	12918.68,3822.59 13329.68,3951.26
edge:declared:db.InvestmentSimulationInitialOptionGrantee:simulation	13626.87,3992.11 16249.22,4048.47
edge:declared:db.InvestmentSimulationInitialShareholder:simulation	11876.59,3015.32 16249.22,4022.57
edge:declared:db.InvestmentSimulationInitialStock:shareholder	10174.17,590.03 11692.08,2941.32
edge:declared:db.InvestmentSimulationInvestor:simulation_round	18355.99,562.29 15240.11,3420.57
edge:declared:db.InvestmentSimulationNewIssueInvestment:investor	17990.06,2275.3 18391.08,562.29
edge:declared:db.InvestmentSimulationPurchaseInvestment:investor	20848.86,2572.21 18449.62,562.29
edge:declared:db.InvestmentSimulationPurchaseSellStock:seller	21183.08,2066.33 20912.8,2572.21
edge:declared:db.InvestmentSimulationRound:simulation	15272.93,3494.57 16284.26,4006.13
edge:declared:db.InvestorInterest:venture_capital	35495.72,12109.71 34430.21,11004.45
edge:declared:db.InvitationSeat:allocated_seat	10635,12164.01 10562.18,13531.01
edge:declared:db.InvitationSeat:invitation_seat_request	10652.37,12090.01 11756.09,9437.45
june-hub:_louv_65	28436.25,4314.05 28367.03,4790.03
edge:declared:db.IrAiAnalysisLike:ai_analysis	29397,3869.4 29032.99,4319.93
edge:declared:db.IrApprovalNotificationDismiss:ir_approval	28532.39,3906.14 28450.68,4240.05
edge:declared:db.IrBrokerActivity:vc_user_relations	28831.45,6807.1 30548.36,8435.07
edge:declared:db.IrFeedAccessLog:ir_feeds	27883.36,5243.64 27696.48,5166.49
edge:declared:db.IrFeedRating:ir_feed	27676.96,4916.27 27607.09,5076.49
edge:declared:db.IrFundRaisingMemo:fund_raising	32178.55,5205.15 32753.16,4958.88
edge:declared:db.IrFundRaisingStageLog:fund_raising	32336.86,2136.87 32849.71,4868.88
edge:declared:db.IrInsightClub:pitching_day_hall	32594.25,6408.06 32383.69,6344.36
edge:declared:db.IrInsightClubParticipation:ir_insight_club	32093.25,5559.3 32689.34,6404.58
edge:declared:db.IrInsightClubParticipationAttendee:ir_insight_club_participation	31735.21,5119.24 32024.35,5469.3
edge:declared:db.IrInsightClubSurvey:ir_insight_club_participation	32380.76,5582.43 32191.02,5541.94
edge:declared:db.IrInvestorFeedback:venture_capital	34359.47,11162.82 34312.69,11018.59
edge:declared:db.LawtalkSignupAttachment:lawtalk_signup	19418.62,16207.34 19221.8,15604.76
edge:declared:db.ManualOptionVestingItem:manual_option_vesting	15331.94,18415.01 15437.85,18274.05
edge:declared:db.Meeting:employee_attorney	17999.17,16925.23 18093.96,16835.98
edge:declared:db.MeetingDocument:directors_meeting	16261.82,26861.99 16058.58,20592.75
edge:declared:db.MeetingDocument:shareholders_meeting	16280.45,26861.99 16464.08,23311.88
edge:declared:db.MeetingDocumentGenerationItem:meeting_document	21327.74,27614.85 16442.4,27078.99
edge:declared:db.MeetingDocumentGenerationItem:meeting_document_generation	21456.16,27592.96 20428.13,21340.86
edge:declared:db.MeetingDraftAgendaDirectorChange:meeting_draft	16688.76,19590.07 17011.97,20501.64
edge:declared:db.MeetingDraftAgendaDirectorCompensation:meeting_draft	15583.97,19789.74 16900.55,20598.45
edge:declared:db.MeetingDraftAgendaDirectorCompensationItem:director_compensation	14884.48,20890.14 15308.15,19789.74
edge:declared:db.MeetingDraftRegistrationAssistance:meeting_draft	17176.88,21278.05 17087.47,20791.64
edge:declared:db.MeetingDraftSchedule:meeting_draft	16723.66,20489.76 16900.55,20552.47
edge:declared:db.MembershipContentAuthorRelation:author	26148.1,26609.1 25994.93,26373.7
edge:declared:db.ModusignApiLog:modusign_account	21740.17,20014.92 21732.98,20481.23
edge:declared:db.ModusignAuthentication:modusign_account	21553.28,20161.85 21707.65,20481.23
edge:declared:db.ModusignDocument:_option_grant_contract	22830.26,20671.69 20641.37,18910.14
edge:declared:db.ModusignDocumentActionHistory:modusign_document	23239.42,20584.5 23063.78,20694.46
edge:declared:db.ModusignDocumentActionHistory:modusign_document_participant	23309.49,20510.5 23171.33,20197.77
edge:declared:db.ModusignDocumentModusignAccountRelation:modusign_account	21995.16,20342.02 21817.26,20481.23
edge:declared:db.ModusignDocumentModusignAccountRelation:modusign_document	22133.94,20342.02 22791.78,20683.35
edge:declared:db.ModusignDocumentModusignApiKeyRelation:modusign_api_key	22355.33,20967.28 22204.74,21187.82
edge:declared:db.ModusignDocumentModusignApiKeyRelation:modusign_document	22476.52,20893.28 22791.78,20805.14
edge:declared:db.ModusignDocumentParticipant:modusign_document	23138.25,20197.77 22964.42,20671.69
edge:declared:db.ModusignEmbeddedDraft:modusign_account	21932.71,21648.72 21740.07,20579.23
edge:declared:db.ModusignEmbeddedDraft:modusign_api_key	21950.78,21648.72 22174.78,21261.82
edge:declared:db.ModusignEmbeddedDraft:modusign_document	21975.07,21648.72 22880.37,20833.69
edge:declared:db.ModusignIaUserConnection:investment_association	28824.77,14913.6 28461.38,15740.97
edge:declared:db.NaverWorkplaceEmployee:naver_workplace_company	25479.79,13828.97 25630.04,13932.76
edge:declared:db.NcpSignupChannel:naver_workplace_company	25432.78,13944.33 25565.61,13957.8
edge:declared:db.NewIssueNoticeEmail:new_issue	12852.02,23296.42 16664.3,22747.2
edge:declared:db.NewIssueNoticeEmailRecipient:email	13215.41,22408.65 12750.73,23254.31
edge:declared:db.NewIssueNoticeEmailRecipient:shareholder	13207.19,22408.65 12431.16,23337.47
edge:declared:db.NonUnifiedShareCreateRequest:stock_unissued_confirmation_file	28902.46,29766.67 29085.86,31031.78
edge:declared:db.NonUnifiedShareEtcFile:create_request	28670.89,28808.72 28884.85,29676.67
edge:declared:db.NonUnifiedShareEtcFile:management_history	28631.78,28734.72 28189.44,28188.9
edge:declared:db.NonUnifiedShareManagementHistory:create_request	28171.54,28188.9 28874.67,29676.67
edge:declared:db.NonUnifiedShareManagementHistory:renew_request	28072.33,28082.9 27539.49,27952.04
edge:declared:db.NonUnifiedShareManagementHistory:stock_unissued_confirmation_file	28163.54,28188.9 29077.91,31031.78
edge:declared:db.NonUnifiedShareSucPoaDocument:modusign_document	24787.52,22197.35 23921.95,21222.89
edge:declared:db.NonUnifiedShareSucPoaDocument:request	24885.98,22279.35 27454.73,27862.04
edge:declared:db.NonUnifiedShareSucPoaDocument:user_address	24844.48,22197.35 23292.22,18764.69
edge:declared:db.NonUnifiedShareSucRenewRequest:renew_stock_unissued_confirmation_file	27495.52,27952.04 29073.38,31031.78
edge:declared:db.NotarizationPoA:meeting	16413.99,23477.42 16445.95,23311.88
edge:declared:db.NotarizationPoaDirectorSigner:director	15914.09,23367.53 15957.72,23139.54
edge:declared:db.NotarizationPoaDirectorSigner:notarization_poa	15985.52,23441.53 16376.71,23477.42
edge:declared:db.NotarizationPoaShareholderSigner:notarization_poa	16663.43,23679.82 16523.88,23512.95
edge:declared:db.NotarizationPoaShareholderSigner:shareholder	16917.37,23710.4 17403.23,23976.97
edge:declared:db.OptionExerciseClaim:financial_account	12937.2,17282.17 12809.77,16507.09
edge:declared:db.OptionExerciseClaimAttachment:attachment_setting_item	13633.7,17047.51 14308.75,16616.4
edge:declared:db.OptionExerciseClaimAttachment:option_exercise_claim	13530.9,17123.95 13060.89,17314.38
edge:declared:db.OptionExerciseClaimCandidate:option_exercise_claim	13227.18,17134.14 13035.69,17282.17
edge:declared:db.OptionExerciseClaimCandidate:option_exercise_management	13327.85,17044.14 14571.3,15269.41
edge:declared:db.OptionExerciseClaimCandidate:option_grantee	13333.31,17134.14 14941.85,18929.87
edge:declared:db.OptionExerciseClaimDocumentSetting:management	14460.07,15926.85 14601.76,15269.41
edge:declared:db.OptionExerciseClaimEventRelation:_deprecated_payment	13100.24,17820.79 13143,17723.62
edge:declared:db.OptionExerciseClaimEventRelation:claim	13050.94,17820.79 12924.72,17412.17
edge:declared:db.OptionExerciseClaimEventRelation:event	13046.48,17902.79 12829.26,17969.3
edge:declared:db.OptionExerciseClaimMeetingDocument:exercise_claim	14433.73,21975.87 14359.63,21915.1
edge:declared:db.OptionExerciseClaimMeetingDocument:grantee	14598.41,21975.87 14890.23,21821.41
edge:declared:db.OptionExerciseClaimOption:option_exercise_claim	13173.45,17320.05 13060.89,17347.01
edge:declared:db.OptionExerciseClaimOptionTaxation:_deprecated_claim	13298.35,17454.98 13060.89,17389.2
edge:declared:db.OptionExerciseClaimOptionTaxation:claim_option	13387.14,17454.98 13319.11,17356.9
edge:declared:db.OptionExerciseClaimPayment:option_exercise_claim	13177.75,17649.62 12954.18,17412.17
edge:declared:db.OptionExerciseManagement:excluded_institution_set	14481.92,15262.91 12909.64,15817.73
edge:declared:db.OptionExerciseManagementAttachmentSetting:management	14118.14,16270.05 14583.93,15269.41
edge:declared:db.OptionExerciseManagementAttachmentSettingItem:setting	14265.75,16542.4 14111.19,16344.05
edge:declared:db.OptionExerciseManagementEmail:option_exercise_management	14823.61,15807.51 14641.03,15269.41
edge:declared:db.OptionExerciseManagementReminderSetting:management	15133.17,15125.44 14741.92,15164.54
edge:declared:db.OptionExerciseManagementTaxation:management	14328.35,15139.26 14481.92,15180.42
edge:declared:db.OptionGrantContract:_deprecated_template	20554.44,18796.14 19490.52,15485.58
edge:declared:db.OptionGrantContract:_grantee	20442.74,18858.4 15962.77,18949.23
edge:declared:db.OptionGrantContract:template_revision	20567.18,18796.14 20166.27,16039.07
edge:declared:db.OptionGrantContractModusignDocument:option_grant_contract	21276.53,19462.15 20640.21,18910.14
edge:declared:db.OptionGrantContractModusignEmbeddedDraft:option_grant_contract	21649.66,21361.03 20596.69,18910.14
edge:declared:db.OptionGrantContractTemplate:_deprecated_stakeholder	19506.57,15379.58 19592.45,15303.33
edge:declared:db.OptionGrantContractTemplateDraft:stakeholder_set	18469.32,15512.14 19481.02,15289.91
edge:declared:db.OptionGrantContractTemplateRevision:stakeholder_set	20130.16,15949.07 19662.88,15303.33
edge:declared:db.OptionGrantContractTemplateRevision:template	20100.05,15949.07 19546.32,15485.58
edge:declared:db.OptionGrantEvent:_deprecated_grantee	15918.84,18557.87 15052.74,18929.87
edge:declared:db.OptionGrantEvent:share_class	15995.28,18459.87 16028.97,18226.52
edge:declared:db.OptionManagement:agenda_option_grant	16005.6,19449.36 16647.47,20262.09
edge:declared:db.OptionManagementStakeholderSeat:option_management	14690.36,18915.26 15842.8,19375.36
edge:declared:db.OptionManagementStakeholderSeat:stakeholder_seat	14453.83,18888.98 10459.88,19217.34
edge:declared:db.OptionResumeEvent:pause_event	31582.9,1061.93 31461.8,1199.5
edge:declared:db.OptionTag:category	15165.37,13006.78 15210.48,12935.6
edge:declared:db.OptionValueChange:investment_round	16326.79,8124.57 16518.71,8189.83
edge:declared:db.OptionVesting:_deprecated_grant_event	15556.69,18056.54 15905.26,18459.87
edge:declared:db.Order:seal_card	5060.83,5789.92 3477.99,5890.84
edge:declared:db.OrderPromotionRelation:order	6200.68,7354.65 5216.48,5831.01
edge:declared:db.OrderPromotionRelation:promotion	6247.69,7354.65 6700.57,6629.47
edge:declared:db.OrderStaffInChargeRelation:order	5013.24,3945.21 5180.25,5733.01
edge:declared:db.OrderStaffInChargeRelation:staff_in_charge	4882.78,3918.49 4141.96,3978.48
edge:declared:db.OrderStatusHistory:order	4194.29,7806 5160.85,5831.01
edge:declared:db.OtherDocumentArchiveAttachment:other_document_archive	19966.32,16418.1 19823.15,16040.95
edge:declared:db.OwnerRolePermissionRelation:owner_permission	10902.69,8672.93 10622.49,8554.45
edge:declared:db.OwnerRolePermissionRelation:owner_role	11036.37,8746.93 11100.42,8971.56
edge:declared:db.Payment:app_card	20807.85,12135.4 20883.13,12182.12
edge:declared:db.Payment:charge	20576.61,12147.12 20345.23,12209.36
edge:declared:db.Payment:credit_card	20807.85,12074.93 23509.88,12015.7
edge:declared:db.PaymentLink:payment_store	24982.39,12145.56 23347.41,12938.74
edge:declared:db.PaymentLink:question_threads	24923.96,12060.71 20716.75,11187.02
edge:declared:db.PaymentRefund:payment	21027.64,11934.72 20807.85,12048.8
edge:declared:db.PaymentRefund:payment_status_history	21107.9,11860.72 21043.06,11794.32
edge:declared:db.PaymentStatusHistory:payment	20957.56,11794.32 20753.9,12033.12
edge:declared:db.Payroll:setting	7613.44,1749.16 7461.28,10129.33
edge:declared:db.PayrollAnnualSalaryInfo:employee	10219.74,13512.51 10543.93,13853.08
edge:declared:db.PayrollDocumentSealStampSetting:_deprecated_ceo	16605.65,14777.07 17129.8,15598.7
edge:declared:db.PayrollDocumentSealStampSetting:seal_stamp	16731.43,14724.83 16903.08,14717.36
edge:declared:db.PayrollEmployeeMonthlyWage:hrm_emp	7130.14,18168.84 7362.54,17839.39
edge:declared:db.PayrollLedgerAttachment:payroll_ldeger	12453.38,13602.68 12957.06,14002.14
edge:declared:db.PayrollLedgerFile:payroll_ledger	13371.04,13724.91 12999.59,14002.14
edge:declared:db.PayrollLedgerFileModificationRequest:payroll_ledger_file	13529.63,13537.57 13438.24,13650.91
edge:declared:db.PayrollLedgerItemSettingRelation:ledger_item	7941.98,10402.88 7547.47,10356.7
edge:declared:db.PayrollLedgerItemSettingRelation:setting	7983.19,10376.09 7564.76,10211.33
edge:declared:db.PayrollManagementRelation:payroll	9867.09,4429.36 7665.1,1749.16
edge:declared:db.PayrollSetting:ledger_item_set	7453.23,10211.33 7436.15,10305.88
edge:declared:db.PayrollSettlement:company_question_thread_set	13068.01,7844.56 18954.19,12956.02
edge:declared:db.PayrollSettlement:payroll	12985.06,7762.56 7670.08,1749.16
edge:declared:db.PayrollSettlementAutoCreation:payroll	8826.12,4110.63 7645.51,1749.16
edge:declared:db.PayrollSettlementAutoCreation:payroll_question_help_template	8868.2,4184.63 10469.28,6737.07
edge:declared:db.PayrollSettlementProgressLog:payroll_settlement	12357.7,7538.71 12898.49,7816.62
edge:declared:db.PayrollStaffUserRelation:payroll	7354.18,1913.36 7547.32,1749.16
edge:declared:db.PayrollStatement:_deprecated_employee	10846.07,14939.3 10664.86,14055.08
edge:declared:db.PayrollStatement:payroll_ledger	10989.56,14947.37 12885.03,14105.63
edge:declared:db.PayrollStatementAttendance:payroll_statement	10783.75,15260.72 10850.76,15061.3
edge:declared:db.PayrollStatementDocument:payroll_statement	11529.94,14810.66 10989.56,14964.35
edge:declared:db.PayrollStatementEmail:payroll_ledger	12284.75,16971.34 12996.83,14108.14
edge:declared:db.PayrollStatementEmailRecipient:email	11314.46,17146.79 12263,17061.34
edge:declared:db.PayrollStatementEmailRecipient:payroll_statement	11290.96,17146.79 10879.09,15061.3
edge:declared:db.PayrollStatementPayrollInformation:payroll_statement	11616.76,14924.39 10989.56,14991.18
edge:declared:db.PayrollStatementScheduledEmail:payroll_statement_email	11848.22,16576.84 12190.62,16971.34
edge:declared:db.PayrollStatementScheduledEmailPeriodicTaskRelation:payroll_statement_scheduled_email	11754.66,16713.85 11774.09,16576.84
edge:declared:db.PeriodicOptionVestingItem:periodic_option_vesting	15121.21,18084.37 15129.04,18167.23
edge:declared:db.PhantomStock:grantee	10884.85,16839.32 11232.06,18168.7
edge:declared:db.PhantomStockGrantContract:phantom_stock	10641.23,16381.67 10813.94,16741.32
edge:declared:db.PhantomStockResumeEvent:pause_event	16040.3,15559 16003.33,15361.09
edge:declared:db.PhoneVerification:phone	8325.9,12693.04 6600.25,10948.29
edge:declared:db.PingpongDelivery:dropoff_address	20254.84,10864.78 22693.23,12943.72
edge:declared:db.PitchingDayHallAccessLog:pitching_day_hall	32410.84,6584.78 32284.16,6351.84
edge:declared:db.PitchingDayHallAssignedIrs:pitching_day_hall	30599.08,5496.51 32167.47,6261.84
edge:declared:db.PortfolioCompanyFund:fund	30051.28,12578.17 31397.68,12425.75
edge:declared:db.PortfolioCompanyFund:portfolio_company	29815.28,12628.16 28598.22,12913.17
edge:declared:db.PortfolioCompanyManager:portfolio_company	28251.43,14800.03 28460.99,13018.52
edge:declared:db.PortfolioCompanyUserRelation:portfolio_company	28604.06,13190.51 28543.19,13018.52
edge:declared:db.PrivacyPolicyLog:privacy_policy	3949.99,32014.16 3962.36,31885.84
edge:declared:db.PromotionAddress:promotion	6647.96,4495.08 6722.34,6555.47
edge:declared:db.PromotionCodeUsageHistory:promotion_code	24953.01,11017.95 24830,10752.45
edge:declared:db.PromotionCodeUsageHistory:service_fee_item	24933.19,11091.95 24592.89,11432.6
edge:declared:db.Purchase:basket	22322.96,12384.63 22481.66,12187.98
edge:declared:db.Purchase:service_fee	22351.51,12429.4 22886.82,12187.6
edge:declared:db.PurchaseItem:payment_store	23219.3,12846.18 23261.38,12938.74
edge:declared:db.PurchaseStatusHistory:purchase	21823.38,12551.09 22055.51,12516.74
edge:declared:db.Purpose:articles_of_incorporation	17646.36,13809.65 17578.45,14273.59
edge:declared:db.Purpose:industrial_code	17648.91,13735.65 17639.95,13619.95
edge:declared:db.QrReplyPasswordReset:request	23922.99,15546.28 23885.62,15893.51
edge:declared:db.QrReplyPasswordResetRequest:reply	23868.35,15967.51 24593.06,16163.45
edge:declared:db.QuarterlyReportRequest:quarterly_report	27037,15974.7 27581.75,15237.7
edge:declared:db.QuarterlyReportRequestAttachment:quarterly_report_request	26014.78,16819.74 26814.99,16064.7
edge:declared:db.QuarterlyReportRequestReportItem:quarterly_report_item	26163.12,15988.93 26011.95,15964.5
edge:declared:db.QuarterlyReportRequestReportItem:quarterly_report_request	26462.12,16014.6 26795.55,16017.98
edge:declared:db.QuarterlyReportSettings:quarterly_report	27311.56,15070.91 27553.83,15123.7
edge:declared:db.QuarterlyReportSignupChannel:portfolio_company	27315.01,13408.34 28339.47,13018.52
edge:declared:db.QuarterlyReportSignupChannel:quarterly_report	27249.73,13490.34 27650.11,15123.7
edge:declared:db.QuestionMessageScheduled:question_thread_message	23479.26,8973.77 23523.31,9711.41
edge:declared:db.QuestionThreadAssignment:question_thread	20362.26,11697.71 20555.85,11214.24
edge:declared:db.QuestionThreadMessage:question_thread	23318.98,9857.41 20670.9,11076.24
edge:declared:db.QuestionThreadMessagePeriodicTaskRelation:question_message_scheduled	23396.74,8786.45 23503,8899.77
edge:declared:db.QuestionThreadTag:question_thread_set	20674.97,11358.38 20601.92,11214.24
edge:declared:db.RegistrationAgenda:agenda_director_change	14319.59,22297.48 14514.05,22427.17
edge:declared:db.RegistrationAgenda:registration	14277.48,22207.48 14559.32,19984.36
edge:declared:db.RegistrationAssistanceReceipt:registration_assistance	21228.29,16237.63 21394.81,15951.66
edge:declared:db.RegistrationDirector:registration	14779.15,20645.84 14579.58,19984.36
edge:declared:db.RegistrationFormCaptable:agenda	19364.36,24745.08 17739.34,21756.78
edge:declared:db.RegistrationFormCaptableDocument:captable	18007.67,25720.28 19446.47,24827.08
edge:declared:db.RegistrationFormCaptableNotarizationRequestor:registration_form_captable	18287.08,23910.42 19350.27,24745.08
edge:declared:db.RegistrationFormCaptableNotarizationRequestor:shareholder	18199.82,23910.42 17709.6,23971.95
edge:declared:db.RegistrationHelp:company_question_thread	18790.9,13111.54 18911,13081.06
edge:declared:db.RsuRsa:grantee	15642.86,13945.87 13513.99,16425.17
edge:declared:db.RsuRsa:source_meeting	15847.03,13934.75 16035.74,14191.68
edge:declared:db.RsuExerciseClaim:financial_account	14433.11,14595.15 12856.52,16409.09
edge:declared:db.RsuExerciseClaimAttachment:attachment_setting_item	14109.86,14659.52 14026.21,14751.84
edge:declared:db.RsuExerciseClaimAttachment:rsu_exercise_claim	14294.2,14590.66 14354.53,14574.14
edge:declared:db.RsuExerciseClaimCandidate:rsu_exercise_claim	13633.83,15505.16 14429.85,14595.15
edge:declared:db.RsuExerciseClaimCandidate:rsu_exercise_management	13580.29,15505.16 13500.12,15225.08
edge:declared:db.RsuExerciseClaimCandidate:rsu_grantee	13621.07,15603.16 13448.72,16425.17
edge:declared:db.RsuExerciseClaimCandidateEmailRecipient:candidate	13744.95,15951.29 13660.66,15603.16
edge:declared:db.RsuExerciseClaimEventRelation:claim	15372.85,14830.07 14581.86,14595.15
edge:declared:db.RsuExerciseClaimEventRelation:event	15467.62,14904.07 15739.61,15505.58
edge:declared:db.RsuExerciseClaimRsu:rsu	15268.04,14225.72 15575.03,13939.4
edge:declared:db.RsuExerciseClaimRsu:rsu_exercise_claim	15109.68,14299.72 14597.02,14489.15
edge:declared:db.RsuExerciseManagement:excluded_institution_set	13470.93,15225.08 12828.6,15817.73
edge:declared:db.RsuExerciseManagementAttachmentSetting:management	13564.09,15079.12 13567.44,15127.08
edge:declared:db.RsuExerciseManagementAttachmentSettingItem:setting	13953.79,14825.84 13632.96,15005.12
edge:declared:db.RsuExerciseManagementEmail:rsu_exercise_management	14392.68,16134.6 13537.38,15225.08
edge:declared:db.RsuExtraAttachment:rsu	15938.75,13742.96 15811.51,13799.87
edge:declared:db.RsuGrantContract:rsu	16205.91,13738.23 15847.03,13838.99
edge:declared:db.RsuGrantContract:template	16324.24,13662.34 16214.69,13288.64
edge:declared:db.RsuGrantContractModusignDocument:rsu_grant_contract	21204.59,19154.84 16370.67,13752.34
edge:declared:db.RsuGrantContractTemplate:stakeholder_set	16200.13,13206.64 16180.03,12744.35
edge:declared:db.RsuMeetingAttachment:meeting	16046.57,14384.71 16099.56,14281.68
edge:declared:db.RsuResumeEvent:pause_event	15943.06,16851.11 15802.27,16802.16
edge:declared:db.RsuTag:category	15909.23,13065.23 15841.78,12998.02
edge:declared:db.RsuTag:rsu_set	15936.68,13147.23 15735.42,13799.87
edge:declared:db.RsuVestingItem:performance_condition	14992.59,13682.6 15649.58,12842.6
edge:declared:db.RtccEmail:right_to_consent_or_consult	15117.72,16233.1 15294.25,16027.7
edge:declared:db.RtccEmailAuthentication:rtcc_investor	15717.14,17066.65 15487.45,17212.31
edge:declared:db.RtccInvestor:right_to_consent_or_consult	15421.81,17212.31 15327.35,16027.7
edge:declared:db.RtccInvestorFile:investor	18109,18007.66 15588.06,17300.64
edge:declared:db.Safe:holder	11700.89,17429.68 12173.05,18081.28
edge:declared:db.SdContactRequest:secondary_deal	34298.36,6148.17 35117.67,3309.8
edge:declared:db.SealCardReturnRequest:seal_card	2776.83,5993.49 3229.99,5919.11
edge:declared:db.SealCardReturnStatusHistory:seal_card_return_request	3667.63,7570.35 2679.56,6054.85
edge:declared:db.SealCertificateDelivery:seal_card_pickup_delivery	19574.78,10757.54 20072.53,10804.03
edge:declared:db.SealCertificateIssueRequest:delivery	19580.88,10863.71 19504.84,10794.79
edge:declared:db.SealStamp:director	17033.53,14761.16 17166.71,15598.7
edge:declared:db.SealStampImage:seal_stamp	19309.73,16712.58 17090.02,14761.16
edge:declared:db.SealStampUsageHistory:employee	12382.53,14250.74 10784.53,13982.03
edge:declared:db.SealStampUsageHistory:payroll_statement_document	12589.18,14328.15 11590.24,14741.03
edge:declared:db.SealStampUsageHistory:seal_stamp	12630.53,14286.79 16903.08,14696.52
edge:declared:db.SealStampUsageHistory:wht_book	12382.53,14281.21 11466.49,14283.95
edge:declared:db.SealStampUsageHistory:wht_certificate	12594.39,14222.15 12438.58,14090.53
edge:declared:db.SealStampUsageHistory:wht_receipt	12455.61,14222.15 12056.89,14126.02
edge:declared:db.SelfRegistration:meeting	18067.72,17006.34 17999.17,16986.14
edge:declared:db.ServiceFee:basket	22863.56,12147.77 22641.75,12149.87
edge:declared:db.ServiceFeeItem:product	24509.63,11432.6 23676.76,10625.36
edge:declared:db.ShareholderInstitutionMember:institution	12018.41,22319.38 12359.2,23337.47
edge:declared:db.ShareholderInstitutionMember:manager	11990.67,22237.38 11888.53,21921.92
edge:declared:db.ShareholderInstitutionMemberCeo:member	11964.48,23065.95 12001.9,22319.38
edge:declared:db.ShareholdersAgreementStakeholder:stakeholder	10989.22,18841.13 11657.61,19068.88
edge:declared:db.ShareholdersMeeting:chairperson	16339.7,23196.78 16028.99,23139.54
edge:declared:db.ShareholdersMeetingAgenda:agenda_authorized_shares_change	17539.36,21730.51 17150.97,21999.31
edge:declared:db.ShareholdersMeetingAgenda:agenda_branch_change	17749.47,21482.78 18268.32,20176.46
edge:declared:db.ShareholdersMeetingAgenda:agenda_change_of_articles_of_incorporation	17859.36,21506.24 19170.1,20691.24
edge:declared:db.ShareholdersMeetingAgenda:agenda_director_change	17539.36,21662.54 14694.24,22447.03
edge:declared:db.ShareholdersMeetingAgenda:agenda_director_compensation_decision	17539.36,21631.85 16522.17,21851.22
edge:declared:db.ShareholdersMeetingAgenda:agenda_head_office_relocation	17859.36,21682.03 18372.59,21891.41
edge:declared:db.ShareholdersMeetingAgenda:agenda_new_issue	17602.57,21756.78 16926.98,22663.42
edge:declared:db.ShareholdersMeetingAgenda:agenda_option_cancel	17539.36,21575.08 15922.16,21118.82
edge:declared:db.ShareholdersMeetingAgenda:agenda_option_grant	17600.66,21482.78 16762.93,20352.09
edge:declared:db.ShareholdersMeetingAgenda:meeting	17594.77,21756.78 16522.38,23173.88
edge:declared:db.ShareholdersMeetingConvocationNoticeEmail:shareholders_meeting	18259.47,20846 16521.49,23173.88
edge:declared:db.ShareholdersMeetingConvocationNoticeEmailAttachment:convocation_notice_email	19694.68,20533.86 18484.75,20754.95
edge:declared:db.ShareholdersMeetingConvocationNoticeEmailNewIssueAttachment:email	17576.18,23508.6 18280.09,20846
edge:declared:db.ShareholdersMeetingConvocationNoticeEmailNewIssueAttachment:new_issue	17519.38,23508.6 16902.76,22833.42
edge:declared:db.ShareholdersMeetingConvocationNoticeRecipient:convocation_notice_email	19704.15,21651.09 18379.18,20846
edge:declared:db.ShareholdersMeetingConvocationNoticeRecipient:shareholder	19753.91,21741.09 17631.2,23971.95
edge:declared:db.ShareholdersMeetingShareholderAttendance:meeting	17497.48,23971.95 16562.95,23311.88
edge:declared:db.ShareholdersMeetingShareholderAttendance:original_shareholder	17403.23,24021.52 12512.13,23415.94
edge:declared:db.StakeholderAccount:account	12691.22,16703.06 12799.94,16507.09
edge:declared:db.StakeholderCustodian:stakeholder	11311.07,19305.81 11657.61,19183.86
edge:declared:db.StarredQuestionThread:question_thread	20063.74,11155.99 20456.75,11154.16
edge:declared:db.Stock:share_class	15159.33,17699.61 15924.09,18135.38
edge:declared:db.Stock:shareholder	15016.12,17702.47 12412.59,23337.47
edge:declared:db.StockDocumentAnalysis:document_ai_process_request	26640.98,29156.13 27291.24,28830.61
edge:declared:db.StockDocumentAnalysis:stock_reregistration_event	26593.42,29230.13 26723.65,29412.98
edge:declared:db.StockTransferAgreement:seller	17588.8,18462.19 12447.86,23337.47
edge:declared:db.StockTransferAgreement:stock_transfer_event	17553.38,18308.19 17179.84,18077.17
edge:declared:db.StockTransferAgreementClauses:stock_transfer_agreement	17823.31,18221.42 17802.67,18344.75
edge:declared:db.StockTransferAgreementItem:agreement	17001.17,18211.58 17530.67,18359.39
edge:declared:db.StockTransferAgreementItem:share_class	16754.17,18161.64 16172.09,18200.14
edge:declared:db.StockTransferAgreementManagement:related_tax_advices	16825.45,12706.22 20456.75,11196.45
edge:declared:db.StockTransferAgreementManagement:stock_transfer_agreement	16717.92,12796.22 17655.19,18308.19
edge:declared:db.StockTransferAgreementManagementStakeholderSeat:stakeholder_seat	9007.51,6609.08 10330.8,19185.7
edge:declared:db.StockTransferAgreementManagementStakeholderSeat:stock_transfer_agreement_management	9050.69,6609.08 16653.13,12706.22
edge:declared:db.StockTransferAgreementModusignDocument:stock_transfer_agreement	20134.99,20190.16 17774.9,18462.19
edge:declared:db.StockTransferAgreementModusignEmbeddedDraft:stock_transfer_agreement	21102.85,21298.81 17761.57,18462.19
edge:declared:db.StockTransferAgreementPurchaserInstitution:agreement	18192.01,18520.12 17802.67,18427.8
edge:declared:db.StockTransferAgreementSellerInstitution:agreement	18012.32,18363.52 17802.67,18399.9
edge:declared:db.StockTransferPrice:share_class	16959.31,17883.9 16172.09,18160.46
edge:declared:db.StockTransferPrice:stock_transfer_event	17087.86,17908.47 17114.85,18003.17
edge:declared:db.StripeCard:customer	4558.13,4551.79 4612.01,5016.26
edge:declared:db.StripePayment:card	3648.93,5355.97 4514.04,4551.79
edge:declared:db.StripePayment:order	3728.82,5427.19 5060.83,5751.79
edge:declared:db.StripePayment:seal_card_return_request	3541.55,5437.97 2716.1,5972.85
edge:declared:db.Subscription:subscription_plan	21163.04,9395.64 20432.47,10293.03
edge:declared:db.SubscriptionBonus:subscription	21777.84,9391.33 21353.34,9333.29
edge:declared:db.SubscriptionModusignDocumentUsageHistory:subscription	29981.46,12150.48 21304.45,9395.64
edge:declared:db.SubscriptionPaymentRequest:subscription	21209.18,9939.88 21231.21,9395.64
edge:declared:db.SubscriptionPeriod:subscription	22127.58,8910.86 21353.34,9263.4
edge:declared:db.SubscriptionPerk:subscription	21636.11,8987.5 21353.34,9235.89
edge:declared:db.SubscriptionPlan:permissions	20264.26,10340.11 20012.45,10320.9
edge:declared:db.SubscriptionPlanOffering:subscription_plan	20768.49,10302.98 20524.26,10333.69
edge:declared:db.SubscriptionPlanPerk:subscription_plan	20774.82,10184.76 20524.26,10293.57
edge:declared:db.SubscriptionReservation:subscription_plan	19345.42,10433.95 20264.26,10360.43
edge:declared:db.SubscriptionSuspensionHistory:subscription	21154.38,9122.04 21242.63,9233.64
edge:declared:db.TaxBookkeepingServiceRequest:incorporation_request	20675.51,12970.16 21326.26,15070.59
edge:declared:db.TaxPartnerTbkContractItem:tax_partner_tbk_contract	23090.8,13424.53 23046.59,13358.14
edge:declared:db.TbkConsulting:tax_bookkeeping_service_request	20992.51,12973.08 20798.71,12943.41
edge:declared:db.TbkConsulting:tbk_question_thread	20992.51,12989.9 19195,13040.52
edge:declared:db.TbkConsultingMemo:tbk_consulting	21533.07,12750.08 21188.61,12936.97
edge:declared:db.TbkConsultingRefusal:incorporation_request	20990.58,14539.05 21299.3,15070.59
edge:declared:db.TbkConsultingStatusLog:tbk_consulting	21051.37,12659.49 21093.71,12936.97
edge:declared:db.TbkContract:tbk_consulting	22503.12,13962 21177.24,13034.97
edge:declared:db.TbkContractBenefit:tbk_contract	22575.61,14113.94 22592.39,14044
edge:declared:db.TbkContractSettlement:tbk_contract	22533.04,13897.47 22576.27,13962
edge:declared:db.ThirdPartyArticleProviderUserRelation:article_provider	20223.83,19941.77 20218.93,19868.48
edge:declared:db.UserApiKeyCompanyAccess:api_key	17619.8,5659.59 18008.79,4866.42
edge:declared:db.UserApiKeyCompanyRelation:company_access	18145.26,5039.84 17633.54,5659.59
edge:declared:db.UserApiKeyRevocation:api_key	17671.3,4804.18 17904.9,4818.05
edge:declared:db.UserInvitationOwnerRoleRelation:owner_role	11377.15,9422.84 11139.54,9069.56
edge:declared:db.UserInvitationOwnerRoleRelation:user_invitation	11348.61,9496.84 11010.33,10548.3
edge:declared:db.UserProfileImageMapping:profile_image	21348.08,18485.8 21180.71,18418.79
edge:declared:db.UserSealCardRelation:seal_card	3112.75,6082.94 3300.29,5939.75
edge:declared:db.ValuationServiceRequest:company_question_thread	18663.02,12309.68 19024.66,12956.02
edge:declared:db.VcIrRecommendationRequestResult:request	31219.76,6470.08 32551.33,7491.68
edge:declared:db.VcLpReportRequest:alimtalk_activity	34389.7,11917.93 33069.26,12775.95
edge:declared:db.VcLpReportRequest:vc_lp_report	34384.78,11835.93 33910.47,11550.04
edge:declared:db.VcLpReportRequestRecipient:alimtalk_activity_recipient	32694.18,12598.42 32230.53,13092.34
edge:declared:db.VcLpReportRequestRecipient:fund_partner	32757.88,12516.42 32863.24,12345.06
edge:declared:db.VcLpReportRequestRecipient:vc_lp_report_request	32836.31,12516.42 34349.16,11917.93
edge:declared:db.VcNameAlias:venture_capital	35073.94,10380.63 34430.21,10717.35
edge:declared:db.VentureCapitalEmailTemplates:venture_capital	34648.39,10951.62 34430.21,10876.74
edge:declared:db.VentureCapitalQuarterlyReport:content_template	27674.15,15123.7 28021.89,13813.77
edge:declared:db.VentureCapitalQuarterlyReportItem:quarterly_report	26010.34,15897.81 27525.75,15218.86
edge:declared:db.VentureCapitalQuarterlyReportItemReply:item	24211.49,16696.07 25764.08,15979.81
edge:declared:db.VentureCapitalQuarterlyReportItemReply:reply	24097.1,16696.07 24610.17,16293.45
edge:declared:db.VentureCapitalQuarterlyReportReply:company_create_request	24400.71,16209.75 22566.94,16145.46
edge:declared:db.VentureCapitalQuarterlyReportReply:portfolio_company	24666.07,16163.45 28371.86,13018.52
edge:declared:db.VentureCapitalQuarterlyReportReply:quarterly_report	24738.71,16195.77 27525.75,15209.03
edge:declared:db.VentureCapitalSubscription:venture_capital	34894.06,9126.85 34324.95,10608.59
edge:declared:db.VentureCapitalSubscriptionPlanPermission:subscription_plan	36171.38,9351.12 35243.48,9400.2
edge:declared:db.VentureCapitalSubscriptionPlanPrice:subscription_plan	35019.02,10163.13 35094.64,9448.84
edge:declared:db.VentureCapitalUserRelation:roles	30554.78,8435.07 29218.79,6970.25
edge:declared:db.VentureComplex:address	24080.01,18134.67 23380.2,18551.83
edge:declared:db.VideoCollection:video_contents	18827.79,7222.64 19364.32,6488.41
edge:declared:db.VideoContentHistory:video_collection	19063.46,7675.26 18824.56,7312.64
edge:declared:db.VideoContentHistory:video_content	19100.29,7675.26 19384.46,6488.41
edge:declared:db.VideoContentSpeecher:video_content	19102.47,6380.18 19270.28,6418.84
edge:declared:db.WhitepaperPreviewFile:whitepaper	4103.46,3384.49 4072.18,3539.93
edge:declared:db.WhitepaperWatermarkFile:whitepaper	5102.6,2931.09 4129.46,3539.93
edge:declared:db.WhtBook:employee	11258.85,14249.01 10784.53,14023.69
edge:declared:db.WhtBook:wht_book_without_date	11296.05,14331.01 11139.82,14468.92
edge:declared:db.WhtBookWithoutDate:employee	11067.87,14468.92 10724.54,14055.08
edge:declared:db.WhtCertificate:employee	12381.91,14046.82 10784.53,13962.15
edge:declared:db.WhtReceipt:employee	11903.34,14076.93 10784.53,13968.62
edge:declared:db.YearEndTaxSettlement:payroll	9760.79,17991.5 7622.65,1749.16
edge:declared:db.YearEndTaxSettlementConfirmationSchedule:year_end_tax_settlement	9264.1,17516.92 9750.82,17991.5
edge:declared:db.YetsAssistance:employee	14940.47,32792.25 8319.17,32664.44
edge:declared:db.YetsAssistanceCreatorYetsEmployee:yets_employee	9742.77,32263.32 8319.17,32622.07
edge:declared:db.YetsAssistanceMessage:assistance	17229.28,32549.75 15188.47,32791.61
edge:declared:db.YetsAssistanceMessage:creator	17229.28,32528.86 13671.11,32198.81
edge:declared:db.YetsAssistanceMessageFile:message	22690.96,34230.77 17477.28,32513.96
edge:declared:db.YetsAssistanceStaffAccessLog:assistance	14378.25,32950.65 14940.47,32825.08
edge:declared:db.YetsAssistanceStaffFavoriteRelation:assistance	15638.09,32575.68 15180.9,32752.39
edge:declared:db.YetsEmail:year_end_tax_settlement	10017.98,20565.7 9827.61,18081.5
edge:declared:db.YetsEmailAuthentication:yets_employee	8087.54,33184.67 8115.8,32723.37
edge:declared:db.YetsEmployee:employee	8179.62,32593.37 10631.73,14055.08
edge:declared:db.YetsEmployee:year_end_tax_settlement	8179.54,32593.37 9762.12,18081.5
edge:declared:db.YetsEmployeeFile:employee	23106.24,34635.91 8319.17,32677.28
edge:declared:db.YetsEmployeeResult:yets_employee	9294.87,30295.74 8211.84,32593.37
edge:declared:db.YetsEmployeeResultAssistanceMessageRelation:assistance_message	14045.72,31710.01 17229.28,32510.27
edge:declared:db.YetsEmployeeResultAssistanceMessageRelation:result	13820.78,31636.01 9429.99,30295.74
edge:declared:db.YetsEmployeeResultStatusLog:result	10177.05,30756.83 9325.46,30295.74
edge:declared:db.YetsEmployeeResultWhtReceipt:result	22134.73,32224.88 9445.98,30257.16
edge:declared:db.YetsEmployeeSubmissionLog:yets_employee	8725.68,32790.6 8189.53,32723.37
edge:declared:db.YetsEmployeeUploadForm:yets_employee	10433.44,33008.53 8319.17,32697.71
edge:declared:db.YetsEmployeeUploadFormStatusLog:yets_employee_upload_form	10142.45,33880.25 10533.43,33077.22
edge:declared:db.ZuzuTaxPhoneToken:phone	6898,10717.33 6627.44,10874.29
edge:declared:document_ai.DocumentAiProcessResult:request	26771.96,31761.21 27357.75,28830.61
edge:declared:fi_sta.FiStaCompanyCeo:fi_sta_company	32510.81,32446.51 31708.36,35324.31
edge:declared:fi_sta.FiStaCompanySearchResult:fi_sta_company	31756.12,33852.07 31698.53,35324.31
edge:declared:fi_sta.FiStaContractDocument:participant	29804.47,35977.43 30285.64,36449.03
edge:declared:fi_sta.FiStaContractDocument:stock_transfer_agreement_document	29634.56,35963.92 27635.28,36471.65
edge:declared:fi_sta.FiStaContractDocument:stock_transfer_notice_poa_document	29772.05,35977.43 29860.41,36272.09
edge:declared:fi_sta.FiStaContractDocument:stock_unissued_confirmation_poa_document	29757.55,35887.43 29679.18,32381.46
edge:declared:fi_sta.FiStaManagement:fi_sta_company	33625.96,38146.67 31725.37,35406.31
edge:declared:fi_sta.FiStaParticipant:fi_sta_user	30441.42,36547.03 32250.03,37384.77
edge:declared:fi_sta.FiStaStockTransferAgreementDocument:starter	27643.84,36511.78 30211.63,36498.66
edge:declared:fi_sta.FiStaStockTransferNoticePoaDocument:signer	29962.39,36346.09 30215.26,36449.03
edge:declared:fi_sta.FiStaStockUnissuedConfirmationPoaDocument:signer	29684.21,32381.46 30327.88,36449.03
edge:declared:fi_sta.FiStaTransferStock:stock_transfer_agreement_document	29243.72,36770.18 27643.84,36537.39
edge:declared:fi_sta.FiStaUser:fi_sta_management	32394.1,37458.77 33587.43,38146.67
edge:declared:vertex_ai.VertexAiPredictionResult:request	35698.79,16856.53 35625.52,16971.97
edge:inheritance:db.AgendaBonusIssueNewIssueBalanceCertificateFile->db.FileAttachment	19314.26,18327.25 20162.54,18151.36
edge:inheritance:db.AgendaBonusIssueNewIssueMinutesFile->db.FileAttachment	18653.6,17023.77 20162.54,17990.26
edge:inheritance:db.Announcement->db.QuestionThread	20945.13,10518.96 20623.98,11076.24
edge:inheritance:db.BeforeunloadPdfEvent->db.PdfEvent	30548.42,9264.91 31140.37,9550.03
edge:inheritance:db.BranchAbolitionEvent->db.Event	17317.04,17425.62 16410.06,16319.06
edge:inheritance:db.BranchInstallationEvent->db.Event	18742.12,17822.03 16474.35,16309.92
edge:inheritance:db.BulkEmailCommonAttachment->db.FileAttachment	19427.71,17776.42 20162.54,18043.03
edge:inheritance:db.BulkEmailRecipientAttachment->db.FileAttachment	18946.69,18684.29 20162.54,18189.31
edge:inheritance:db.CmeBulkEmail->db.BulkEmail	17016.52,16070.72 14806.91,16652.45
edge:inheritance:db.CmeBulkEmailTemplate->db.BulkEmailTemplate	20197.38,14144.13 19858.2,14095.57
edge:inheritance:db.CompanyBulkEmailTemplate->db.BulkEmailTemplate	18872.4,14172.1 19610.2,14074.89
edge:inheritance:db.CompanyDocumentDelivery->db.DocumentDelivery	18447.19,11011.93 19451.44,11042.21
edge:inheritance:db.CompanyEndorsementFeed->db.CompanyFeed	25460.13,2330.31 27131.71,1125.97
edge:inheritance:db.CompanyFeed->db.Feed	27200.72,1125.97 26961.04,3916.15
edge:inheritance:db.CompanyIrClosingFeed->db.CompanyFeed	27267.22,3287.26 27206.75,1125.97
edge:inheritance:db.CompanyIrNewCommitFeed->db.CompanyFeed	27727.45,3116.72 27218.81,1125.97
edge:inheritance:db.CompanyIrOpenFeed->db.CompanyFeed	27865.82,2482.67 27230.1,1125.97
edge:inheritance:db.CompanyNewsFeed->db.CompanyFeed	18917.9,6175.61 27119.19,1125.97
edge:inheritance:db.CompanyOwnerAuditLog->db.AuditLog	11426.13,5397.75 19050.57,3531.81
edge:inheritance:db.CompanyPaymentLink->db.PaymentLink	22132.45,10576.04 24991.6,12055.56
edge:inheritance:db.CompanyQuestionThread->db.QuestionThread	19125.46,12956.02 20530.58,11214.24
edge:inheritance:db.ConsentFormModusignDocument->db.ModusignDocument	24375.98,36473.38 22937.07,20833.69
edge:inheritance:db.ConsentFormModusignEmbeddedDraft->db.ModusignEmbeddedDraft	21981.59,23598.27 21941.13,21754.72
edge:inheritance:db.ConsentFormOptionItem->db.ConsentFormItem	22719.72,25135.19 23304.69,28171.56
edge:inheritance:db.CustomOptionGrantContractTemplate->db.OptionGrantContractTemplate	19821.71,15582.63 19606.5,15479.22
edge:inheritance:db.CustomOptionGrantContractTemplateRevision->db.OptionGrantContractTemplateRevision	20832.59,15381.21 20205.29,15949.07
edge:inheritance:db.Director->db.Stakeholder	17062.24,15744.7 11989.61,19018.54
edge:inheritance:db.DirectorsMeetingNoticeEmail->db.BulkEmail	15193.95,19974.23 14723.96,16753.57
edge:inheritance:db.DocumentLoadedPdfEvent->db.PdfEvent	31023,9369.67 31187.98,9550.03
edge:inheritance:db.ESOPParticipant->db.Employee	11169.01,15079.26 10684.24,14055.08
edge:inheritance:db.Employee->db.Stakeholder	10665.52,14055.08 11787.87,18968.45
edge:inheritance:db.EmployeeOptionExerciseManagementEmail->db.BulkEmail	14559.66,14150.72 14670.6,16615.57
edge:inheritance:db.EmployeeOptionGrantee->db.Employee	11181.06,12531.53 10680.76,13853.08
edge:inheritance:db.EmployeeStockGuideEmail->db.BulkEmail	13187,16753.94 14546.91,16655.04
edge:inheritance:db.ExpertClientSignupChannel->db.SignupChannel	23832.5,14062.61 23895.75,13936.38
edge:inheritance:db.HrmAlpUsagePlan->db.HrmApprovable	7995.03,17939.61 6122.46,17406.19
edge:inheritance:db.HrmAnnualLeave->db.HrmLeaveBase	6887.73,21994.7 6447.15,21183.35
edge:inheritance:db.HrmAnnualLeaveFiscalBasedConfig->db.HrmAnnualLeaveConfigBase	7145.48,25939.93 6895.86,23082.88
edge:inheritance:db.HrmAnnualLeaveHireBasedConfig->db.HrmAnnualLeaveConfigBase	6821.01,24957.11 6891.24,23082.88
edge:inheritance:db.HrmAttendance->db.HrmApprovable	6430.18,17284.9 6122.46,17360.4
edge:inheritance:db.HrmDeptAbolishedEvent->db.HrmDeptStatusEventBase	3857.18,22992.74 3802.47,21638.59
edge:inheritance:db.HrmDeptCreatedEvent->db.HrmDeptStatusEventBase	3712.5,20823.68 3796.13,21556.59
edge:inheritance:db.HrmDeptNameChangedEvent->db.HrmDeptNameEventBase	2959.88,19713.93 2678.74,20005.51
edge:inheritance:db.HrmDeptNameEventBase->db.HrmDeptEventBase	2679.07,20079.51 2891.87,20298.13
edge:inheritance:db.HrmDeptParentChangedEvent->db.HrmDeptParentEventBase	3200.38,19922.93 3542.66,19941.21
edge:inheritance:db.HrmDeptParentEventBase->db.HrmDeptEventBase	3590.71,19984.51 2997.83,20298.13
edge:inheritance:db.HrmDeptStatusEventBase->db.HrmDeptEventBase	3772.46,21556.59 2953.46,20372.13
edge:inheritance:db.HrmDocument->db.HrmApprovable	4696.24,16148.64 5939.07,17314.71
edge:inheritance:db.HrmEmpAbsenceEvent->db.HrmEmpStatusEventBase	7635.28,14800.77 8158.19,14909
edge:inheritance:db.HrmEmpAffiliationChangedEvent->db.HrmEmpAffiliationEventBase	6246.05,16169.06 6937.61,16371.5
edge:inheritance:db.HrmEmpAffiliationEventBase->db.HrmEmpEventBase	7081.23,16376.2 7083.47,16318.83
edge:inheritance:db.HrmEmpContractModusignDocument->db.ModusignDocument	25545.21,37999.73 22943.77,20833.69
edge:inheritance:db.HrmEmpDepartedEvent->db.HrmEmpStatusEventBase	8393.46,14964.36 8296.57,14930.23
edge:inheritance:db.HrmEmpEmploymentTypeChangedEvent->db.HrmEmpEmploymentTypeEventBase	7515.22,16390.49 7058.92,16622.03
edge:inheritance:db.HrmEmpEmploymentTypeEventBase->db.HrmEmpEventBase	6998.74,16622.03 7188.74,16325.82
edge:inheritance:db.HrmEmpJobChangedEvent->db.HrmEmpJobEventBase	6663.19,15471.27 6628.67,15721.7
edge:inheritance:db.HrmEmpJobEventBase->db.HrmEmpEventBase	6654.74,15795.7 7170.3,16251.82
edge:inheritance:db.HrmEmpJoinedEvent->db.HrmEmpStatusEventBase	7840.6,15659.77 8184.15,15015
edge:inheritance:db.HrmEmpReturnToWorkEvent->db.HrmEmpStatusEventBase	7951.52,14800.77 8208.28,14909
edge:inheritance:db.HrmEmpStatusEventBase->db.HrmEmpEventBase	8144.72,15015 7220.91,16251.82
edge:inheritance:db.HrmFixedWork->db.HrmWorkBase	5323.81,18475.94 5289.61,18617.52
edge:inheritance:db.HrmGrantableLeave->db.HrmLeaveBase	6644.63,20229.12 6427.15,21037.35
edge:inheritance:db.HrmLeaveUsage->db.HrmApprovable	9052.05,18034.09 6122.46,17394.49
edge:inheritance:db.HrmStaggeredWork->db.HrmWorkBase	4440.13,19354.04 5199.49,18739.52
edge:inheritance:db.IBKSignupChannel->db.SignupChannel	24559.18,13440.21 24092,13867.27
edge:inheritance:db.IaConsentFormOrMeetingElectronicSignatureRequestModusignDocument->db.ModusignDocument	27354.69,20222.94 23063.78,20725.98
edge:inheritance:db.IaConsentFormOrMeetingElectronicSignatureRequestModusignEmbeddedDraft->db.ModusignEmbeddedDraft	23810.74,22394.54 22068.05,21696.73
edge:inheritance:db.IaConsentFormOrMeetingElectronicSignatureRequiredDocument->db.InvestmentAssociationDocument	31083.78,19811.58 32746.17,19161.04
edge:inheritance:db.IaExpertPartnerBulkEmailTemplate->db.BulkEmailTemplate	20481.12,14792.22 19820.83,14109.39
edge:inheritance:db.IaExplanationFormForElectronicSignatureDocument->db.InvestmentAssociationDocument	33182.43,19378.7 33032.17,19150.34
edge:inheritance:db.IaGpAppointmentEvent->db.InvestmentAssociationEvent	32279.31,17369.44 30715.11,17121.96
edge:inheritance:db.IaGpTerminationEvent->db.InvestmentAssociationEvent	32547.16,17719.84 30712.19,17139.97
edge:inheritance:db.IaMeetingAgendaCustom->db.IaMeetingAgenda	32675.88,20952.2 32407.51,20620.12
edge:inheritance:db.IaMeetingMinutesDocument->db.InvestmentAssociationDocument	32056.69,19936.45 32849.54,19162.94
edge:inheritance:db.IaMeetingNoticeDocument->db.InvestmentAssociationDocument	31828.23,19796.06 32818.55,19162.94
edge:inheritance:db.IaMeetingSealedNoticeDocumentFile->db.FileAttachment	29786.98,19639.2 20542.54,18143.44
edge:inheritance:db.IaModusignDocumentUsageHistory->db.BaseModusignDocumentUsageHistory	25196.94,13128.11 24257.43,12984.51
edge:inheritance:db.IaOwnerAuditLog->db.AuditLog	23431.91,1670 19249.97,3461.63
edge:inheritance:db.IaPartnerListDocument->db.InvestmentAssociationDocument	32579.87,18739.29 32892.49,19040.94
edge:inheritance:db.IaPaymentLink->db.PaymentLink	25959.32,12033.94 25171.96,12081.22
edge:inheritance:db.IaPfCompanyInvestmentSalesIntent->db.SalesIntent	31160.08,22629.51 32349.45,23634
edge:inheritance:db.IaQuestionThread->db.QuestionThread	21662.05,11738.78 20702.29,11214.24
edge:inheritance:db.IaRuleDocument->db.InvestmentAssociationDocument	31414.93,19111.32 32746.17,19093.73
edge:inheritance:db.IaSealStampImage->db.FileAttachment	21358.22,18179.17 20542.54,18124.66
edge:inheritance:db.ImAcVcBroker->db.ImZuzuBroker	27451.36,10668.06 29407.8,10540.31
edge:inheritance:db.ImIndividualGpBroker->db.ImZuzuBroker	29226.5,10724.37 29468.05,10569.6
edge:inheritance:db.ImInvestorBroker->db.ImBroker	31950.45,10646.2 30179.33,10514.1
edge:inheritance:db.ImIrPartnerBroker->db.ImBroker	28952.16,10373.47 29931.33,10490.08
edge:inheritance:db.ImPitchingDay->db.ImDay	30064.23,8892.62 30662.99,9042.03
edge:inheritance:db.ImPitchingDayParticipation->db.ImDayParticipation	28799.15,7396.27 30446.6,8716.4
edge:inheritance:db.ImZuzuBroker->db.ImBroker	29643.8,10526.42 29931.33,10511.35
edge:inheritance:db.IncorporationRequestAssistanceReceipt->db.FileAttachment	21408.42,16452.01 20490.57,17894.96
edge:inheritance:db.IndividualStakeholder->db.Stakeholder	12301.25,20506.67 11877.9,19282.45
edge:inheritance:db.IndividualStockOptionCancelEvent->db.IndividualInvestorEvent	34663.1,30420.32 33610.85,29660.19
edge:inheritance:db.IndividualStockOptionExerciseEvent->db.IndividualInvestorEvent	35002.75,31708.8 33579.82,29660.19
edge:inheritance:db.IndividualStockOptionGrantEvent->db.IndividualInvestorEvent	33668.25,27571.02 33551.19,29570.19
edge:inheritance:db.IndividualStockOptionPauseEvent->db.IndividualInvestorEvent	30127,28781.67 33424.56,29584.98
edge:inheritance:db.IndividualStockOptionResumeEvent->db.IndividualInvestorEvent	30701.64,31267.65 33471.03,29660.19
edge:inheritance:db.IndividualStockOptionSalesIntent->db.SalesIntent	31143,23688.72 32275.26,23672.67
edge:inheritance:db.InputSignupChannel->db.SignupChannel	24631.77,13949.62 24062.57,13936.38
edge:inheritance:db.InstitutionStakeholder->db.Stakeholder	11898.06,21310.87 11828.96,19282.45
edge:inheritance:db.InvestmentAssociationAssociationPartner->db.InvestmentAssociationOrganizationPartner	33092.03,15012.45 34302.6,16064.7
edge:inheritance:db.InvestmentAssociationCorporationPartner->db.InvestmentAssociationOrganizationPartner	35267.56,15068.63 34401.57,16064.7
edge:inheritance:db.InvestmentAssociationOrganizationPartner->db.InvestmentAssociationPartner	34389.27,16162.7 35435.95,17840.55
edge:inheritance:db.InvestmentAssociationOrganizationPartnerCorporationSigner->db.InvestmentAssociationOrganizationPartnerSigner	34772.27,13788.86 34380.71,13980.36
edge:inheritance:db.InvestmentAssociationOrganizationPartnerIndividualSigner->db.InvestmentAssociationOrganizationPartnerSigner	34151.67,13859.24 34251.58,13980.36
edge:inheritance:db.InvestmentAssociationPartnerSalesIntent->db.SalesIntent	33525.09,22183.78 32421.42,23634
edge:inheritance:db.InvestmentContractHolder->db.Stakeholder	12129.01,18155.28 11866.12,18968.45
edge:inheritance:db.InvestorRelations->db.InvestorMatching	28291.78,5048.03 26605.16,8899.81
edge:inheritance:db.IrClosingComplete->db.IrClosing	29469.25,2009.32 30351.75,3815.6
edge:inheritance:db.IrClosingExpired->db.IrClosing	30360.92,4496.62 30371.08,3897.6
edge:inheritance:db.IrClosingIncomplete->db.IrClosing	31216.34,3894.7 30495.78,3862.19
edge:inheritance:db.IrConsultingRequest->db.ImConsultingRequest	26186.21,7764.41 25529.75,7055.79
edge:inheritance:db.IrFeed->db.Feed	27563.22,5076.49 26977.8,3990.15
edge:inheritance:db.LawtalkSignupAttachment->db.FileAttachment	19450.9,16281.34 20245.01,17894.96
edge:inheritance:db.LegalPartnerSignupChannel->db.SignupChannel	23219.27,13628.07 23844,13900.16
edge:inheritance:db.ManualOptionVesting->db.OptionVesting	15471.84,18200.05 15495.87,18056.54
edge:inheritance:db.ManualProduct->db.Product	23463.55,10455.05 23590.01,10551.36
edge:inheritance:db.MeetingAttachment->db.FileAttachment	18640.85,17177.34 20162.54,18008.22
edge:inheritance:db.Mna->db.InvestorMatching	26229.92,8749.08 26436.8,8899.81
edge:inheritance:db.MnaConsultingRequest->db.ImConsultingRequest	25100.3,7053.38 25367.77,7027.01
edge:inheritance:db.NcpSignupChannel->db.SignupChannel	25196.78,13906.21 24092,13922.87
edge:inheritance:db.NewIssueNoticeEmail->db.BulkEmail	12738.76,23254.31 14658.83,16753.57
edge:inheritance:db.NewIssueStockAllocationRecordDateNoticeDocument->db.MeetingDocument	18169.66,25956.19 16442.4,26963.11
edge:inheritance:db.NonUnifiedShareManagementSalesIntent->db.SalesIntent	30157.54,25691.17 32352.31,23708
edge:inheritance:db.NonUnifiedShareSucPoaModusignDocument->db.ModusignDocument	23773.39,21148.89 23063.78,20817.53
edge:inheritance:db.OptionExerciseClaimAttachment->db.FileAttachment	13811.9,17113.99 20162.54,18077.5
edge:inheritance:db.OptionExerciseClaimMeetingDocument->db.MeetingDocument	14495,22057.87 16198.5,26861.99
edge:inheritance:db.OptionExerciseManagementEmail->db.BulkEmail	14835.47,15881.51 14685.69,16615.57
edge:inheritance:db.OptionGrantContractCeo->db.OptionGrantContractStakeholder	19650.32,15116.74 19654.18,15197.33
edge:inheritance:db.OptionGrantContractFirstRefusalRightHolder->db.OptionGrantContractStakeholder	19997.33,15123.24 19733.6,15197.33
edge:inheritance:db.OptionGrantContractModusignDocument->db.ModusignDocument	21365.27,19536.15 22829.39,20671.69
edge:inheritance:db.OptionGrantContractModusignEmbeddedDraft->db.ModusignEmbeddedDraft	21684.85,21435.03 21915.92,21648.72
edge:inheritance:db.OptionGrantEvent->db.Event	15988.65,18459.87 16301.78,16319.06
edge:inheritance:db.OptionGrantee->db.Stakeholder	14854.39,18992.57 11989.61,19118.17
edge:inheritance:db.OtherDocumentArchiveAttachment->db.FileAttachment	19995.64,16500.1 20304.49,17894.96
edge:inheritance:db.PageNumberUpdatedPdfEvent->db.PdfEvent	31547.55,9651.48 31349.49,9614.3
edge:inheritance:db.PayrollStatementEmail->db.BulkEmail	12398.39,17008.13 14546.91,16693.18
edge:inheritance:db.PerformanceRsuVestingItem->db.RsuVestingItem	15446.18,13690.47 15081.39,13718.18
edge:inheritance:db.PeriodPhantomStockVestingItem->db.PhantomStockVestingItem	10821.19,17892.89 10644.74,17534.25
edge:inheritance:db.PeriodRsuVestingItem->db.RsuVestingItem	15418.02,13572.9 15081.39,13685.96
edge:inheritance:db.PeriodicOptionVesting->db.OptionVesting	15206.56,18167.23 15428.03,18056.54
edge:inheritance:db.PhantomStockGrantee->db.Stakeholder	11261.79,18242.7 11758.3,18968.45
edge:inheritance:db.PhantomStockPauseEvent->db.Event	15909.84,15391.65 16254.13,16101.06
edge:inheritance:db.PhantomStockResumeEvent->db.Event	16166.43,15602.44 16302.41,16101.06
edge:inheritance:db.PingpongDeliveryAddress->db.Address	22749.52,13033.72 23218.58,18514.69
edge:inheritance:db.QuarterlyReportRequestAttachment->db.FileAttachment	25776.62,16893.74 20542.54,18050.49
edge:inheritance:db.QuarterlyReportSignupChannel->db.SignupChannel	27096.8,13448.04 24092,13896.56
edge:inheritance:db.QuestionMessageAttachment->db.FileAttachment	21251.9,18032.82 20542.54,18095.24
edge:inheritance:db.RegistrationAssistanceReceipt->db.FileAttachment	21189.54,16311.63 20453.43,17894.96
edge:inheritance:db.RegistrationFormCaptableDocument->db.MeetingDocument	18017.51,25794.28 16442.4,26935.77
edge:inheritance:db.RegularProduct->db.Product	23507.48,10754.32 23609.36,10625.36
edge:inheritance:db.RsuExerciseEvent->db.Event	15805.03,15579.58 16200.33,16101.06
edge:inheritance:db.RsuExerciseManagementEmail->db.BulkEmail	14495.52,16208.6 14549.62,16615.57
edge:inheritance:db.RsuGrantContractModusignDocument->db.ModusignDocument	21275.26,19228.84 22846.42,20671.69
edge:inheritance:db.RsuGrantee->db.Stakeholder	13451.02,16507.17 11918.11,18968.45
edge:inheritance:db.RsuPauseEvent->db.Event	15852.09,16728.16 16178.35,16316.92
edge:inheritance:db.RsuResumeEvent->db.Event	15964.43,16851.11 16267.62,16319.06
edge:inheritance:db.RtccEmail->db.BulkEmail	15057.82,16307.1 14749.39,16615.57
edge:inheritance:db.RtccInvestorFile->db.FileAttachment	18409.79,18045.34 20162.54,18111.19
edge:inheritance:db.SafeCreateEvent->db.Event	17060.16,16882.75 16440.8,16319.06
edge:inheritance:db.SealStampImage->db.FileAttachment	19380.72,16786.58 20193.88,17894.96
edge:inheritance:db.Shareholder->db.Stakeholder	12373.43,23337.47 11844.63,19282.45
edge:inheritance:db.ShareholdersAgreementModusignDocument->db.ModusignDocument	22150.01,20672.32 22791.78,20741.99
edge:inheritance:db.ShareholdersAgreementModusignEmbeddedDraft->db.ModusignEmbeddedDraft	21755.36,22356.24 21861.64,21754.72
edge:inheritance:db.ShareholdersMeetingConvocationNoticeEmail->db.BulkEmail	18254.49,20748 14735.72,16753.57
edge:inheritance:db.ShareholdersMeetingConvocationNoticeEmailAttachment->db.FileAttachment	19868.74,20459.86 20304.59,18328.96
edge:inheritance:db.ShareholdersMeetingConvocationNoticeWrittenRecipient->db.ShareholdersMeetingConvocationNoticeRecipient	20357.15,23743.04 19845.99,21741.09
edge:inheritance:db.StockTransferAgreementModusignDocument->db.ModusignDocument	20358.5,20261.52 22791.78,20725.44
edge:inheritance:db.StockTransferAgreementModusignEmbeddedDraft->db.ModusignEmbeddedDraft	21188.96,21372.81 21886.02,21648.72
edge:inheritance:db.SubscriptionModusignDocumentUsageHistory->db.BaseModusignDocumentUsageHistory	29842.25,12205.87 24257.43,12942.44
edge:inheritance:db.UserProfileImage->db.FileAttachment	20966.36,18336.79 20542.54,18181.55
edge:inheritance:db.VentureCapitalPaymentLink->db.PaymentLink	31491.84,11014.33 25171.96,12071.23
edge:inheritance:db.Whitepaper->db.MembershipContent	4031.79,3539.93 2742.13,1894.78
edge:inheritance:db.YetsAssistanceCreatorUser->db.YetsAssistanceCreator	13248.3,32418.67 13504.96,32221.43
edge:inheritance:db.YetsAssistanceCreatorYetsEmployee->db.YetsAssistanceCreator	10019.77,32227.32 13435.11,32185.86
edge:inheritance:db.YetsAssistanceMessageFile->db.FileAttachment	22805.29,34164.73 20385.79,18328.96
edge:inheritance:db.YetsEmail->db.BulkEmail	10111.31,20565.7 14595.97,16753.57
edge:inheritance:db.YetsEmployeeFile->db.FileAttachment	23219.91,34614.4 20389.64,18328.96
edge:inheritance:db.YetsEmployeeResultWhtReceipt->db.FileAttachment	22264.07,32194.84 20382.78,18328.96
edge:inheritance:db.ZuzuOptionGrantContractTemplate->db.OptionGrantContractTemplate	19890.04,15377.66 19606.5,15391.31
edge:inheritance:db.ZuzuOptionGrantContractTemplateRevision->db.OptionGrantContractTemplateRevision	20286.93,15498.38 20164.52,15949.07
edge:declared:db.AgendaOptionCancelOptionDistribution:option	15476.97,21374.28 15402.74,21263.5
edge:declared:db.BulkEmail:sender_mail_integration	14628.8,16753.57 14563.07,16969.53
edge:declared:db.Company:sso_configuration	16464.82,10834.02 16263.84,10841.58
edge:declared:db.CompanyDocumentAIAnalysis:file	18803.83,15591.64 20219.2,17894.96
edge:declared:db.CompanySsoEmailDomain:configuration	15480.38,10855.83 16015.84,10848.04
edge:declared:db.CompanySsoIdentity:configuration	15467.48,11025.98 16015.84,10879.39
edge:declared:db.HrmAttendanceLocation:attendance_item	8313.58,16469.48 8088.09,17084.62
edge:declared:db.HrmAttendanceLocation:ongoing_attendance	8454.91,16416.33 8687.96,16778.56
edge:declared:db.HrmAttendanceLocation:personal_location	8371.86,16371.48 9107.22,15761.44
edge:declared:db.HrmAttendanceLocation:work_location	8301.63,16371.48 6826.11,14828.26
edge:declared:db.HrmSelectiveWorkPlanConfig:selective_work	5280.94,19367.55 5339.77,19009.09
edge:declared:db.HrmSelectiveWorkPlanItem:plan	6190,16925.6 6154.72,16993.85
edge:declared:db.HrmSelectiveWorkSchedule:selective_work	5521.23,19144.74 5390.51,19009.09
edge:declared:db.HrmSelectiveWorkSettlementConfig:selective_work	4825.76,19367.55 5289,19009.09
edge:declared:db.HrmSlackChannelConfig:integration	3127.91,15639.37 3123.58,15895.34
edge:declared:db.HrmSlackIntegration:hrm	3145.67,15895.34 3459.85,15383.76
edge:declared:db.IaPartnerWithdrawalEvent:partner	35526.65,17519.1 35525.67,17840.55
edge:declared:db.IncorporationRequestPromoterCustodian:address	22646.3,17949.6 23140.76,18514.69
edge:declared:db.OptionExerciseManagementCommonSetting:management	14994.37,15558.94 14684.63,15269.41
edge:declared:db.OptionExerciseManagementPaymentBankSetting:company	15453.39,11163.48 16464.82,10880.11
edge:declared:db.RsuRsaSealedContractFile:grant_contract	16171.34,13602.74 16290.48,13662.34
edge:declared:db.RtccConsentSummary:source_result	14579,8672.13 14722.35,7287.19
edge:declared:db.RtccSummaryAnalysisRequestDocument:request	15201.48,8079.49 14786.22,6859.17
edge:declared:db.RtccSummaryAnalysisResult:request	14730.97,7205.19 14767.89,6859.17
edge:declared:db.RtccSummaryAnalysisResultDocument:result	15069.36,8311.52 14739.78,7287.19
edge:inheritance:db.HrmAttendanceLocation->db.HrmApprovable	8206.91,16449.43 6122.46,17334.76
edge:inheritance:db.HrmPersonalLocation->db.HrmApprovable	9049.25,15761.44 6102.54,17314.71
edge:inheritance:db.HrmSelectiveWork->db.HrmWorkBase	5335.76,18919.09 5290.31,18739.52
edge:inheritance:db.HrmSelectiveWorkPlan->db.HrmApprovable	6120.22,17075.85 6014.37,17314.71
edge:inheritance:db.RsaForfeitEvent->db.Event	15989.92,16207.29 16178.35,16202.58
edge:inheritance:db.RsaVestConfirmEvent->db.Event	16600.73,15828.01 16411.24,16101.06
leaf-connection:["db.MeetingDraft","leaf-card:29"]	17747.82,19957.87 17198.79,20501.64
leaf-connection:["db.RegistrationAgenda","leaf-card:43"]	14147.88,22215.42 14082.36,22204.14
leaf-connection:["db.DirectorsMeetingAgenda","leaf-card:32"]	16028.55,21265.21 14594.74,22711.74
leaf-connection:["db.ShareholdersMeetingAgenda","leaf-card:31"]	17793.06,21756.78 18178.69,22342.43
leaf-connection:["db.Company","leaf-card:9"]	22991.64,7550.45 16844.82,10728.64
leaf-connection:["db.CompanyPromotionPrizeType","leaf-card:0"]	14996.2,5303.59 16153.25,5556.94
leaf-connection:["db.AgendaNewIssue","leaf-card:21"]	17977.69,24695.3 16852.87,22833.42
leaf-connection:["db.BranchInstallationEvent","leaf-card:13"]	18860,17701.88 18830.61,17822.03
leaf-connection:["db.BulkEmailRecipientAttachment","leaf-card:14"]	18986.8,18698.71 19672.13,18580.6
leaf-connection:["db.VentureBusinessCertificationExpirationNotificationLog","leaf-card:42"]	18352.23,14649.83 18449.81,14530.43
leaf-connection:["db.Event","leaf-card:46"]	15847.81,15250.18 16269.07,16101.06
leaf-connection:["db.VentureCapital","leaf-card:39"]	28392.6,6047.61 34062.21,10663.78
leaf-connection:["db.ArticlesOfIncorporation","leaf-card:36"]	17446.03,14170.16 17526.02,14273.59
leaf-connection:["db.AgendaNewIssueItem","leaf-card:22"]	18662.27,26543.56 18821.41,26535.3
leaf-connection:["db.DirectorsMeetingDirectorAttendance","leaf-card:48"]	15767.36,20675.36 15735.54,20586.34
leaf-connection:["db.Employee","leaf-card:15"]	12986.28,12685.45 10784.53,13877.5
leaf-connection:["db.SealCardReturnStatusHistory","leaf-card:16"]	3730.13,7744.64 3705.36,7652.35
leaf-connection:["db.HrmEmpStatusEventBase","leaf-card:20"]	8370.84,15420.85 8295.88,15015
leaf-connection:["db.Hrm","leaf-card:5"]	3350.03,14755.02 3489.66,15101.76
leaf-connection:["db.HrmEmpJob","leaf-card:19"]	5712.59,15930.1 5461.69,15855.37
leaf-connection:["db.HrmLeaveBase","leaf-card:6"]	5927.95,21103.09 6271.51,21108.29
leaf-connection:["db.IaConsentForm","leaf-card:25"]	33493.44,18211.21 33003.67,18230.91
leaf-connection:["db.IaSealStampImage","leaf-card:24"]	21594.22,18188.18 22223.38,18194.15
leaf-connection:["db.IaUserInvitation","leaf-card:23"]	31170.21,16131.7 31465.54,16742.84
leaf-connection:["db.IaPartnerDataCollection","leaf-card:10"]	24388.49,17390.66 25320.78,17226.73
leaf-connection:["db.InvestmentAssociationIndividualPartnerLegalRepresentative","leaf-card:26"]	33498.28,16382.36 33333,16406.6
leaf-connection:["db.ImContactRequestIntention","leaf-card:28"]	28144.26,9500.98 28323.84,9672.18
leaf-connection:["db.InvestorMatching","leaf-card:27"]	27342.11,9830.93 26650.73,9085.81
leaf-connection:["db.AgendaDirectorChange","leaf-card:45"]	13943.44,22724.52 14446.24,22523.29
leaf-connection:["db.IncorporationRequest","leaf-card:33"]	21632.75,15150.34 21509.61,15163.24
leaf-connection:["db.IncorporationRequestPromoterCustodian","leaf-card:11"]	22535.69,17875.6 22225.75,17660.44
leaf-connection:["db.IndividualInvestorCompanyCeo","leaf-card:12"]	25859.93,22363.18 25703.21,22572.65
leaf-connection:["db.IndividualInvestorCompany","leaf-card:34"]	29214.3,26459.12 29588.88,26204.41
leaf-connection:["db.IrAlertInvestorRelations","leaf-card:47"]	31173.67,6946.06 31917.79,7753.4
leaf-connection:["db.InvestorRelations","leaf-card:4"]	29607.92,4966.79 28502.27,4924.87
leaf-connection:["db.Stakeholder","leaf-card:35"]	10774.39,23481.19 11782.06,19282.45
leaf-connection:["db.LegalPartner","leaf-card:3"]	22143.59,14337.46 21981.11,14053.01
leaf-connection:["db.MeetingDocument","leaf-card:7"]	18377.37,27760.67 16442.4,27118.1
leaf-connection:["db.MembershipContent","leaf-card:2"]	2550,1515.04 2685.76,1804.78
leaf-connection:["db.Event","leaf-card:8"]	16376.1,12577.61 16330.16,16101.06
leaf-connection:["db.PhantomStockVestingItem","leaf-card:41"]	10669.43,17327.68 10635.68,17452.25
leaf-connection:["db.QuestionThreadMessage","leaf-card:1"]	24301.46,9849.52 23544.01,9792.44
leaf-connection:["db.AgendaHeadOfficeRelocation","leaf-card:17"]	19887.93,24063.61 18536.71,21994.79
leaf-connection:["db.RsuVestingItem","leaf-card:40"]	14855.48,13415.18 14918.76,13682.6
leaf-connection:["db.SecondaryDeal","leaf-card:18"]	34998.6,3089.37 34848.53,2992.48
leaf-connection:["db.ShareholdersMeetingAgenda","leaf-card:30"]	17631.81,22136.9 17673.54,21756.78
leaf-connection:["db.ShareholdersMeetingShareholderAttendance","leaf-card:44"]	17328.52,24116.43 17475.91,24109.95
leaf-connection:["db.Subscription","leaf-card:37"]	21081.34,9376.78 19963.13,9821.01
leaf-connection:["db.VideoCollection","leaf-card:38"]	18748.21,7846.43 18791.28,7312.64
