db.Address	180	76	0	0	db
db.AgendaAuthorizedSharesChange	320	76	0	0	db
db.AgendaBonusIssue	216	76	0	0	db
db.AgendaBonusIssueNewIssueBalanceCertificateFile	360	76	0	0	db
db.AgendaBonusIssueNewIssueMinutesFile	360	76	0	0	db
db.AgendaBonusIssueSharesToIssue	344	76	0	0	db
db.AgendaBorrowCapital	240	76	0	0	db
db.AgendaBranchChange	232	76	0	0	db
db.AgendaCashDividends	240	76	0	0	db
db.AgendaCeoAddressChange	272	76	0	0	db
db.AgendaCeoAddressChangeItem	312	76	0	0	db
db.AgendaChangeOfAoiClassStock	328	76	0	0	db
db.AgendaChangeOfAoiCustom	288	76	0	0	db
db.AgendaChangeOfAoiDirectorCompensationRule	360	76	0	0	db
db.AgendaChangeOfAoiNumberOfDirectors	360	76	0	0	db
db.AgendaChangeOfAoiThirdPartyAllocation	360	76	0	0	db
db.AgendaChangeOfArticlesOfIncorporation	360	76	0	0	db
db.AgendaCoCeoSystemChange	288	76	0	0	db
db.AgendaCompanyNameChange	280	76	0	0	db
db.AgendaCustom	180	76	0	0	db
db.AgendaDirectorChange	248	76	0	0	db
db.AgendaDirectorCompensation	296	76	0	0	db
db.AgendaDirectorCompensationItem	336	76	0	0	db
db.AgendaDirectorCompensationRule	336	76	0	0	db
db.AgendaFinancialStatements	288	76	0	0	db
db.AgendaHeadOfficeRelocation	304	76	0	0	db
db.AgendaHeadOfficeRelocationAoiChange	360	76	0	0	db
db.AgendaMethodOfGivingPublicNoticeChange	360	76	0	0	db
db.AgendaNewIssue	200	76	0	0	db
db.AgendaNewIssueItem	240	76	0	0	db
db.AgendaNewIssueItemFromConversion	360	76	0	0	db
db.AgendaNewIssueItemFromPayment	344	76	0	0	db
db.AgendaNewIssueItemInstitutionMember	360	76	0	0	db
db.AgendaNewIssueItemInstitutionMemberCeo	360	76	0	0	db
db.AgendaNewIssueItemShareClass	336	76	0	0	db
db.AgendaNewIssueItemShareholder	336	76	0	0	db
db.AgendaNewIssueNewShareClass	328	76	0	0	db
db.AgendaNewOptionsRule	256	76	0	0	db
db.AgendaNewOrChangeRsuRule	304	76	0	0	db
db.AgendaOptionCancel	232	76	0	0	db
db.AgendaOptionCancelGrantee	296	76	0	0	db
db.AgendaOptionCancelOption	288	76	0	0	db
db.AgendaOptionExercise	248	76	0	0	db
db.AgendaOptionExerciseClaim	296	76	0	0	db
db.AgendaOptionExerciseGrantee	312	76	0	0	db
db.AgendaOptionExerciseGranteeOption	360	76	0	0	db
db.AgendaOptionGrant	224	76	0	0	db
db.AgendaOptionGrantGrantee	288	76	0	0	db
db.AgendaPurposeChange	240	76	0	0	db
db.AgendaPurposeChangeItem	280	76	0	0	db
db.AgendaRsuGrant	200	76	0	0	db
db.AgendaRsuGrantGrantee	264	76	0	0	db
db.AgendaShareholdersMeetingConvocation	360	76	0	0	db
db.AgendaSubsidiaryEstablishment	320	76	0	0	db
db.AgendaTemplate	192	76	0	0	db
db.AiAnalysisFeedback	232	76	0	0	db
db.AiPayrollLedger	208	76	0	0	db
db.AlimtalkActivity	208	76	0	0	db
db.AlimtalkActivityRecipient	288	76	0	0	db
db.AlimtalkActivityRecipientStatusHistory	360	76	0	0	db
db.AllocatedSeat	184	76	0	0	db
db.Announcement	180	76	0	0	db
db.AnnualSalary	180	76	0	0	db
db.AppCard	180	76	0	0	db
db.AppointedDirectorCertificateOfSealDocument	360	76	0	0	db
db.AppointedDirectorResidentRegistrationDocument	360	76	0	0	db
db.Article	180	76	0	0	db
db.ArticlePublishHistory	256	76	0	0	db
db.ArticlesOfIncorporation	272	76	0	0	db
db.ArticlesOfIncorporationAfterChangeDocument	360	76	0	0	db
db.ArticlesOfIncorporationAnalyzationRequest	360	76	0	0	db
db.ArticlesOfIncorporationAnalyzationResult	360	76	0	0	db
db.ArticlesOfIncorporationBeforeChangeDocument	360	76	0	0	db
db.ArticlesOfIncorporationDocument	360	76	0	0	db
db.ArticlesOfIncorporationInputterMemo	360	76	0	0	db
db.AuditLog	180	76	0	0	db
db.AuditReportDocument	304	76	0	0	db
db.AvailableModusignRequest	280	76	0	0	db
db.BalanceCertificateDocument	360	76	0	0	db
db.BaseModusignDocumentUsageHistory	360	76	0	0	db
db.Basket	180	76	0	0	db
db.BeforeunloadPdfEvent	248	76	0	0	db
db.BigNumberValueWithVisibility	328	76	0	0	db
db.BonusIssueEvent	208	76	0	0	db
db.BranchAbolitionEvent	248	76	0	0	db
db.BranchChangeEvent	224	76	0	0	db
db.BranchInstallationEvent	272	76	0	0	db
db.BulkEmail	180	76	0	0	db
db.BulkEmailCommonAttachment	296	76	0	0	db
db.BulkEmailRecipient	232	76	0	0	db
db.BulkEmailRecipientAttachment	320	76	0	0	db
db.BulkEmailTemplate	224	76	0	0	db
db.BulkEmailTemplateRevision	296	76	0	0	db
db.BusinessPlan	180	76	0	0	db
db.BusinessPlanAiAnalysis	272	76	0	0	db
db.BusinessPlanAiAnalysisItem	312	76	0	0	db
db.BusinessPlanAiAnalysisItemImprovement	360	76	0	0	db
db.BusinessPlanAiReview	256	76	0	0	db
db.BusinessRegistrationCertificate	336	76	0	0	db
db.CalendarEvent	184	76	0	0	db
db.CapitalChangeEvent	232	76	0	0	db
db.CapitalReductionEvent	256	76	0	0	db
db.CaptableAfterNewIssueDocument	360	76	0	0	db
db.CaptableAtRecordDateDocument	360	76	0	0	db
db.CaptableBeforeNewIssueDocument	360	76	0	0	db
db.CaptableRequest	200	76	0	0	db
db.CashIncentive	184	76	0	0	db
db.CashIncentiveCategory	256	76	0	0	db
db.CashIncentiveItem	224	76	0	0	db
db.CashPayment	180	76	0	0	db
db.CeoAddressChangeEvent	264	76	0	0	db
db.CeoConfirmationDocument	336	76	0	0	db
db.CeoTypeChangedCeoResidentRegistrationDocument	360	76	0	0	db
db.CertificateOfCorporateSealDocument	360	76	0	0	db
db.CertificateOfSealNotarizationPoaDocument	360	76	0	0	db
db.Charge	180	76	0	0	db
db.CmeBulkEmail	184	76	0	0	db
db.CmeBulkEmailRecipient	264	76	0	0	db
db.CmeBulkEmailTemplate	256	76	0	0	db
db.CmeCompany	180	76	0	0	db
db.CmeCompanyContact	224	76	0	0	db
db.CmeCompanyContactNotificationSettings	360	76	0	0	db
db.CmeCompanyDirectorTermManagement	360	76	0	0	db
db.CmeCompanyNote	200	76	0	0	db
db.CmeCompanyRegistration	264	76	0	0	db
db.CmeCompanyRegistrationFile	304	76	0	0	db
db.CmeContact	180	76	0	0	db
db.CmeMemberRelation	224	76	0	0	db
db.CoCeoSystemChangeEvent	280	76	0	0	db
db.CommonAddress	180	76	0	0	db
db.Company	180	76	0	0	db
db.CompanyAddressChangeEvent	296	76	0	0	db
db.CompanyAppointedTransferAgentChange	360	76	0	0	db
db.CompanyAuthorizedSharesChange	328	76	0	0	db
db.CompanyBenefit	192	76	0	0	db
db.CompanyBulkEmailTemplate	288	76	0	0	db
db.CompanyCreateAssignmentReadiness	352	76	0	0	db
db.CompanyCreateProgress	256	76	0	0	db
db.CompanyCreateRequest	248	76	0	0	db
db.CompanyDepartment	232	76	0	0	db
db.CompanyDepartmentCode	264	76	0	0	db
db.CompanyDocumentDelivery	272	76	0	0	db
db.CompanyEndorsement	224	76	0	0	db
db.CompanyEndorsementFeed	264	76	0	0	db
db.CompanyExpertClientRelation	312	76	0	0	db
db.CompanyFeed	180	76	0	0	db
db.CompanyFeedAccessLog	256	76	0	0	db
db.CompanyFeedRating	224	76	0	0	db
db.CompanyGuideState	216	76	0	0	db
db.CompanyInvestmentContractInfo	328	76	0	0	db
db.CompanyInvestorInterest	272	76	0	0	db
db.CompanyInvitation	216	76	0	0	db
db.CompanyIrClosingFeed	256	76	0	0	db
db.CompanyIrNewCommitFeed	280	76	0	0	db
db.CompanyIrOpenFeed	232	76	0	0	db
db.CompanyIrSetting	216	76	0	0	db
db.CompanyLegalPartnerRelation	312	76	0	0	db
db.CompanyManagementAssignment	352	76	0	0	db
db.CompanyManagingEntity	256	76	0	0	db
db.CompanyMethodOfGivingPublicNoticeChange	360	76	0	0	db
db.CompanyMnaSetting	224	76	0	0	db
db.CompanyNameChange	224	76	0	0	db
db.CompanyNews	180	76	0	0	db
db.CompanyNewsFeed	208	76	0	0	db
db.CompanyNewsLink	208	76	0	0	db
db.CompanyNotificationSetting	296	76	0	0	db
db.CompanyNotificationTrigger	296	76	0	0	db
db.CompanyOptionRule	232	76	0	0	db
db.CompanyOverview	200	76	0	0	db
db.CompanyOwnerAddRequest	272	76	0	0	db
db.CompanyOwnerAuditLog	256	76	0	0	db
db.CompanyOwnerAuditLogOwnerRoleRelation	360	76	0	0	db
db.CompanyOwnerNotificationTrigger	344	76	0	0	db
db.CompanyParValueChange	240	76	0	0	db
db.CompanyPaymentLink	232	76	0	0	db
db.CompanyPolicyFile	224	76	0	0	db
db.CompanyProfileAccessLog	280	76	0	0	db
db.CompanyPromotionInfo	248	76	0	0	db
db.CompanyPromotionPrizeType	296	76	0	0	db
db.CompanyPromotionWinLog	272	76	0	0	db
db.CompanyPurposeChange	248	76	0	0	db
db.CompanyPurposeChangeItem	288	76	0	0	db
db.CompanyQuestionThread	256	76	0	0	db
db.CompanyRegistrationAssignment	320	76	0	0	db
db.CompanyRegistrationAssignmentLog	352	76	0	0	db
db.CompanyRegistrationStaffStatus	336	76	0	0	db
db.CompanyRsuRule	200	76	0	0	db
db.CompanyStockTransferRestrictedChange	360	76	0	0	db
db.CompanyStockValue	224	76	0	0	db
db.CompanyTag	180	76	0	0	db
db.CompanyTanTableView	248	76	0	0	db
db.CompanyTodo	180	76	0	0	db
db.CompanyUpdateRequest	256	76	0	0	db
db.CompanyUserRelation	240	76	0	0	db
db.CompanyUserRelationOwnerRoleRelation	360	76	0	0	db
db.ConsentForm	180	76	0	0	db
db.ConsentFormItem	208	76	0	0	db
db.ConsentFormModusignDocument	312	76	0	0	db
db.ConsentFormModusignEmbeddedDraft	360	76	0	0	db
db.ConsentFormOptionItem	264	76	0	0	db
db.CorporateRegistration	248	76	0	0	db
db.CorporateRegistrationChangeConfirmation	360	76	0	0	db
db.CorporateRegistrationChangeDetection	360	76	0	0	db
db.CorporateRegistrationChangeDetectionParseResult	360	76	0	0	db
db.CorporateRegistrationDocument	360	76	0	0	db
db.CorporateRegistrationExtractionLog	360	76	0	0	db
db.CorporateRegistrationIssueCoupon	352	76	0	0	db
db.CorporateRegistrationIssueCouponIssueLog	360	76	0	0	db
db.CorporateRegistrationIssueCouponUseRequest	360	76	0	0	db
db.CorporateRegistrationIssueCouponUseResult	360	76	0	0	db
db.CorporateRegistrationIssueLog	328	76	0	0	db
db.CorporateRegistrationIssueMaintenance	360	76	0	0	db
db.CorporateRegistrationIssueRequest	360	76	0	0	db
db.CorporateRegistrationPaidIssue	336	76	0	0	db
db.CorporationPostRegistrationEmail	352	76	0	0	db
db.CorporationPostRegistrationScheduledEmail	360	76	0	0	db
db.CorporationPostRegistrationScheduledEmailPeriodicTaskRelation	360	76	0	0	db
db.Credit	180	76	0	0	db
db.CreditCard	180	76	0	0	db
db.CreditUse	180	76	0	0	db
db.CsAgentResponse	208	76	0	0	db
db.CsAgentResponseFeedBack	280	76	0	0	db
db.CustomOptionGrantContractTemplate	360	76	0	0	db
db.CustomOptionGrantContractTemplateRevision	360	76	0	0	db
db.DailyNewspaper	192	76	0	0	db
db.DataPortalAddressInformationCache	360	76	0	0	db
db.DebtConfirmationAndOffsetContractDocument	360	76	0	0	db
db.DemoCompanyCreationLog	272	76	0	0	db
db.Department	180	76	0	0	db
db.DepartmentStaffUserRelation	288	76	0	0	db
db.Director	180	76	0	0	db
db.DirectorAppointmentEvent	280	76	0	0	db
db.DirectorCompensationDecisionEvent	360	76	0	0	db
db.DirectorCompensationLimitEvent	336	76	0	0	db
db.DirectorDecisionDocument	344	76	0	0	db
db.DirectorResidentRegistrationWithAddressChangeHistoryDocument	360	76	0	0	db
db.DirectorTermEndEvent	256	76	0	0	db
db.DirectorVote	180	76	0	0	db
db.DirectorVotingRightsPerAgenda	336	76	0	0	db
db.DirectorsMeeting	208	76	0	0	db
db.DirectorsMeetingAgenda	264	76	0	0	db
db.DirectorsMeetingDirectorAttendance	360	76	0	0	db
db.DirectorsMeetingMinutesDocument	360	76	0	0	db
db.DirectorsMeetingNoticeDocument	360	76	0	0	db
db.DirectorsMeetingNoticeEmail	312	76	0	0	db
db.DirectorsMeetingNoticeEmailRecipient	360	76	0	0	db
db.DirectorsMeetingSkipNoticeDocument	360	76	0	0	db
db.DivaFund	180	76	0	0	db
db.DocumentDelivery	208	76	0	0	db
db.DocumentDeliveryQuestionThreadRelation	360	76	0	0	db
db.DocumentLoadedPdfEvent	272	76	0	0	db
db.DocumentParseResult	240	76	0	0	db
db.DormantConversionNotifiedActivity	360	76	0	0	db
db.DormantUser	180	76	0	0	db
db.DormantUserEmail	216	76	0	0	db
db.DormantUserPhone	216	76	0	0	db
db.DormantUserReactivationToken	320	76	0	0	db
db.ESOP	180	76	0	0	db
db.ESOPParticipant	200	76	0	0	db
db.EditableCompanyOwnerAuditLog	328	76	0	0	db
db.ElectronicCertificate	248	76	0	0	db
db.ElectronicCertificateApplicationFormDocument	360	76	0	0	db
db.ElectronicCertificateCaseReportDocument	360	76	0	0	db
db.ElectronicCertificateFileDownloadHistory	360	76	0	0	db
db.ElectronicCertificateFileUploadRequest	360	76	0	0	db
db.ElectronicCertificateFileUploaded	360	76	0	0	db
db.ElectronicCertificateReturnRequest	360	76	0	0	db
db.Email	180	76	0	0	db
db.EmailActivity	184	76	0	0	db
db.EmailActivityRecipient	264	76	0	0	db
db.EmailActivityRecipientStatusHistory	360	76	0	0	db
db.EmailVerification	216	76	0	0	db
db.Employee	180	76	0	0	db
db.EmployeeDepartmentCodeRelation	336	76	0	0	db
db.EmployeeGroup	184	76	0	0	db
db.EmployeeNumber	192	76	0	0	db
db.EmployeeOption	192	76	0	0	db
db.EmployeeOptionExerciseCandidate	344	76	0	0	db
db.EmployeeOptionExerciseCandidateFile	360	76	0	0	db
db.EmployeeOptionExerciseClaim	312	76	0	0	db
db.EmployeeOptionExerciseClaimOption	360	76	0	0	db
db.EmployeeOptionExerciseEvent	312	76	0	0	db
db.EmployeeOptionExerciseManagement	352	76	0	0	db
db.EmployeeOptionExerciseManagementEmail	360	76	0	0	db
db.EmployeeOptionGrantee	256	76	0	0	db
db.EmployeeOptionVesting	256	76	0	0	db
db.EmployeeOptionVestingItem	296	76	0	0	db
db.EmployeeOptionVestingTraceable	336	76	0	0	db
db.EmployeeStock	184	76	0	0	db
db.EmployeeStockDepositEvent	296	76	0	0	db
db.EmployeeStockGuide	232	76	0	0	db
db.EmployeeStockGuideAudience	304	76	0	0	db
db.EmployeeStockGuideEmail	280	76	0	0	db
db.EmployeeStockTag	216	76	0	0	db
db.EmployeeStockTagCategory	288	76	0	0	db
db.EmployeeStockWithdrawEvent	304	76	0	0	db
db.EmployeeStockWithdrawRequest	320	76	0	0	db
db.EmploymentCertificateDocumentRequest	360	76	0	0	db
db.EmploymentStatusHistory	272	76	0	0	db
db.Event	180	76	0	0	db
db.EventAttachment	200	76	0	0	db
db.ExpertClient	180	76	0	0	db
db.ExpertClientIncorporationSupport	352	76	0	0	db
db.ExpertClientSignupChannel	296	76	0	0	db
db.ExpertClientTaxServiceSettings	344	76	0	0	db
db.ExpressDelivery1	208	76	0	0	db
db.ExternalStockInfo	224	76	0	0	db
db.FABContent	180	76	0	0	db
db.Faq	180	76	0	0	db
db.FaqLink	180	76	0	0	db
db.FeeReceiptDocument	296	76	0	0	db
db.Feed	180	76	0	0	db
db.FileAttachment	192	76	0	0	db
db.FileValueWithVisibility	280	76	0	0	db
db.FinanceAndInsurance	240	76	0	0	db
db.FinancialAccount	208	76	0	0	db
db.FinancialInstitution	240	76	0	0	db
db.FinancialStatementsDocument	360	76	0	0	db
db.FinancialStatementsForNewIssueFromConversionDocument	360	76	0	0	db
db.Fund	180	76	0	0	db
db.FundPartner	180	76	0	0	db
db.FundingNewsDistributionServiceRequest	360	76	0	0	db
db.HelpTemplate	180	76	0	0	db
db.HoldingCompany	192	76	0	0	db
db.Holiday	180	76	0	0	db
db.Hrm	180	76	0	0	db
db.HrmAnnualLeave	200	76	0	0	db
db.HrmAnnualLeaveAdjustment	288	76	0	0	db
db.HrmAnnualLeaveConfigBase	296	76	0	0	db
db.HrmAnnualLeaveFiscalBasedConfig	360	76	0	0	db
db.HrmAnnualLeaveHireBasedConfig	344	76	0	0	db
db.HrmApprovable	184	76	0	0	db
db.HrmApproval	180	76	0	0	db
db.HrmApprovalLine	208	76	0	0	db
db.HrmApprovalReview	224	76	0	0	db
db.HrmApprovalTemplate	240	76	0	0	db
db.HrmApprovalTemplateLine	280	76	0	0	db
db.HrmApprovalTemplateReview	296	76	0	0	db
db.HrmApprover	180	76	0	0	db
db.HrmAttendance	184	76	0	0	db
db.HrmAttendanceItem	224	76	0	0	db
db.HrmCertificateConfig	248	76	0	0	db
db.HrmCertificateConfigIndividualApprovalTemplateRelation	360	76	0	0	db
db.HrmCertificateIssue	240	76	0	0	db
db.HrmCompensatoryLeave	248	76	0	0	db
db.HrmConciergeRequest	240	76	0	0	db
db.HrmCustomLeave	200	76	0	0	db
db.HrmDailyLeaveUsageItem	280	76	0	0	db
db.HrmDept	180	76	0	0	db
db.HrmDeptAbolishedEvent	264	76	0	0	db
db.HrmDeptCreatedEvent	248	76	0	0	db
db.HrmDeptEventBase	224	76	0	0	db
db.HrmDeptName	180	76	0	0	db
db.HrmDeptNameChangedEvent	288	76	0	0	db
db.HrmDeptNameEventBase	264	76	0	0	db
db.HrmDeptParent	192	76	0	0	db
db.HrmDeptParentChangedEvent	304	76	0	0	db
db.HrmDeptParentEventBase	280	76	0	0	db
db.HrmDeptReorg	184	76	0	0	db
db.HrmDeptStatus	192	76	0	0	db
db.HrmDeptStatusEventBase	280	76	0	0	db
db.HrmDocument	180	76	0	0	db
db.HrmDocumentDraft	216	76	0	0	db
db.HrmDocumentDraftFieldAttachment	352	76	0	0	db
db.HrmDocumentDraftFieldMultiSelectValue	360	76	0	0	db
db.HrmDocumentDraftFieldValue	312	76	0	0	db
db.HrmDocumentFieldAttachment	304	76	0	0	db
db.HrmDocumentFieldMultiSelectValue	360	76	0	0	db
db.HrmDocumentFieldValue	264	76	0	0	db
db.HrmDocumentForm	208	76	0	0	db
db.HrmDocumentFormFieldDefinition	344	76	0	0	db
db.HrmDocumentFormFieldSelectOption	360	76	0	0	db
db.HrmDocumentFormIndividualApprovalTemplateRelation	360	76	0	0	db
db.HrmEmp	180	76	0	0	db
db.HrmEmpAbsenceEvent	240	76	0	0	db
db.HrmEmpAffiliation	224	76	0	0	db
db.HrmEmpAffiliationChangedEvent	336	76	0	0	db
db.HrmEmpAffiliationDept	264	76	0	0	db
db.HrmEmpAffiliationEventBase	312	76	0	0	db
db.HrmEmpContract	200	76	0	0	db
db.HrmEmpContractCommonVar	288	76	0	0	db
db.HrmEmpContractMgmt	240	76	0	0	db
db.HrmEmpContractModusignDocument	344	76	0	0	db
db.HrmEmpContractTemplate	272	76	0	0	db
db.HrmEmpContractTemplateRevision	344	76	0	0	db
db.HrmEmpContractTemplateRevisionSigner	360	76	0	0	db
db.HrmEmpDepartedEvent	248	76	0	0	db
db.HrmEmpEmploymentType	256	76	0	0	db
db.HrmEmpEmploymentTypeChangedEvent	360	76	0	0	db
db.HrmEmpEmploymentTypeEventBase	344	76	0	0	db
db.HrmEmpEventBase	216	76	0	0	db
db.HrmEmpJob	180	76	0	0	db
db.HrmEmpJobChangedEvent	272	76	0	0	db
db.HrmEmpJobEventBase	248	76	0	0	db
db.HrmEmpJobLevel	208	76	0	0	db
db.HrmEmpJobPosition	232	76	0	0	db
db.HrmEmpJobRole	200	76	0	0	db
db.HrmEmpJobTitle	208	76	0	0	db
db.HrmEmpJoinedEvent	232	76	0	0	db
db.HrmEmpMov	180	76	0	0	db
db.HrmEmpReturnToWorkEvent	296	76	0	0	db
db.HrmEmpStatus	184	76	0	0	db
db.HrmEmpStatusEventBase	272	76	0	0	db
db.HrmEmpUserInvitation	256	76	0	0	db
db.HrmEmpUserInvitationInvitee	320	76	0	0	db
db.HrmEmpWorkAssignment	256	76	0	0	db
db.HrmFamilyCareLeave	240	76	0	0	db
db.HrmFixedWork	184	76	0	0	db
db.HrmFixedWorkSchedule	256	76	0	0	db
db.HrmGrantableLeave	224	76	0	0	db
db.HrmHourlyLeaveUsageItem	288	76	0	0	db
db.HrmInfertilityTreatmentLeave	320	76	0	0	db
db.HrmLeaveBase	184	76	0	0	db
db.HrmLeaveCommonConfig	256	76	0	0	db
db.HrmLeaveGrant	192	76	0	0	db
db.HrmLeaveIndividualApprovalTemplateRelation	360	76	0	0	db
db.HrmLeaveUsage	192	76	0	0	db
db.HrmLeaveUsageAttachment	280	76	0	0	db
db.HrmLeaveUsageItemBase	272	76	0	0	db
db.HrmMaternityLeave	224	76	0	0	db
db.HrmMenstrualLeave	224	76	0	0	db
db.HrmMiscarriageLeave	240	76	0	0	db
db.HrmOngoingAttendance	248	76	0	0	db
db.HrmOngoingAttendanceClockedSchedule	360	76	0	0	db
db.HrmPaternityLeave	224	76	0	0	db
db.HrmRequestor	180	76	0	0	db
db.HrmReserveTrainingLeave	280	76	0	0	db
db.HrmSigner	180	76	0	0	db
db.HrmStaffNote	184	76	0	0	db
db.HrmStaggeredWork	216	76	0	0	db
db.HrmStaggeredWorkSchedule	288	76	0	0	db
db.HrmTag	180	76	0	0	db
db.HrmWorkAutoClockOutConfig	312	76	0	0	db
db.HrmWorkBase	180	76	0	0	db
db.HrmWorkIndividualApprovalTemplateRelation	360	76	0	0	db
db.HrmWorkOvertime	208	76	0	0	db
db.IBKSignupChannel	216	76	0	0	db
db.IBKUser	180	76	0	0	db
db.IBKUserLoginToken	232	76	0	0	db
db.IaAccountInfo	192	76	0	0	db
db.IaCertificateOfInvestmentDocument	360	76	0	0	db
db.IaCertificateOfInvestmentDocumentEmail	360	76	0	0	db
db.IaCertificateOfInvestmentDocumentRecipient	360	76	0	0	db
db.IaConfirmationRequest	360	76	0	0	db
db.IaConsentForm	352	76	0	0	db
db.IaConsentFormDocument	360	76	0	0	db
db.IaConsentFormOrMeeting	360	76	0	0	db
db.IaConsentFormOrMeetingDocumentGeneration	360	76	0	0	db
db.IaConsentFormOrMeetingDocumentGenerationItem	360	76	0	0	db
db.IaConsentFormOrMeetingElectronicSignatureRequest	360	76	0	0	db
db.IaConsentFormOrMeetingElectronicSignatureRequestModusignDocument	360	76	0	0	db
db.IaConsentFormOrMeetingElectronicSignatureRequestModusignEmbeddedDraft	360	76	0	0	db
db.IaConsentFormOrMeetingElectronicSignatureRequestStatusHistory	360	76	0	0	db
db.IaConsentFormOrMeetingElectronicSignatureRequestUploadedModusignDocument	360	76	0	0	db
db.IaConsentFormOrMeetingElectronicSignatureRequiredDocument	360	76	0	0	db
db.IaConsentFormOrMeetingEsigRequiredDocumentPageRange	360	76	0	0	db
db.IaConsentFormOrMeetingGuideEmail	360	76	0	0	db
db.IaConsentFormOrMeetingGuideEmailRecipient	360	76	0	0	db
db.IaDocumentArchive	224	76	0	0	db
db.IaDocumentArchiveAttachment	312	76	0	0	db
db.IaExpertPartnerBulkEmailTemplate	360	76	0	0	db
db.IaExplanationFormForElectronicSignatureDocument	360	76	0	0	db
db.IaFoundingMeetingEvent	272	76	0	0	db
db.IaFoundingProgressStatus	288	76	0	0	db
db.IaGpAppointmentEvent	256	76	0	0	db
db.IaGpTerminationEvent	256	76	0	0	db
db.IaInvestmentCertificateRegistrationRequest	360	76	0	0	db
db.IaLegalPartnerRelation	272	76	0	0	db
db.IaMeeting	312	76	0	0	db
db.IaMeetingAgenda	360	76	0	0	db
db.IaMeetingAgendaCustom	360	76	0	0	db
db.IaMeetingAgendaVote	360	76	0	0	db
db.IaMeetingConvocationNoticeEmail	352	76	0	0	db
db.IaMeetingConvocationNoticeRecipient	360	76	0	0	db
db.IaMeetingMinutesDocument	360	76	0	0	db
db.IaMeetingNoticeDocument	360	76	0	0	db
db.IaMeetingSealedNoticeDocumentFile	360	76	0	0	db
db.IaMeetingShortenPeriodDocument	360	76	0	0	db
db.IaModusignDocumentUsageHistory	344	76	0	0	db
db.IaOperation	180	76	0	0	db
db.IaOperationManagement	256	76	0	0	db
db.IaOwner	296	76	0	0	db
db.IaOwnerAuditLog	216	76	0	0	db
db.IaPartnerDataCollection	280	76	0	0	db
db.IaPartnerDataCollectionItem	320	76	0	0	db
db.IaPartnerDataCollectionItemReply	360	76	0	0	db
db.IaPartnerInvestmentConfirmation	344	76	0	0	db
db.IaPartnerInvestmentConfirmationEmail	360	76	0	0	db
db.IaPartnerInvestmentConfirmationEmailRecipient	360	76	0	0	db
db.IaPartnerListDocument	264	76	0	0	db
db.IaPaymentLink	192	76	0	0	db
db.IaPfCompany	180	76	0	0	db
db.IaPfCompanyInvestment	264	76	0	0	db
db.IaPfCompanyInvestmentSalesIntent	360	76	0	0	db
db.IaPfCompanyInvestmentStock	312	76	0	0	db
db.IaQuestionThread	360	76	0	0	db
db.IaRule	288	76	0	0	db
db.IaRuleCompensation	232	76	0	0	db
db.IaRuleDocument	200	76	0	0	db
db.IaRuleInvestment	216	76	0	0	db
db.IaRuleMeeting	192	76	0	0	db
db.IaRulePartner	192	76	0	0	db
db.IaSealStamp	180	76	0	0	db
db.IaSealStampImage	224	76	0	0	db
db.IaShareTransferEvent	256	76	0	0	db
db.IaUserInvitation	216	76	0	0	db
db.IaUserInvitationInvitee	280	76	0	0	db
db.IaWrittenResolutionDocument	360	76	0	0	db
db.ImAcVcBroker	192	76	0	0	db
db.ImAccessLog	180	76	0	0	db
db.ImAttachment	180	76	0	0	db
db.ImAttachmentDownloadLog	280	76	0	0	db
db.ImAttachmentPdfEvent	256	76	0	0	db
db.ImBroker	180	76	0	0	db
db.ImBrokerAssignment	232	76	0	0	db
db.ImBrokerAssignmentInvitedUser	336	76	0	0	db
db.ImConsultingRequest	240	76	0	0	db
db.ImContactRequest	216	76	0	0	db
db.ImContactRequestIntention	296	76	0	0	db
db.ImDay	180	76	0	0	db
db.ImDayParticipation	232	76	0	0	db
db.ImDayParticipationAttachment	320	76	0	0	db
db.ImDaySurvey	180	76	0	0	db
db.ImDisclosing	180	76	0	0	db
db.ImIndividualGpBroker	256	76	0	0	db
db.ImInvestorBroker	216	76	0	0	db
db.ImInvestorMemo	200	76	0	0	db
db.ImIrPartnerBroker	232	76	0	0	db
db.ImIrPartnerBrokerOwnerRelation	352	76	0	0	db
db.ImNote	180	76	0	0	db
db.ImPitchingDay	192	76	0	0	db
db.ImPitchingDayParticipation	304	76	0	0	db
db.ImTag	180	76	0	0	db
db.ImWatching	180	76	0	0	db
db.ImZuzuBroker	184	76	0	0	db
db.InauguralConsentDocument	344	76	0	0	db
db.IncorporationBenefitRequest	304	76	0	0	db
db.IncorporationIssueEvent	272	76	0	0	db
db.IncorporationRequest	240	76	0	0	db
db.IncorporationRequestAoiFile	312	76	0	0	db
db.IncorporationRequestAssistance	328	76	0	0	db
db.IncorporationRequestAssistanceReceipt	360	76	0	0	db
db.IncorporationRequestDirector	312	76	0	0	db
db.IncorporationRequestPromoter	312	76	0	0	db
db.IncorporationRequestPromoterInstitutionCeo	360	76	0	0	db
db.IncorporationRequestPurpose	304	76	0	0	db
db.IndividualInvestorCompany	288	76	0	0	db
db.IndividualInvestorCompanyCeo	320	76	0	0	db
db.IndividualInvestorCompanyInfo	328	76	0	0	db
db.IndividualInvestorCompanyName	328	76	0	0	db
db.IndividualInvestorCompanyParValue	360	76	0	0	db
db.IndividualInvestorCompanyShareClass	360	76	0	0	db
db.IndividualInvestorCompanyShareStock	360	76	0	0	db
db.IndividualInvestorEvent	272	76	0	0	db
db.IndividualInvestorStakeholder	320	76	0	0	db
db.IndividualInvestorUser	264	76	0	0	db
db.IndividualStakeholder	248	76	0	0	db
db.IndividualStockOption	256	76	0	0	db
db.IndividualStockOptionCancelEvent	360	76	0	0	db
db.IndividualStockOptionCreateRequest	360	76	0	0	db
db.IndividualStockOptionCreateRequestEtcFile	360	76	0	0	db
db.IndividualStockOptionExerciseEvent	360	76	0	0	db
db.IndividualStockOptionGrantContract	360	76	0	0	db
db.IndividualStockOptionGrantEvent	352	76	0	0	db
db.IndividualStockOptionGrantee	320	76	0	0	db
db.IndividualStockOptionPauseEvent	352	76	0	0	db
db.IndividualStockOptionResumeEvent	360	76	0	0	db
db.IndividualStockOptionSalesIntent	360	76	0	0	db
db.IndividualStockOptionVesting	320	76	0	0	db
db.IndividualStockOptionVestingItem	360	76	0	0	db
db.IndividualStockOptionVestingTraceable	360	76	0	0	db
db.IndustrialCode	192	76	0	0	db
db.InputChannel	180	76	0	0	db
db.InputSignupChannel	232	76	0	0	db
db.InstitutionStakeholder	256	76	0	0	db
db.InstitutionStakeholderManager	328	76	0	0	db
db.InternetRegistryOfficeOtp	296	76	0	0	db
db.InternetRegistryOfficeOtpReturnRequest	360	76	0	0	db
db.InvestmentAgreement	232	76	0	0	db
db.InvestmentAgreementAttachment	320	76	0	0	db
db.InvestmentAssociation	248	76	0	0	db
db.InvestmentAssociationAssociationPartner	360	76	0	0	db
db.InvestmentAssociationAssociationPartnerManager	360	76	0	0	db
db.InvestmentAssociationCorporationPartner	360	76	0	0	db
db.InvestmentAssociationCorporationPartnerManager	360	76	0	0	db
db.InvestmentAssociationDocument	320	76	0	0	db
db.InvestmentAssociationEvent	296	76	0	0	db
db.InvestmentAssociationIndividualPartner	360	76	0	0	db
db.InvestmentAssociationIndividualPartnerLegalRepresentative	360	76	0	0	db
db.InvestmentAssociationOrganizationPartner	360	76	0	0	db
db.InvestmentAssociationOrganizationPartnerCeo	360	76	0	0	db
db.InvestmentAssociationOrganizationPartnerCorporationSigner	360	76	0	0	db
db.InvestmentAssociationOrganizationPartnerCorporationSignerCeo	360	76	0	0	db
db.InvestmentAssociationOrganizationPartnerIndividualSigner	360	76	0	0	db
db.InvestmentAssociationOrganizationPartnerManager	360	76	0	0	db
db.InvestmentAssociationOrganizationPartnerSigner	360	76	0	0	db
db.InvestmentAssociationPartner	312	76	0	0	db
db.InvestmentAssociationPartnerManager	360	76	0	0	db
db.InvestmentAssociationPartnerResume	360	76	0	0	db
db.InvestmentAssociationPartnerResumeItem	360	76	0	0	db
db.InvestmentAssociationPartnerSalesIntent	360	76	0	0	db
db.InvestmentAssociationShare	296	76	0	0	db
db.InvestmentContractHolder	280	76	0	0	db
db.InvestmentRound	200	76	0	0	db
db.InvestmentRoundNewIssueEvent	328	76	0	0	db
db.InvestmentSimulation	240	76	0	0	db
db.InvestmentSimulationInitialOption	360	76	0	0	db
db.InvestmentSimulationInitialOptionGrantee	360	76	0	0	db
db.InvestmentSimulationInitialShareholder	360	76	0	0	db
db.InvestmentSimulationInitialStock	352	76	0	0	db
db.InvestmentSimulationInvestor	312	76	0	0	db
db.InvestmentSimulationNewIssueInvestment	360	76	0	0	db
db.InvestmentSimulationPurchaseInvestment	360	76	0	0	db
db.InvestmentSimulationPurchaseSellStock	360	76	0	0	db
db.InvestmentSimulationRound	288	76	0	0	db
db.InvestorInterest	208	76	0	0	db
db.InvestorMatching	208	76	0	0	db
db.InvestorRelations	216	76	0	0	db
db.InvestorRelationsSurvey	272	76	0	0	db
db.InvitationSeat	192	76	0	0	db
db.InvitationSeatRequest	288	76	0	0	db
db.IrAiAnalysis	184	76	0	0	db
db.IrAiAnalysisLike	224	76	0	0	db
db.IrAiSummary	180	76	0	0	db
db.IrAlert	180	76	0	0	db
db.IrAlertInvestorRelations	288	76	0	0	db
db.IrApproval	180	76	0	0	db
db.IrApprovalNotificationDismiss	328	76	0	0	db
db.IrBrokerActivity	216	76	0	0	db
db.IrClosing	180	76	0	0	db
db.IrClosingComplete	224	76	0	0	db
db.IrClosingExpired	216	76	0	0	db
db.IrClosingIncomplete	240	76	0	0	db
db.IrCommittedInvestmentAmount	312	76	0	0	db
db.IrCompanyCreate	208	76	0	0	db
db.IrConsultingRequest	240	76	0	0	db
db.IrFeed	180	76	0	0	db
db.IrFeedAccessLog	216	76	0	0	db
db.IrFeedRating	184	76	0	0	db
db.IrFundRaising	192	76	0	0	db
db.IrFundRaisingMemo	232	76	0	0	db
db.IrFundRaisingStageLog	272	76	0	0	db
db.IrInsightClub	192	76	0	0	db
db.IrInsightClubParticipation	304	76	0	0	db
db.IrInsightClubParticipationAttendee	360	76	0	0	db
db.IrInsightClubSurvey	248	76	0	0	db
db.IrInvestorFeedback	232	76	0	0	db
db.IrNote	180	76	0	0	db
db.IrSubscription	192	76	0	0	db
db.IrSubscriptionMarketingRequest	336	76	0	0	db
db.IrTeamMember	184	76	0	0	db
db.IrTranscript	180	76	0	0	db
db.IrosOtpIssueMeetingDocument	320	76	0	0	db
db.Jurisdiction	180	76	0	0	db
db.LawtalkSignup	184	76	0	0	db
db.LawtalkSignupAttachment	272	76	0	0	db
db.LedgerByCustomerDocument	352	76	0	0	db
db.LegalPartner	180	76	0	0	db
db.LegalPartnerEmail	224	76	0	0	db
db.LegalPartnerPaypleSettings	304	76	0	0	db
db.LegalPartnerRegistrationAssistanceSettings	360	76	0	0	db
db.LegalPartnerSignupChannel	296	76	0	0	db
db.LegalPartnerSlackChannels	296	76	0	0	db
db.LegalPartnerUserRelation	288	76	0	0	db
db.ManualOptionVesting	240	76	0	0	db
db.ManualOptionVestingItem	280	76	0	0	db
db.ManualProduct	184	76	0	0	db
db.Meeting	180	76	0	0	db
db.MeetingAttachment	216	76	0	0	db
db.MeetingAttorney	200	76	0	0	db
db.MeetingDirectorContact	264	76	0	0	db
db.MeetingDocument	200	76	0	0	db
db.MeetingDocumentCache	248	76	0	0	db
db.MeetingDocumentGeneration	288	76	0	0	db
db.MeetingDocumentGenerationItem	328	76	0	0	db
db.MeetingDocumentManualModification	360	76	0	0	db
db.MeetingDraft	180	76	0	0	db
db.MeetingDraftAgendaDirectorChange	360	76	0	0	db
db.MeetingDraftAgendaDirectorCompensation	360	76	0	0	db
db.MeetingDraftAgendaDirectorCompensationItem	360	76	0	0	db
db.MeetingDraftRegistrationAssistance	360	76	0	0	db
db.MeetingDraftSchedule	248	76	0	0	db
db.MeetingPrice	180	76	0	0	db
db.MembershipContent	216	76	0	0	db
db.MembershipContentAccessLog	304	76	0	0	db
db.MembershipContentAuthor	272	76	0	0	db
db.MembershipContentAuthorRelation	344	76	0	0	db
db.MiraeassetAccount	216	76	0	0	db
db.Mna	180	76	0	0	db
db.MnaBuyer	180	76	0	0	db
db.MnaBuyerAttachment	232	76	0	0	db
db.MnaConsultingRequest	248	76	0	0	db
db.ModusignAccount	200	76	0	0	db
db.ModusignApiKey	200	76	0	0	db
db.ModusignApiLog	200	76	0	0	db
db.ModusignAuthentication	256	76	0	0	db
db.ModusignAuthorizationRequest	312	76	0	0	db
db.ModusignCompanyUserConnection	328	76	0	0	db
db.ModusignDocument	208	76	0	0	db
db.ModusignDocumentActionHistory	328	76	0	0	db
db.ModusignDocumentModusignAccountRelation	360	76	0	0	db
db.ModusignDocumentModusignApiKeyRelation	360	76	0	0	db
db.ModusignDocumentParticipant	304	76	0	0	db
db.ModusignEmbeddedDraft	256	76	0	0	db
db.ModusignExceededSignings	280	76	0	0	db
db.ModusignIaUserConnection	360	76	0	0	db
db.NaverWorkplaceAuthentication	312	76	0	0	db
db.NaverWorkplaceCompany	256	76	0	0	db
db.NaverWorkplaceEmployee	264	76	0	0	db
db.NcpSignupChannel	216	76	0	0	db
db.NewCeoCertificateOfSealDocument	360	76	0	0	db
db.NewCeoResidentRegistrationDocument	360	76	0	0	db
db.NewIssueEvent	192	76	0	0	db
db.NewIssueNoticeEmail	248	76	0	0	db
db.NewIssueNoticeEmailRecipient	328	76	0	0	db
db.NewIssueSkipNoticeDocument	360	76	0	0	db
db.NewIssueStockAcceptanceDocument	360	76	0	0	db
db.NewIssueStockAllocationDocument	360	76	0	0	db
db.NewIssueStockAllocationRecordDateNoticeDocument	360	76	0	0	db
db.NewIssueStockSubscriptionDocument	360	76	0	0	db
db.NewIssueStockUnissuedConfirmationDocument	360	76	0	0	db
db.NewPartnerInvestmentEvent	360	76	0	0	db
db.NonUnifiedShareCreateRequest	328	76	0	0	db
db.NonUnifiedShareEtcFile	280	76	0	0	db
db.NonUnifiedShareManagement	296	76	0	0	db
db.NonUnifiedShareManagementHistory	360	76	0	0	db
db.NonUnifiedShareManagementSalesIntent	360	76	0	0	db
db.NonUnifiedShareStockUnissuedConfirmationFile	360	76	0	0	db
db.NonUnifiedShareSucPoaDocument	344	76	0	0	db
db.NonUnifiedShareSucPoaModusignDocument	360	76	0	0	db
db.NonUnifiedShareSucRenewRequest	352	76	0	0	db
db.NotarizationPoA	200	76	0	0	db
db.NotarizationPoaDirectorSigner	328	76	0	0	db
db.NotarizationPoaDocument	336	76	0	0	db
db.NotarizationPoaShareholderSigner	352	76	0	0	db
db.Notification	180	76	0	0	db
db.NotificationInbox	216	76	0	0	db
db.Option	180	76	0	0	db
db.OptionAdjustment	208	76	0	0	db
db.OptionAttachment	208	76	0	0	db
db.OptionCancelEvent	224	76	0	0	db
db.OptionContractTemplatePermission	352	76	0	0	db
db.OptionExerciseClaim	240	76	0	0	db
db.OptionExerciseClaimAttachment	328	76	0	0	db
db.OptionExerciseClaimCandidate	320	76	0	0	db
db.OptionExerciseClaimDocumentSetting	360	76	0	0	db
db.OptionExerciseClaimEventRelation	360	76	0	0	db
db.OptionExerciseClaimMeetingDocument	360	76	0	0	db
db.OptionExerciseClaimOption	296	76	0	0	db
db.OptionExerciseClaimOptionTaxation	360	76	0	0	db
db.OptionExerciseClaimPayment	304	76	0	0	db
db.OptionExerciseEvent	240	76	0	0	db
db.OptionExerciseManagement	280	76	0	0	db
db.OptionExerciseManagementAttachmentSetting	360	76	0	0	db
db.OptionExerciseManagementAttachmentSettingItem	360	76	0	0	db
db.OptionExerciseManagementEmail	328	76	0	0	db
db.OptionExerciseManagementReminderSetting	360	76	0	0	db
db.OptionExerciseManagementTaxation	352	76	0	0	db
db.OptionExerciseManagementTaxationDefaultSetting	360	76	0	0	db
db.OptionGrantContract	240	76	0	0	db
db.OptionGrantContractCeo	272	76	0	0	db
db.OptionGrantContractFirstRefusalRightHolder	360	76	0	0	db
db.OptionGrantContractModusignDocument	360	76	0	0	db
db.OptionGrantContractModusignEmbeddedDraft	360	76	0	0	db
db.OptionGrantContractStakeholder	336	76	0	0	db
db.OptionGrantContractTemplate	312	76	0	0	db
db.OptionGrantContractTemplateDraft	360	76	0	0	db
db.OptionGrantContractTemplateRevision	360	76	0	0	db
db.OptionGrantEvent	216	76	0	0	db
db.OptionGrantee	184	76	0	0	db
db.OptionManagement	208	76	0	0	db
db.OptionManagementStakeholderSeat	344	76	0	0	db
db.OptionPauseEvent	216	76	0	0	db
db.OptionQuantityTimeSeries	288	76	0	0	db
db.OptionResumeEvent	224	76	0	0	db
db.OptionTag	180	76	0	0	db
db.OptionTagCategory	224	76	0	0	db
db.OptionTaxCalculatorSetting	304	76	0	0	db
db.OptionValueChange	224	76	0	0	db
db.OptionVesting	184	76	0	0	db
db.OptionVestingTraceable	264	76	0	0	db
db.OptionWithdrawEvent	240	76	0	0	db
db.Order	180	76	0	0	db
db.OrderPromotionRelation	264	76	0	0	db
db.OrderStaffInChargeRelation	312	76	0	0	db
db.OrderStatusHistory	232	76	0	0	db
db.OrganizationChart	216	76	0	0	db
db.OtherDocumentArchive	248	76	0	0	db
db.OtherDocumentArchiveAttachment	336	76	0	0	db
db.OwnerPermission	200	76	0	0	db
db.OwnerRole	180	76	0	0	db
db.OwnerRolePermissionRelation	312	76	0	0	db
db.PageNumberUpdatedPdfEvent	304	76	0	0	db
db.PasswordReset	184	76	0	0	db
db.Payment	180	76	0	0	db
db.PaymentLink	180	76	0	0	db
db.PaymentRefund	184	76	0	0	db
db.PaymentStatusHistory	248	76	0	0	db
db.PaymentStore	180	76	0	0	db
db.PaymentTermPartnerInvestmentEvent	360	76	0	0	db
db.Payroll	180	76	0	0	db
db.PayrollAnnualSalaryInfo	280	76	0	0	db
db.PayrollAnnualSalaryItem	280	76	0	0	db
db.PayrollDocumentSealStampSetting	352	76	0	0	db
db.PayrollLedger	184	76	0	0	db
db.PayrollLedgerAttachment	272	76	0	0	db
db.PayrollLedgerFile	224	76	0	0	db
db.PayrollLedgerFileModificationRequest	360	76	0	0	db
db.PayrollLedgerItem	224	76	0	0	db
db.PayrollLedgerItemSettingRelation	360	76	0	0	db
db.PayrollManagementRelation	288	76	0	0	db
db.PayrollSetting	192	76	0	0	db
db.PayrollSettlement	216	76	0	0	db
db.PayrollSettlementAutoCreation	328	76	0	0	db
db.PayrollSettlementProgressLog	320	76	0	0	db
db.PayrollStaffUserRelation	288	76	0	0	db
db.PayrollStatement	208	76	0	0	db
db.PayrollStatementAttendance	296	76	0	0	db
db.PayrollStatementDocument	280	76	0	0	db
db.PayrollStatementEmail	256	76	0	0	db
db.PayrollStatementEmailRecipient	336	76	0	0	db
db.PayrollStatementItem	248	76	0	0	db
db.PayrollStatementPayrollInformation	360	76	0	0	db
db.PayrollStatementScheduledEmail	336	76	0	0	db
db.PayrollStatementScheduledEmailPeriodicTaskRelation	360	76	0	0	db
db.PdfEvent	180	76	0	0	db
db.PerformanceRsuVestingItem	296	76	0	0	db
db.PeriodPhantomStockVestingItem	336	76	0	0	db
db.PeriodRsuVestingItem	256	76	0	0	db
db.PeriodicOptionVesting	256	76	0	0	db
db.PeriodicOptionVestingItem	296	76	0	0	db
db.PhantomStock	180	76	0	0	db
db.PhantomStockCancelEvent	280	76	0	0	db
db.PhantomStockExerciseEvent	296	76	0	0	db
db.PhantomStockGrantContract	296	76	0	0	db
db.PhantomStockGrantEvent	272	76	0	0	db
db.PhantomStockGrantee	240	76	0	0	db
db.PhantomStockPauseEvent	272	76	0	0	db
db.PhantomStockResumeEvent	280	76	0	0	db
db.PhantomStockVesting	240	76	0	0	db
db.PhantomStockVestingItem	280	76	0	0	db
db.PhantomStockVestingTraceable	320	76	0	0	db
db.Phone	180	76	0	0	db
db.PhoneVerification	216	76	0	0	db
db.PingpongDelivery	208	76	0	0	db
db.PingpongDeliveryAddress	272	76	0	0	db
db.PipedriveSettings	216	76	0	0	db
db.PitchingDayHall	208	76	0	0	db
db.PitchingDayHallAccessLog	296	76	0	0	db
db.PitchingDayHallAssignedIrs	312	76	0	0	db
db.Playbook	180	76	0	0	db
db.PortalAcademyGuide	232	76	0	0	db
db.PortalAcademyGuideSubject	296	76	0	0	db
db.PortalMenuVisibilitySetting	312	76	0	0	db
db.PortalOptionGuide	224	76	0	0	db
db.PortalSetting	184	76	0	0	db
db.PortfolioCompany	208	76	0	0	db
db.PortfolioCompanyFund	248	76	0	0	db
db.PortfolioCompanyManager	280	76	0	0	db
db.PortfolioCompanyUserRelation	320	76	0	0	db
db.Post	180	76	0	0	db
db.Price	180	76	0	0	db
db.PrivacyPolicy	184	76	0	0	db
db.PrivacyPolicyLog	216	76	0	0	db
db.Product	180	76	0	0	db
db.Promotion	180	76	0	0	db
db.PromotionAddress	208	76	0	0	db
db.PromotionCode	184	76	0	0	db
db.PromotionCodeUsageHistory	296	76	0	0	db
db.ProofOfEmploymentDocument	360	76	0	0	db
db.Purchase	180	76	0	0	db
db.PurchaseItem	180	76	0	0	db
db.PurchaseStatusHistory	256	76	0	0	db
db.Purpose	180	76	0	0	db
db.PushToken	180	76	0	0	db
db.QrReplyPasswordReset	256	76	0	0	db
db.QrReplyPasswordResetRequest	320	76	0	0	db
db.QuarterlyReportRequest	360	76	0	0	db
db.QuarterlyReportRequestAttachment	352	76	0	0	db
db.QuarterlyReportRequestRecipient	360	76	0	0	db
db.QuarterlyReportRequestReportItem	360	76	0	0	db
db.QuarterlyReportSettings	272	76	0	0	db
db.QuarterlyReportSignupChannel	320	76	0	0	db
db.QuestionMessageAttachment	288	76	0	0	db
db.QuestionMessageScheduled	280	76	0	0	db
db.QuestionThread	192	76	0	0	db
db.QuestionThreadAssignment	328	76	0	0	db
db.QuestionThreadMessage	256	76	0	0	db
db.QuestionThreadMessageAccessLog	344	76	0	0	db
db.QuestionThreadMessageCategory	328	76	0	0	db
db.QuestionThreadMessageMarkAsAllReadLog	360	76	0	0	db
db.QuestionThreadMessagePeriodicTaskRelation	360	76	0	0	db
db.QuestionThreadMessageProfile	320	76	0	0	db
db.QuestionThreadMessageReminder	328	76	0	0	db
db.QuestionThreadMessageReview	312	76	0	0	db
db.QuestionThreadMessageReviewRequest	360	76	0	0	db
db.QuestionThreadTag	224	76	0	0	db
db.RebootProductContactRequest	312	76	0	0	db
db.RegisteredMail	192	76	0	0	db
db.Registration	180	76	0	0	db
db.RegistrationAgenda	224	76	0	0	db
db.RegistrationAssistance	256	76	0	0	db
db.RegistrationAssistanceReceipt	320	76	0	0	db
db.RegistrationCaseReport	264	76	0	0	db
db.RegistrationCaseReportUpdateLog	352	76	0	0	db
db.RegistrationDirector	240	76	0	0	db
db.RegistrationFormAllInOneDocument	360	76	0	0	db
db.RegistrationFormAoiChangeDocument	360	76	0	0	db
db.RegistrationFormBranchChangeDocument	360	76	0	0	db
db.RegistrationFormCaptable	280	76	0	0	db
db.RegistrationFormCaptableDocument	360	76	0	0	db
db.RegistrationFormCaptableNotarizationRequestor	360	76	0	0	db
db.RegistrationFormCeoAddressChangeDocument	360	76	0	0	db
db.RegistrationFormDirectorChangeDocument	360	76	0	0	db
db.RegistrationFormHeadOfficeInsideRelocationDocument	360	76	0	0	db
db.RegistrationFormHeadOfficeOutsideRelocationDocument	360	76	0	0	db
db.RegistrationFormNewIssueDocument	360	76	0	0	db
db.RegistrationFormNewOptionsRuleDocument	360	76	0	0	db
db.RegistrationHelp	208	76	0	0	db
db.RegistrationPoaDocument	336	76	0	0	db
db.RegistrationRoundRobinState	312	76	0	0	db
db.RegularProduct	192	76	0	0	db
db.ResignationLetterDocument	352	76	0	0	db
db.ResignedDirectorCertificateOfSealDocument	360	76	0	0	db
db.RightToConsentOrConsult	288	76	0	0	db
db.Rsu	180	76	0	0	db
db.RsuAdjustEvent	200	76	0	0	db
db.RsuCancelEvent	200	76	0	0	db
db.RsuExerciseEvent	216	76	0	0	db
db.RsuGrantContract	216	76	0	0	db
db.RsuGrantContractModusignDocument	360	76	0	0	db
db.RsuGrantContractTemplate	288	76	0	0	db
db.RsuGrantContractTemplateStakeholder	352	76	0	0	db
db.RsuGrantEvent	192	76	0	0	db
db.RsuGrantee	180	76	0	0	db
db.RsuMeeting	180	76	0	0	db
db.RsuMeetingAttachment	232	76	0	0	db
db.RsuPauseEvent	192	76	0	0	db
db.RsuPerformanceAchievementEvent	336	76	0	0	db
db.RsuPerformanceCondition	272	76	0	0	db
db.RsuResumeEvent	200	76	0	0	db
db.RsuTag	180	76	0	0	db
db.RsuTagCategory	200	76	0	0	db
db.RsuVesting	180	76	0	0	db
db.RsuVestingItem	200	76	0	0	db
db.RsuVestingTraceable	240	76	0	0	db
db.RtccEmail	336	76	0	0	db
db.RtccEmailAuthentication	360	76	0	0	db
db.RtccInvestor	360	76	0	0	db
db.RtccInvestorFile	360	76	0	0	db
db.Safe	180	76	0	0	db
db.SafeConversionEvent	240	76	0	0	db
db.SafeCreateEvent	208	76	0	0	db
db.SalesIntent	180	76	0	0	db
db.SalesMetric	180	76	0	0	db
db.SalesReportDocument	304	76	0	0	db
db.SdContactRequest	216	76	0	0	db
db.SealCard	180	76	0	0	db
db.SealCardReturnRequest	264	76	0	0	db
db.SealCardReturnStatusHistory	320	76	0	0	db
db.SealCertificateDelivery	272	76	0	0	db
db.SealCertificateIssueRequest	312	76	0	0	db
db.SealStamp	180	76	0	0	db
db.SealStampCardContinuedUseApplicationFormDocument	360	76	0	0	db
db.SealStampDeclarationDocument	360	76	0	0	db
db.SealStampImage	200	76	0	0	db
db.SealStampUsageHistory	264	76	0	0	db
db.SealedOptionGrantContractDocument	360	76	0	0	db
db.SealedOptionGrantShareholdersMeetingResolutionDocument	360	76	0	0	db
db.SecondaryDeal	184	76	0	0	db
db.SelfRegistration	208	76	0	0	db
db.ServiceFee	180	76	0	0	db
db.ServiceFeeItem	200	76	0	0	db
db.ShareClass	180	76	0	0	db
db.Shareholder	180	76	0	0	db
db.ShareholderInstitutionMember	312	76	0	0	db
db.ShareholderInstitutionMemberCeo	344	76	0	0	db
db.ShareholderVote	200	76	0	0	db
db.ShareholderVotingRightsPerAgenda	360	76	0	0	db
db.ShareholdersAgreementModusignDocument	360	76	0	0	db
db.ShareholdersAgreementModusignEmbeddedDraft	360	76	0	0	db
db.ShareholdersAgreementStakeholder	344	76	0	0	db
db.ShareholdersCertificateOfSealDocument	360	76	0	0	db
db.ShareholdersMeeting	232	76	0	0	db
db.ShareholdersMeetingAgenda	288	76	0	0	db
db.ShareholdersMeetingAuditReportDocument	360	76	0	0	db
db.ShareholdersMeetingConvocationNoticeEmail	360	76	0	0	db
db.ShareholdersMeetingConvocationNoticeEmailAttachment	360	76	0	0	db
db.ShareholdersMeetingConvocationNoticeEmailNewIssueAttachment	360	76	0	0	db
db.ShareholdersMeetingConvocationNoticeEmailRecipient	360	76	0	0	db
db.ShareholdersMeetingConvocationNoticeRecipient	360	76	0	0	db
db.ShareholdersMeetingConvocationNoticeWrittenRecipient	360	76	0	0	db
db.ShareholdersMeetingDirectorAttendance	360	76	0	0	db
db.ShareholdersMeetingMinutesDocument	360	76	0	0	db
db.ShareholdersMeetingNoticeDocument	360	76	0	0	db
db.ShareholdersMeetingPowerOfAttorneyDocument	360	76	0	0	db
db.ShareholdersMeetingPowerOfAttorneyIndividualDocument	360	76	0	0	db
db.ShareholdersMeetingShareholderAttendance	360	76	0	0	db
db.ShareholdersMeetingShortenPeriodDocument	360	76	0	0	db
db.ShareholdersMeetingShortenPeriodIndividualDocument	360	76	0	0	db
db.ShareholdersMeetingSkipNoticeDocument	360	76	0	0	db
db.ShareholdersMeetingWrittenDecisionDocument	360	76	0	0	db
db.ShareholdersMeetingWrittenDecisionIndividualDocument	360	76	0	0	db
db.ShareholdersWrittenResolutionDocument	360	76	0	0	db
db.ShortUrlLog	180	76	0	0	db
db.SignupChannel	184	76	0	0	db
db.SignupLog	180	76	0	0	db
db.SiteSettings	180	76	0	0	db
db.SlackChannels	184	76	0	0	db
db.StaffInCharge	192	76	0	0	db
db.Stakeholder	180	76	0	0	db
db.StakeholderAccount	224	76	0	0	db
db.StakeholderSeat	200	76	0	0	db
db.StarredQuestionThread	304	76	0	0	db
db.Stock	180	76	0	0	db
db.StockConsolidationEvent	272	76	0	0	db
db.StockConversionEvent	248	76	0	0	db
db.StockDocumentAnalysis	256	76	0	0	db
db.StockReregistrationEvent	280	76	0	0	db
db.StockRetirementEvent	248	76	0	0	db
db.StockSplitEvent	208	76	0	0	db
db.StockTransferAgreement	264	76	0	0	db
db.StockTransferAgreementClauses	328	76	0	0	db
db.StockTransferAgreementItem	304	76	0	0	db
db.StockTransferAgreementManagement	352	76	0	0	db
db.StockTransferAgreementManagementStakeholderSeat	360	76	0	0	db
db.StockTransferAgreementModusignDocument	360	76	0	0	db
db.StockTransferAgreementModusignEmbeddedDraft	360	76	0	0	db
db.StockTransferAgreementPurchaserInstitution	360	76	0	0	db
db.StockTransferAgreementSellerInstitution	360	76	0	0	db
db.StockTransferAgreementSurvey	320	76	0	0	db
db.StockTransferEvent	232	76	0	0	db
db.StockTransferPrice	232	76	0	0	db
db.StockUnissuedConfirmationRequest	352	76	0	0	db
db.StripeCard	180	76	0	0	db
db.StripeCustomer	192	76	0	0	db
db.StripePayment	184	76	0	0	db
db.Subscription	180	76	0	0	db
db.SubscriptionBonus	216	76	0	0	db
db.SubscriptionContract	240	76	0	0	db
db.SubscriptionModusignDocumentUsageHistory	360	76	0	0	db
db.SubscriptionPackage	232	76	0	0	db
db.SubscriptionPaymentRequest	296	76	0	0	db
db.SubscriptionPenaltyPayment	296	76	0	0	db
db.SubscriptionPeriod	224	76	0	0	db
db.SubscriptionPerk	208	76	0	0	db
db.SubscriptionPlan	208	76	0	0	db
db.SubscriptionPlanOffering	280	76	0	0	db
db.SubscriptionPlanPerk	248	76	0	0	db
db.SubscriptionPlanPermission	296	76	0	0	db
db.SubscriptionPolicy	224	76	0	0	db
db.SubscriptionPromotion	248	76	0	0	db
db.SubscriptionReservation	264	76	0	0	db
db.SubscriptionSuspensionHistory	320	76	0	0	db
db.TalingCoupon	180	76	0	0	db
db.TanTableView	184	76	0	0	db
db.TaxBookkeepingServiceRequest	320	76	0	0	db
db.TaxPartnerTbkContract	264	76	0	0	db
db.TaxPartnerTbkContractItem	304	76	0	0	db
db.TaxPartnerTbkSettings	264	76	0	0	db
db.TaxReceiptDocument	296	76	0	0	db
db.TbkConsulting	184	76	0	0	db
db.TbkConsultingMemo	224	76	0	0	db
db.TbkConsultingRefusal	248	76	0	0	db
db.TbkConsultingStatusLog	272	76	0	0	db
db.TbkContract	180	76	0	0	db
db.TbkContractBenefit	232	76	0	0	db
db.TbkContractSettlement	256	76	0	0	db
db.Template	180	76	0	0	db
db.TextValueWithVisibility	280	76	0	0	db
db.ThirdPartyApiNotice	248	76	0	0	db
db.ThirdPartyArticleProvider	296	76	0	0	db
db.ThirdPartyArticleProviderUserRelation	360	76	0	0	db
db.TwoFactorAuthentication	272	76	0	0	db
db.UnknownIssueEvent	224	76	0	0	db
db.UnknownPartnerInvestmentEvent	360	76	0	0	db
db.UserApiKey	180	76	0	0	db
db.UserApiKeyCompanyAccess	288	76	0	0	db
db.UserApiKeyCompanyRelation	304	76	0	0	db
db.UserApiKeyRevocation	256	76	0	0	db
db.UserDailyAccess	208	76	0	0	db
db.UserDetailedSurvey	232	76	0	0	db
db.UserEmailConsentRequest	280	76	0	0	db
db.UserExtraAuthentication	272	76	0	0	db
db.UserGuideState	200	76	0	0	db
db.UserInvitation	192	76	0	0	db
db.UserInvitationInvitee	256	76	0	0	db
db.UserInvitationOwnerRoleRelation	352	76	0	0	db
db.UserMarketingStatus	240	76	0	0	db
db.UserNotificationSettings	280	76	0	0	db
db.UserProfileImage	216	76	0	0	db
db.UserProfileImageMapping	280	76	0	0	db
db.UserSealCardRelation	256	76	0	0	db
db.UserSessionLog	200	76	0	0	db
db.UserSettings	180	76	0	0	db
db.UserSurvey	180	76	0	0	db
db.ValuationHistory	208	76	0	0	db
db.ValuationServiceRequest	272	76	0	0	db
db.ValueWithVisibility	240	76	0	0	db
db.VcIrRecommendationRequest	296	76	0	0	db
db.VcIrRecommendationRequestResult	352	76	0	0	db
db.VcLpReport	180	76	0	0	db
db.VcLpReportRequest	232	76	0	0	db
db.VcLpReportRequestRecipient	312	76	0	0	db
db.VcNameAlias	180	76	0	0	db
db.VcSearchLog	180	76	0	0	db
db.VcUserRole	180	76	0	0	db
db.VentureBusinessCertification	312	76	0	0	db
db.VentureBusinessCertificationExpirationNotificationLog	360	76	0	0	db
db.VentureCapital	192	76	0	0	db
db.VentureCapitalEmailTemplates	320	76	0	0	db
db.VentureCapitalPaymentLink	296	76	0	0	db
db.VentureCapitalQuarterlyReport	328	76	0	0	db
db.VentureCapitalQuarterlyReportContentTemplate	360	76	0	0	db
db.VentureCapitalQuarterlyReportItem	360	76	0	0	db
db.VentureCapitalQuarterlyReportItemReply	360	76	0	0	db
db.VentureCapitalQuarterlyReportReply	360	76	0	0	db
db.VentureCapitalSubscription	296	76	0	0	db
db.VentureCapitalSubscriptionPlan	336	76	0	0	db
db.VentureCapitalSubscriptionPlanPermission	360	76	0	0	db
db.VentureCapitalSubscriptionPlanPrice	360	76	0	0	db
db.VentureCapitalUserRelation	304	76	0	0	db
db.VentureComplex	192	76	0	0	db
db.VideoCollection	200	76	0	0	db
db.VideoCollectionFeedback	272	76	0	0	db
db.VideoCollectionPermission	288	76	0	0	db
db.VideoContent	180	76	0	0	db
db.VideoContentHistory	240	76	0	0	db
db.VideoContentSpeecher	248	76	0	0	db
db.Webinar	180	76	0	0	db
db.WebinarSubject	192	76	0	0	db
db.WebinarTarget	184	76	0	0	db
db.Whitepaper	180	76	0	0	db
db.WhitepaperPreviewFile	256	76	0	0	db
db.WhitepaperWatermarkFile	272	76	0	0	db
db.WhtBook	180	76	0	0	db
db.WhtBookWithoutDate	240	76	0	0	db
db.WhtCertificate	192	76	0	0	db
db.WhtReceipt	180	76	0	0	db
db.WithdrawAccountRequest	264	76	0	0	db
db.WithdrawnUser	184	76	0	0	db
db.WrittenStatementDocument	344	76	0	0	db
db.YearEndTaxSettlement	256	76	0	0	db
db.YearEndTaxSettlementConfirmationSchedule	360	76	0	0	db
db.YetsAssistance	192	76	0	0	db
db.YetsAssistanceCreator	256	76	0	0	db
db.YetsAssistanceCreatorUser	296	76	0	0	db
db.YetsAssistanceCreatorYetsEmployee	336	76	0	0	db
db.YetsAssistanceMessage	256	76	0	0	db
db.YetsAssistanceMessageFile	296	76	0	0	db
db.YetsAssistanceStaffAccessLog	328	76	0	0	db
db.YetsAssistanceStaffFavoriteRelation	360	76	0	0	db
db.YetsEmail	304	76	0	0	db
db.YetsEmailAuthentication	360	76	0	0	db
db.YetsEmployee	328	76	0	0	db
db.YetsEmployeeFile	296	76	0	0	db
db.YetsEmployeeResult	232	76	0	0	db
db.YetsEmployeeResultAssistanceMessageRelation	360	76	0	0	db
db.YetsEmployeeResultStatusLog	320	76	0	0	db
db.YetsEmployeeResultWhtReceipt	328	76	0	0	db
db.YetsEmployeeSubmissionLog	296	76	0	0	db
db.YetsEmployeeUploadForm	272	76	0	0	db
db.YetsEmployeeUploadFormStatusLog	360	76	0	0	db
db.ZuzuOptionGrantContractTemplate	352	76	0	0	db
db.ZuzuOptionGrantContractTemplateRevision	360	76	0	0	db
db.ZuzuTaxAdvice	192	76	0	0	db
db.ZuzuTaxPhoneToken	336	76	0	0	db
document_ai.DocumentAiProcessRequest	288	76	0	0	document_ai
document_ai.DocumentAiProcessResult	280	76	0	0	document_ai
fi_sta.FiStaCompany	184	76	0	0	fi_sta
fi_sta.FiStaCompanyCeo	216	76	0	0	fi_sta
fi_sta.FiStaCompanySearchResult	296	76	0	0	fi_sta
fi_sta.FiStaContractDocument	264	76	0	0	fi_sta
fi_sta.FiStaManagement	208	76	0	0	fi_sta
fi_sta.FiStaModusignDocument	264	76	0	0	fi_sta
fi_sta.FiStaParticipant	216	76	0	0	fi_sta
fi_sta.FiStaStockTransferAgreementDocument	360	76	0	0	fi_sta
fi_sta.FiStaStockTransferNoticePoaDocument	360	76	0	0	fi_sta
fi_sta.FiStaStockUnissuedConfirmationDocument	360	76	0	0	fi_sta
fi_sta.FiStaStockUnissuedConfirmationPoaDocument	360	76	0	0	fi_sta
fi_sta.FiStaTransferStock	240	76	0	0	fi_sta
fi_sta.FiStaUser	180	76	0	0	fi_sta
open_ai.OpenAiLog	180	76	0	0	open_ai
vcm.VcmAlimtalkActivity	240	76	0	0	vcm
vcm.VcmAlimtalkActivityRecipient	320	76	0	0	vcm
vcm.VcmAlimtalkActivityRecipientStatusHistory	360	76	0	0	vcm
vcm.VcmBlindFundProposal	256	76	0	0	vcm
vcm.VcmCompany	180	76	0	0	vcm
vcm.VcmCompanyBusinessRegistrationCertificate	360	76	0	0	vcm
vcm.VcmCompanyUserInvitation	288	76	0	0	vcm
vcm.VcmCompanyUserInvitationInvitee	352	76	0	0	vcm
vcm.VcmCompanyUserRelation	272	76	0	0	vcm
vcm.VcmCompanyUserRole	240	76	0	0	vcm
vcm.VcmDocRequestEmailTemplate	312	76	0	0	vcm
vcm.VcmEmailActivity	216	76	0	0	vcm
vcm.VcmEmailActivityRecipient	296	76	0	0	vcm
vcm.VcmEmailActivityRecipientStatusHistory	360	76	0	0	vcm
vcm.VcmFund	180	76	0	0	vcm
vcm.VcmFundContact	200	76	0	0	vcm
vcm.VcmFundDocRequest	232	76	0	0	vcm
vcm.VcmFundDocRequestAttachment	320	76	0	0	vcm
vcm.VcmFundDocRequestEmail	280	76	0	0	vcm
vcm.VcmFundDocRequestItem	272	76	0	0	vcm
vcm.VcmFundDocRequestItemSubmission	360	76	0	0	vcm
vcm.VcmFundDocRequestReceiver	304	76	0	0	vcm
vcm.VcmFundDocRequestSettings	304	76	0	0	vcm
vcm.VcmFundInvestmentCondition	304	76	0	0	vcm
vcm.VcmFundInvitation	224	76	0	0	vcm
vcm.VcmFundPartner	200	76	0	0	vcm
vcm.VcmFundPartnerInvestment	288	76	0	0	vcm
vcm.VcmFundPfcExit	208	76	0	0	vcm
vcm.VcmFundPfcInvestment	256	76	0	0	vcm
vcm.VcmFundProposal	208	76	0	0	vcm
vcm.VcmFundProposalAnchor	264	76	0	0	vcm
vcm.VcmFundProposalAttachment	296	76	0	0	vcm
vcm.VcmFundProposalClosing	272	76	0	0	vcm
vcm.VcmFundProposalContact	272	76	0	0	vcm
vcm.VcmInvestor	180	76	0	0	vcm
vcm.VcmInvestorGp	192	76	0	0	vcm
vcm.VcmInvestorGpKeyPerson	280	76	0	0	vcm
vcm.VcmInvestorGpTrackRecord	296	76	0	0	vcm
vcm.VcmInvestorLp	192	76	0	0	vcm
vcm.VcmInvestorRegisterRequest	304	76	0	0	vcm
vcm.VcmInvestorRegisterRequestApproval	360	76	0	0	vcm
vcm.VcmInvestorRegisterRequestAttachment	360	76	0	0	vcm
vcm.VcmInvestorUserInvitation	296	76	0	0	vcm
vcm.VcmInvestorUserInvitationInvitee	360	76	0	0	vcm
vcm.VcmInvestorUserRelation	280	76	0	0	vcm
vcm.VcmInvestorUserRole	248	76	0	0	vcm
vcm.VcmPfc	180	76	0	0	vcm
vcm.VcmPfcBusinessStatus	256	76	0	0	vcm
vcm.VcmPfcDocRequest	224	76	0	0	vcm
vcm.VcmPfcDocRequestAttachment	312	76	0	0	vcm
vcm.VcmPfcDocRequestEmail	272	76	0	0	vcm
vcm.VcmPfcDocRequestItem	264	76	0	0	vcm
vcm.VcmPfcDocRequestItemSubmission	352	76	0	0	vcm
vcm.VcmPfcDocRequestReceiver	296	76	0	0	vcm
vcm.VcmPfcDocRequestSettings	296	76	0	0	vcm
vcm.VcmPfcFinancialStatement	288	76	0	0	vcm
vcm.VcmPfcInvitation	216	76	0	0	vcm
vcm.VcmPfcInvitationInvitee	280	76	0	0	vcm
vcm.VcmPfcShareholderRegister	296	76	0	0	vcm
vcm.VcmPfcValuation	208	76	0	0	vcm
vcm.VcmProjectFundProposal	272	76	0	0	vcm
vcm.VcmProjectFundProposalInvestmentTarget	360	76	0	0	vcm
vcm.VcmSession	180	76	0	0	vcm
vcm.VcmUser	180	76	0	0	vcm
vcm.VcmUserMarketingStatus	272	76	0	0	vcm
vertex_ai.VertexAiPredictionRequest	296	76	0	0	vertex_ai
vertex_ai.VertexAiPredictionResult	288	76	0	0	vertex_ai
