@pair:0	19293.34,19626.16 20057.23,18703.97
@pair:1	19111.88,19767.14 17456.90,20542.97
@pair:2	19382.78,19626.16 19627.45,19504.62
@pair:3	19279.52,19626.16 19537.06,19087.58
@pair:4	19111.88,19632.92 17038.18,18622.91
@pair:5	16918.02,18548.91 16631.95,18309.39
@pair:6	17456.70,20284.43 17456.90,20405.34
@pair:7	22578.64,18890.17 18576.91,19884.36
@pair:8	18464.59,19829.13 18851.19,18320.72
@pair:9	18371.04,19927.13 17456.90,20445.75
@pair:10	16867.63,20597.46 17136.90,20497.92
@pair:11	15425.01,20929.10 17136.90,20592.67
@pair:12	15194.92,20905.84 14329.45,20601.82
@pair:13	14106.71,20527.82 12840.68,19457.50
@pair:14	19185.30,20319.42 19179.39,20491.81
@pair:15	19642.02,20183.48 19265.20,20491.81
@pair:16	19821.16,20101.48 20057.35,18703.97
@pair:17	19453.70,20556.79 19361.28,20577.20
@pair:18	19405.74,20887.58 19255.90,20621.81
@pair:19	19141.76,20771.56 19166.19,20621.81
@pair:20	19265.16,20491.81 20057.31,18703.97
@pair:21	18994.28,20491.81 17456.90,20549.67
@pair:22	17042.90,21075.92 17182.16,20695.34
@pair:23	17566.09,20660.81 17456.90,20549.75
@pair:24	17179.69,20951.90 17229.38,20695.34
@pair:25	15004.62,22021.57 12840.64,19457.54
@pair:26	16310.56,21364.69 15413.01,21676.18
@pair:27	15198.33,21676.18 12840.68,19457.54
@pair:28	17455.94,20905.50 17229.52,20695.34
@pair:29	17847.71,20326.45 20048.87,18703.93
@pair:30	17703.69,20326.45 17456.90,20445.79
@pair:31	22578.64,19021.91 18804.15,21582.90
@pair:32	18804.07,21582.90 17456.90,20695.34
@pair:33	18375.27,20572.82 17456.90,20553.67
@pair:34	17751.72,19249.84 17980.87,16041.14
@pair:35	17564.01,19331.84 17285.54,20405.34
@pair:36	17179.96,22177.52 20057.19,18703.97
@pair:37	16942.29,22177.52 17229.44,20695.34
@pair:38	17118.28,22347.52 18932.20,25326.54
@pair:39	19162.60,25441.92 19311.51,25767.38
@pair:40	19030.12,25456.54 19026.63,25815.49
@pair:41	20753.81,25947.16 19681.33,24969.16
@pair:42	20716.32,25947.16 19914.84,25567.31
@pair:43	19030.40,25326.54 19014.06,25105.88
@pair:44	19086.96,25326.54 19609.81,24969.16
@pair:45	17192.03,22347.52 17326.92,22371.51
@pair:46	17369.15,20788.88 17340.82,20695.34
@pair:47	17511.89,21079.21 17229.48,20695.34
@pair:48	16159.32,20868.50 17136.90,20592.71
@pair:49	15911.32,20896.58 15852.23,20886.61
@pair:50	15720.83,20824.36 15510.44,19227.35
@pair:51	15747.88,20906.36 15806.07,21016.56
@pair:52	15955.32,20966.50 15886.02,21016.56
@pair:53	15733.50,21274.27 17136.90,20624.43
@pair:54	15503.68,21344.07 15093.08,21412.95
@pair:55	14952.08,21393.09 13658.50,17857.60
@pair:56	15571.12,21372.27 15522.62,21414.29
@pair:57	15471.29,21414.29 15502.16,19227.35
@pair:58	15446.38,21504.29 15400.93,21546.31
@pair:59	16674.84,19650.56 17181.70,20405.34
@pair:60	15953.88,19095.61 16206.10,18599.50
@pair:61	16569.51,19560.56 16002.60,19193.61
@pair:62	15807.36,19152.93 15632.93,19161.63
@pair:63	15807.36,19136.49 12840.68,19300.06
@pair:64	17766.54,20791.35 17456.90,20614.05
@pair:65	17920.44,20781.48 17965.93,20713.13
@pair:66	16815.74,20655.75 17136.90,20497.96
@pair:67	14865.61,18265.38 16001.69,15325.34
@pair:68	16658.03,20655.75 14881.04,18347.38
@pair:69	14881.00,18347.38 12840.68,19231.53
@pair:70	17049.21,20926.30 17142.40,20695.34
@pair:71	15773.20,9272.83 16790.35,12249.51
@pair:72	7845.43,5338.72 8764.81,4901.83
@pair:73	31347.37,14144.82 30835.01,14331.59
@pair:74	30705.84,14413.59 30686.04,14462.19
@pair:75	11581.87,14768.81 12606.49,19167.54
@pair:76	20759.87,12215.62 17154.62,12455.29
@pair:77	20798.19,12212.99 20394.93,12129.42
@pair:78	12585.21,14968.31 11784.96,15048.27
@pair:79	12821.21,14981.26 13540.15,15107.22
@pair:80	20157.24,19687.42 20124.91,19871.00
@pair:81	20167.09,19605.42 20224.95,18703.97
@pair:82	20198.89,19687.42 20254.85,19754.05
@pair:83	17821.59,15410.44 17971.36,15959.14
@pair:84	17821.63,15410.44 20048.87,18269.97
@pair:85	17805.31,15296.44 16991.70,12683.51
@pair:86	17808.76,15410.44 17850.61,17469.51
@pair:87	14432.38,11647.82 16774.62,12363.84
@pair:88	14448.21,11573.82 13945.04,11279.48
@pair:89	17526.10,7465.78 18073.50,7465.80
@pair:90	21318.15,20580.00 17081.06,12683.51
@pair:91	21333.91,20580.00 21269.04,19992.57
@pair:92	16920.03,22249.10 16835.72,22240.79
@pair:93	15684.85,21372.27 16632.39,22184.45
@pair:94	23368.35,14217.45 22503.48,20553.46
@pair:95	23423.28,14135.45 22046.88,13807.77
@pair:96	18256.00,18091.95 18738.87,18234.99
@pair:97	22578.64,18780.03 19495.70,18322.75
@pair:98	19247.70,18341.57 18986.87,18293.90
@pair:99	22578.64,18779.99 18986.87,18222.72
@pair:100	15392.91,17182.69 17583.29,16693.63
@pair:101	15392.91,17267.08 19247.00,17863.47
@pair:102	15305.08,17311.96 17515.90,19049.76
@pair:103	17679.50,19163.76 23399.80,24390.32
@pair:104	17747.11,19049.76 18993.73,18955.54
@pair:105	19205.70,15179.34 17738.35,16629.33
@pair:106	15345.23,11975.94 16774.62,12363.88
@pair:107	14148.90,11163.46 15310.21,11753.84
@pair:108	12661.59,10396.29 12821.28,10544.38
@pair:109	13980.35,11089.46 13054.86,10621.60
@pair:110	12553.55,10401.16 12566.77,10496.90
@pair:111	12821.28,10584.57 12748.23,10528.78
@pair:112	15446.34,11901.94 15415.11,11835.84
@pair:113	15520.40,11835.84 16774.62,12363.80
@pair:114	21302.06,9440.00 17154.62,12323.03
@pair:115	18628.62,16029.74 20096.67,18269.97
@pair:116	18582.69,15947.74 17065.48,12683.51
@pair:117	13371.48,13850.49 14679.40,13357.55
@pair:118	13218.05,13932.49 11784.96,14945.77
@pair:119	14647.37,13283.55 16774.62,12515.88
@pair:120	13152.21,13908.64 12988.05,13922.95
@pair:121	22137.82,14078.50 21974.48,13922.18
@pair:122	17304.74,16647.82 17366.47,16535.95
@pair:123	20207.54,13683.87 20372.39,13802.66
@pair:124	20043.93,13683.87 17975.48,17469.51
@pair:125	18215.86,16505.41 19871.26,14548.89
@pair:126	18161.55,16587.41 18218.87,16648.50
@pair:127	18111.61,16648.50 19188.59,14150.99
@pair:128	19883.73,15071.73 19919.74,14548.89
@pair:129	19081.85,14036.99 17154.62,12581.23
@pair:130	19283.20,14150.99 19809.16,14418.89
@pair:131	19298.20,14150.99 20246.23,14603.87
@pair:132	19341.85,14112.35 19485.20,14171.07
@pair:133	19603.20,14150.74 19573.20,14108.06
@pair:134	19341.85,14059.52 19443.80,13961.74
@pair:135	19213.86,14036.99 19216.16,13898.34
@pair:136	20224.07,14735.89 20298.90,14693.87
@pair:137	20161.72,14735.89 19972.48,14548.89
@pair:138	20230.70,14817.89 20310.09,14859.91
@pair:139	20227.58,14603.87 20053.58,14539.13
@pair:140	20237.90,14354.86 20052.07,14418.89
@pair:141	22578.64,18821.13 19186.82,18408.60
@pair:142	17154.58,12249.51 18408.70,10638.42
@pair:143	16790.63,12249.51 16790.68,9776.41
@pair:144	17154.62,12249.51 18680.05,10399.24
@pair:145	17154.62,12638.13 18817.86,14449.17
@pair:146	17022.87,12249.51 17515.57,10414.00
@pair:147	22007.30,17062.91 22022.68,16784.79
@pair:148	22578.72,18779.95 22155.48,16779.71
@pair:149	21895.48,16784.79 20428.87,18270.01
@pair:150	17154.62,12623.16 21925.01,16654.79
@pair:151	12581.07,14084.79 12564.60,14002.25
@pair:152	12682.33,13910.23 14141.52,13446.85
@pair:153	17154.62,12455.41 18162.65,12552.34
@pair:154	17154.62,12249.63 23118.19,6463.96
@pair:155	23056.60,6389.96 24659.67,5512.42
@pair:156	17154.62,12553.56 20942.59,14443.80
@pair:157	20885.13,14517.80 20947.25,14593.85
@pair:158	17154.62,12249.71 26234.36,4458.76
@pair:159	26430.85,4401.10 34766.82,3994.96
@pair:160	34874.20,4027.53 32600.30,12250.52
@pair:161	26352.37,4352.76 26848.36,3682.53
@pair:162	16774.62,12567.88 15436.23,13452.11
@pair:163	17154.30,12249.51 17753.76,10172.92
@pair:164	17154.62,12360.35 25617.88,7366.24
@pair:165	25740.90,7366.24 32357.46,12326.68
@pair:166	16774.70,12249.51 15502.79,10444.62
@pair:167	26391.75,6303.24 27217.35,7455.18
@pair:168	26792.37,6162.31 27267.42,7455.18
@pair:169	26915.21,5638.31 27290.68,7455.18
@pair:170	16972.61,12249.51 17546.49,9242.32
@pair:171	17154.62,12520.52 21361.10,14388.89
@pair:172	21495.99,14462.89 21540.04,14631.67
@pair:173	17154.62,12430.13 19160.01,12098.86
@pair:174	20053.58,14503.16 20845.31,14624.47
@pair:175	20053.58,14505.15 21412.71,14731.48
@pair:176	19942.44,14418.89 19958.57,14376.87
@pair:177	16991.62,12683.51 17387.09,14639.17
@pair:178	17581.17,14639.17 17970.74,15959.14
@pair:179	17154.62,12249.79 21347.78,8903.29
@pair:180	17154.62,12360.39 21357.47,9971.58
@pair:181	17154.42,12249.51 18835.23,8040.12
@pair:182	18835.27,8040.12 18906.75,8616.21
@pair:183	18823.61,7958.12 18813.72,7767.92
@pair:184	16774.74,12249.51 16116.86,11125.06
@pair:185	16221.48,11051.06 16194.88,10985.29
@pair:186	16790.55,12249.51 16510.20,9918.74
@pair:187	17154.62,12323.11 22651.58,9100.72
@pair:188	16774.62,12567.92 14537.67,14323.01
@pair:189	16774.62,12249.59 12488.71,7677.07
@pair:190	12362.46,7723.92 12304.57,8780.04
@pair:191	12303.55,8854.04 12365.45,11062.83
@pair:192	16151.86,10911.29 16091.90,10758.02
@pair:193	17674.61,15305.35 17521.26,15188.77
@pair:194	16991.58,12683.51 17412.40,15114.77
@pair:195	17154.62,12455.25 21624.17,12158.12
@pair:196	17154.62,12455.37 18656.12,12431.38
@pair:197	17154.62,12360.51 26596.97,7981.04
@pair:198	26762.66,7981.04 32357.46,12321.24
@pair:199	16790.59,12249.51 16753.20,9620.96
@pair:200	16628.48,8170.07 16678.02,9538.96
@pair:201	16295.92,8679.24 16653.71,9538.96
@pair:202	16991.74,12683.51 17622.05,14180.89
@pair:203	17642.46,14254.89 17717.47,14399.58
@pair:204	17744.10,14473.58 17831.24,14681.19
@pair:205	17154.62,12623.24 18986.79,14210.59
@pair:206	19230.16,14325.95 21412.71,14728.08
@pair:207	17154.62,12360.59 22080.70,10301.17
@pair:208	16774.62,12683.51 15076.95,14285.34
@pair:209	17788.40,15296.44 17424.57,14073.77
@pair:210	16991.66,12683.51 17295.56,13999.77
@pair:211	16790.51,12249.51 16449.11,9736.98
@pair:212	17154.62,12249.83 20437.60,9707.37
@pair:213	17154.62,12323.07 20406.00,10128.54
@pair:214	16774.62,12416.43 15167.07,11989.19
@pair:215	17154.62,12360.43 20949.83,10244.69
@pair:216	18049.49,13779.43 18421.08,14361.79
@pair:217	17154.62,12638.09 18297.49,13697.43
@pair:218	18946.97,14210.59 18238.54,13779.43
@pair:219	16774.62,12422.39 11111.37,12370.11
@pair:220	11035.00,12450.54 12606.41,19167.54
@pair:221	11053.89,12352.54 11684.31,11588.14
@pair:222	11769.24,11514.14 12320.83,11160.83
@pair:223	21540.85,23626.11 13333.21,22740.69
@pair:224	21731.83,23682.36 21948.92,23969.79
@pair:225	21671.43,23584.36 20230.89,18703.97
@pair:226	21687.23,23584.36 22455.43,21901.84
@pair:227	21671.47,23584.36 21802.57,22960.50
@pair:228	18980.78,15660.65 20102.69,18269.97
@pair:229	17095.57,12683.51 18948.69,15562.65
@pair:230	18650.81,14281.09 18547.69,14361.79
@pair:231	18946.16,14293.08 18880.72,14251.96
@pair:232	17095.69,12683.51 18303.84,14361.79
@pair:233	18468.66,14459.79 20149.49,18269.97
@pair:234	18479.22,14361.79 18517.82,14165.07
@pair:235	20328.34,16046.65 20421.52,16004.63
@pair:236	17154.62,12581.27 18605.82,13749.13
@pair:237	18908.82,13781.56 18974.40,13755.64
@pair:238	18780.67,13831.13 19226.48,14614.00
@pair:239	19103.78,15616.31 19189.32,15619.52
@pair:240	19520.32,15667.76 20352.28,15914.04
@pair:241	19252.64,14688.00 19376.18,15585.76
@pair:242	19164.15,14388.59 20450.95,15906.63
@pair:243	20445.72,16004.63 20299.14,18269.97
@pair:244	29446.82,15830.27 28922.56,15812.21
@pair:245	19213.66,12490.52 19321.93,12448.50
@pair:246	17106.35,12683.51 19254.31,15972.11
@pair:247	19016.56,15660.65 19250.32,15972.11
@pair:248	16790.39,12249.51 15533.80,8442.18
@pair:249	15539.04,8368.18 16480.32,7873.98
@pair:250	16503.76,7799.98 16214.43,7587.38
@pair:251	17154.62,12520.48 20291.86,13802.66
@pair:252	17154.62,12495.80 22822.84,13369.51
@pair:253	23013.52,13437.62 27213.38,16524.28
@pair:254	22897.41,13437.62 21692.81,14631.67
@pair:255	23070.84,13376.57 32357.46,12473.41
@pair:256	20539.86,13836.12 21150.48,13748.02
@pair:257	21386.48,13774.04 21750.88,13778.57
@pair:258	23485.51,11400.28 22496.14,11576.52
@pair:259	23733.51,11415.83 23916.39,11295.51
@pair:260	18902.60,25450.72 18211.38,25956.65
@pair:261	16423.26,32255.76 18333.43,31815.04
@pair:262	17271.59,16444.23 17168.66,16453.15
@pair:263	17271.59,16488.44 17171.16,16528.09
@pair:264	17351.05,16389.95 16925.72,15787.22
@pair:265	17033.31,16395.08 16983.47,16139.18
@pair:266	17305.70,16389.95 17029.34,16139.18
@pair:267	16217.39,20734.30 16390.08,20917.80
@pair:268	16154.57,20660.30 16027.47,20485.18
@pair:269	15928.72,20760.91 16326.53,20920.62
@pair:270	15890.73,20686.91 15947.54,20485.18
@pair:271	16324.81,20373.39 16143.77,20383.42
@pair:272	16468.53,20277.12 17791.52,17703.51
@pair:273	16584.81,20277.12 20048.87,18601.53
@pair:274	19111.88,19767.18 16610.53,20939.78
@pair:275	18371.00,19927.13 16610.53,20925.86
@pair:276	17042.90,21097.56 16610.53,21032.97
@pair:277	17107.70,21033.90 16610.53,21027.09
@pair:278	15190.66,22021.57 16359.67,21103.80
@pair:279	16441.20,21275.97 16458.95,21103.80
@pair:280	17727.02,20424.45 16610.53,20941.68
@pair:281	18608.01,21596.19 16610.53,21079.72
@pair:282	16920.07,22177.52 16523.51,21103.80
@pair:283	16159.32,20954.40 16326.53,20968.55
@pair:284	16662.41,20745.75 16529.14,20917.80
@pair:285	16745.60,21189.68 16581.10,21103.80
@pair:286	16775.21,20976.26 16610.53,21001.52
@pair:287	16455.99,20399.12 16466.72,20917.80
@pair:288	15813.77,20485.18 12840.68,19457.46
@pair:289	16468.49,20277.12 16697.49,19256.47
@pair:290	16026.83,20371.18 16860.93,19382.00
@pair:291	16768.35,19256.47 16833.83,19300.00
@pair:292	19666.27,12606.54 20047.40,12471.25
@pair:293	19674.77,12621.91 19874.13,12664.90
@pair:294	20217.13,12655.10 20349.56,12674.90
@pair:295	19938.45,16883.72 19919.83,17080.04
@pair:296	3994.36,31157.77 5118.94,30184.37
@pair:297	3962.00,31157.77 4524.61,29620.53
@pair:298	4007.75,31157.77 5253.18,30317.38
@pair:299	16774.62,12640.45 12300.05,16460.80
@pair:300	12243.04,16574.80 13100.10,22666.06
@pair:301	12222.27,16460.80 12104.85,16040.01
@pair:302	17154.38,12249.51 18561.47,8518.36
@pair:303	16991.54,12683.51 17728.63,16942.01
@pair:304	17461.80,16535.95 17666.85,16962.57
@pair:305	18527.28,17242.74 18602.68,17200.06
@pair:306	17914.85,16998.93 18243.87,17030.56
@pair:307	18447.87,17084.04 18524.27,17126.06
@pair:308	17913.09,17032.01 20506.97,18677.17
@pair:309	22578.64,18821.17 20812.97,18650.33
@pair:310	23839.49,25638.19 23469.21,24488.32
@pair:311	23577.43,24477.43 23945.61,24590.59
@pair:312	23091.35,4553.93 23516.23,4779.00
@pair:313	12517.87,14002.25 11726.35,14944.87
@pair:314	11784.96,14968.47 14216.16,13672.28
@pair:315	12449.53,14002.25 12305.99,14013.61
@pair:316	11704.20,14944.87 12201.40,14087.61
@pair:317	16774.62,12515.92 14402.04,13672.28
@pair:318	16774.62,12567.80 14344.18,13714.30
@pair:319	11784.96,14976.32 14255.07,13788.30
@pair:320	16774.62,12479.05 13045.53,12792.48
@pair:321	12878.86,12853.87 12159.89,13807.67
@pair:322	13556.52,13140.39 14995.47,13157.62
@pair:323	12966.26,12853.87 13370.55,13093.62
@pair:324	13516.52,13093.62 14773.72,12744.26
@pair:325	13406.92,13093.62 13395.19,12879.89
@pair:326	16774.62,12479.09 15005.11,12662.26
@pair:327	13045.53,12798.93 13760.37,12782.67
@pair:328	14739.11,12705.65 14066.37,12777.53
@pair:329	16774.62,12538.94 15254.52,13118.44
@pair:330	15144.62,13200.44 15031.45,15179.63
@pair:331	12833.32,12853.87 12205.27,12991.89
@pair:332	12132.42,13065.89 12087.72,13212.55
@pair:333	12907.73,12853.87 12822.45,13149.49
@pair:334	12114.52,15950.01 12167.31,15907.99
@pair:335	12370.81,16471.60 12539.63,16411.59
@pair:336	12644.84,16329.59 12542.98,15918.00
@pair:337	12214.21,15971.85 12410.32,15904.08
@pair:338	12743.64,16411.59 14000.19,16992.73
@pair:339	12381.13,16042.02 12344.84,16084.04
@pair:340	12220.92,15907.99 12377.00,15960.02
@pair:341	12265.99,16460.80 12538.26,16042.02
@pair:342	12256.47,16460.80 12304.78,16158.04
@pair:343	13080.93,16759.23 13587.88,16860.56
@pair:344	12370.81,16541.55 12818.93,16698.75
@pair:345	16774.62,12567.84 14733.74,13568.77
@pair:346	14821.04,13642.77 12816.62,14598.40
@pair:347	12604.66,14688.40 9513.90,15855.02
@pair:348	11784.96,14996.61 12603.59,14686.41
@pair:349	12803.02,14688.40 16524.37,16802.46
@pair:350	16945.90,12683.51 16672.65,16783.34
@pair:351	16931.73,12683.51 16613.73,15516.33
@pair:352	16663.27,16783.34 16731.73,15590.33
@pair:353	20417.91,14693.87 20654.57,14820.00
@pair:354	20915.89,14691.85 20776.19,14820.00
@pair:355	20745.66,14902.00 21080.00,15869.89
@pair:356	21093.31,14662.62 22525.43,14890.98
@pair:357	20973.28,14691.85 21008.32,15123.21
@pair:358	21062.08,15123.21 21412.71,14868.91
@pair:359	5801.68,8756.79 5909.62,9962.89
@pair:360	5787.84,8756.79 5500.05,9768.15
@pair:361	16774.62,12479.17 15171.49,12945.61
@pair:362	21072.30,17944.57 20428.87,18270.05
@pair:363	13713.93,16846.15 13734.15,16362.14
@pair:364	17098.27,22347.52 16690.79,23537.85
@pair:365	30252.95,13767.11 31215.19,13696.36
@pair:366	30004.95,13798.17 27556.69,14231.63
@pair:367	30207.09,13731.22 32357.46,12561.48
@pair:368	31379.21,13646.25 32357.46,12644.02
@pair:369	17095.65,12683.51 18677.93,15042.50
@pair:370	19054.28,14388.59 18781.19,15042.50
@pair:371	20102.73,18269.97 18765.38,15132.50
@pair:372	10116.68,9041.13 21412.71,14678.39
@pair:373	16774.62,12515.80 5517.40,16060.72
@pair:374	5197.40,16072.67 4141.43,15863.61
@pair:375	4075.50,15797.72 4327.95,15618.32
@pair:376	9547.49,17978.60 9040.82,18058.34
@pair:377	9192.83,18834.94 8963.54,18253.71
@pair:378	9189.54,18516.08 9040.82,18209.12
@pair:379	9372.01,18583.19 9524.55,18615.32
@pair:380	10121.44,18437.92 10254.95,18387.05
@pair:381	9760.55,18652.17 9867.44,18444.42
@pair:382	9269.78,18516.08 9311.24,18231.20
@pair:383	9457.02,18180.90 9685.67,18190.92
@pair:384	9338.47,18074.02 9040.82,18087.31
@pair:385	8333.24,21763.28 8320.97,22527.42
@pair:386	7646.38,17875.37 7976.60,18065.33
@pair:387	8176.35,18110.34 8708.82,18092.68
@pair:388	8283.17,18212.24 8708.82,18127.66
@pair:389	8084.23,18155.33 8130.13,18197.35
@pair:390	8078.77,18279.35 7664.64,18485.38
@pair:391	7990.09,18155.33 7846.06,18271.91
@pair:392	7762.77,18345.91 7606.69,18485.38
@pair:393	5454.47,16248.84 6612.53,17670.82
@pair:394	7422.82,18392.46 7537.57,18485.38
@pair:395	6715.46,17752.82 7340.01,18318.46
@pair:396	7169.76,18357.51 7472.85,18485.38
@pair:397	6679.50,17752.82 7074.21,18283.51
@pair:398	7436.70,18494.81 5785.78,18039.80
@pair:399	7684.70,18495.37 8708.82,18150.29
@pair:400	8315.67,17920.66 8708.82,18035.96
@pair:401	8173.90,17838.66 8114.19,17750.51
@pair:402	8162.85,17750.51 8708.82,18002.89
@pair:403	5197.40,16117.64 4947.95,16176.11
@pair:404	4788.67,16217.39 4345.48,16614.59
@pair:405	8319.68,17452.56 9358.74,15953.40
@pair:406	8332.89,17534.56 8728.27,17931.71
@pair:407	9269.15,15571.06 9775.99,15609.97
@pair:408	17154.62,12322.99 21931.76,8896.02
@pair:409	9411.82,20641.31 10357.56,18424.17
@pair:410	5378.68,16248.84 5646.31,17933.13
@pair:411	5616.48,18055.13 4722.96,19529.86
@pair:412	4688.95,19603.86 4567.62,20045.40
@pair:413	5641.61,18055.13 5321.28,19521.19
@pair:414	5325.38,19603.19 5446.24,19966.90
@pair:415	5255.35,15974.84 4952.34,15617.46
@pair:416	5658.91,18055.13 5741.22,19746.40
@pair:417	5739.37,19820.40 5586.78,21326.54
@pair:418	7179.42,15652.53 8772.08,17931.71
@pair:419	7056.44,15554.53 5710.68,14521.66
@pair:420	5517.40,16060.76 7024.15,15643.11
@pair:421	6149.47,13678.42 8785.58,17931.71
@pair:422	6112.24,13678.42 5636.30,14423.66
@pair:423	6064.52,11388.31 5315.04,12889.69
@pair:424	5220.32,13146.94 5276.91,12979.69
@pair:425	5174.16,13220.94 4954.40,13460.49
@pair:426	6041.82,13596.42 5385.79,12979.69
@pair:427	5212.62,12979.69 4043.63,13937.59
@pair:428	5283.58,14216.55 5491.95,14216.53
@pair:429	5452.59,13872.64 5551.59,14126.53
@pair:430	5373.06,13798.64 4980.37,13542.49
@pair:431	7097.29,15554.53 5626.04,14216.53
@pair:432	5455.32,14141.16 4111.67,14018.84
@pair:433	5383.20,15974.84 5609.73,14521.66
@pair:434	5544.55,14423.66 4032.00,14027.59
@pair:435	4111.67,13954.49 4758.52,13531.68
@pair:436	5494.96,14459.35 5232.24,14731.16
@pair:437	11559.33,15146.87 9008.13,17931.71
@pair:438	5517.40,16208.91 8708.82,17991.99
@pair:439	8708.82,17969.99 7894.81,17420.34
@pair:440	7848.03,17338.34 7919.43,17003.78
@pair:441	7715.35,17411.41 6869.39,17547.48
@pair:442	5785.78,17962.00 6633.39,17607.15
@pair:443	8873.90,18253.71 8796.21,32075.24
@pair:444	8785.28,32075.24 6580.11,23324.26
@pair:445	5295.27,15974.84 4819.27,14974.59
@pair:446	5379.77,16248.84 6562.72,23242.26
@pair:447	6517.72,23242.26 5042.32,22372.00
@pair:448	8919.98,32123.77 24535.41,33073.00
@pair:449	5313.42,16248.84 4209.35,19737.27
@pair:450	4208.95,19811.27 4977.91,22290.00
@pair:451	4941.47,22372.00 4399.75,22823.82
@pair:452	8889.54,17931.71 8932.20,17626.56
@pair:453	8942.70,17552.56 9018.67,17199.25
@pair:454	8708.82,17941.68 7363.12,16717.35
@pair:455	7428.87,16644.86 7964.14,16560.75
@pair:456	7180.87,16638.56 6476.57,16492.09
@pair:457	7248.68,16611.35 6790.84,16179.45
@pair:458	7180.87,16613.52 6594.51,16373.14
@pair:459	7180.87,16660.24 6616.69,16641.56
@pair:460	5517.40,16162.93 6242.72,16430.55
@pair:461	5517.40,16109.67 6633.62,16144.04
@pair:462	5517.40,16136.23 6386.25,16318.15
@pair:463	5517.40,16179.47 6411.16,16600.65
@pair:464	5424.96,15974.84 5815.50,15232.30
@pair:465	9087.10,15716.16 9160.10,15723.91
@pair:466	9040.82,18014.35 12939.62,16174.00
@pair:467	13612.03,16286.03 13136.00,16166.60
@pair:468	8936.79,17931.71 9665.55,16240.95
@pair:469	9653.38,16166.95 9427.73,15953.40
@pair:470	8708.82,18067.22 7172.31,17848.79
@pair:471	5482.37,16248.84 7161.54,17788.75
@pair:472	7135.36,17870.75 7359.56,18161.48
@pair:473	8708.82,18191.25 7993.37,18818.64
@pair:474	7824.91,18892.64 7017.88,18905.85
@pair:475	8458.30,15887.72 8096.48,15533.47
@pair:476	8503.92,15961.72 8455.36,16627.44
@pair:477	8835.47,17931.71 8461.84,16709.44
@pair:478	8434.75,16627.44 8055.84,15533.47
@pair:479	6951.42,18720.21 7004.76,18678.19
@pair:480	5304.70,16248.84 4088.44,19460.46
@pair:481	5425.58,16248.84 7854.51,20891.87
@pair:482	7857.72,21037.87 7135.47,22916.79
@pair:483	8789.01,18253.71 8399.34,19187.45
@pair:484	8119.79,20169.05 8369.44,19261.45
@pair:485	7754.84,20968.39 7064.12,21273.11
@pair:486	9040.82,18127.98 10254.95,18339.55
@pair:487	7959.92,20891.87 10331.01,18424.17
@pair:488	10402.85,18424.17 10612.12,19332.28
@pair:489	8894.79,18253.71 9006.71,19058.94
@pair:490	7935.03,20891.87 8986.98,19140.94
@pair:491	10285.08,18424.17 9083.63,19058.94
@pair:492	9040.82,17974.06 9962.14,17414.60
@pair:493	10062.73,17340.60 10442.18,17144.97
@pair:494	8969.22,17931.71 9856.44,16621.13
@pair:495	9878.81,16547.13 9901.24,15615.82
@pair:496	5686.66,18055.13 6345.69,19145.04
@pair:497	8708.82,18171.18 6442.69,19145.04
@pair:498	5197.40,16097.14 4405.05,16073.81
@pair:499	5399.27,16248.84 5742.01,17419.62
@pair:500	6394.19,20576.34 6536.93,20499.06
@pair:501	5272.35,16248.84 4908.02,16885.18
@pair:502	4867.73,16959.18 4544.50,17649.62
@pair:503	5199.06,16248.84 4133.75,17220.01
@pair:504	6516.95,18959.73 6757.88,18934.72
@pair:505	8708.82,18169.90 7010.46,18894.18
@pair:506	5425.96,16248.84 6859.36,18894.18
@pair:507	7017.88,18999.42 7594.18,19481.45
@pair:508	5517.40,16076.44 7913.10,15443.47
@pair:509	8161.10,15468.94 9775.99,15594.66
@pair:510	6769.61,18894.18 6534.20,18864.64
@pair:511	24285.02,14477.66 24132.83,14509.95
@pair:512	24062.71,14401.70 24023.56,14443.72
@pair:513	29875.01,18264.68 27521.38,16770.38
@pair:514	32258.98,18594.65 33524.98,18317.05
@pair:515	3826.20,20147.16 3845.59,20069.67
@pair:516	24008.40,17746.07 27213.38,16677.27
@pair:517	20428.87,18341.63 23645.40,17746.07
@pair:518	31172.61,18763.19 29356.55,19225.35
@pair:519	31409.18,18739.71 31529.25,18450.87
@pair:520	31899.25,18433.42 33524.98,18291.83
@pair:521	29293.30,19225.35 27521.34,16770.46
@pair:522	29418.60,19253.55 29658.24,19221.23
@pair:523	30630.03,19194.59 30904.68,19294.71
@pair:524	30001.24,19178.05 30334.00,19180.93
@pair:525	29043.95,21068.92 29511.58,19995.96
@pair:526	28826.70,21103.26 25915.93,21129.89
@pair:527	28826.70,21144.32 26704.91,21384.33
@pair:528	28978.13,21174.92 28897.36,21472.29
@pair:529	28826.70,21111.02 26479.34,21187.34
@pair:530	29249.85,19331.35 29507.07,19889.96
@pair:531	20428.87,18467.86 29332.83,19930.88
@pair:532	29650.78,19889.96 33524.98,18331.81
@pair:533	29606.33,19889.96 30284.45,19427.67
@pair:534	30535.15,19364.43 30904.68,19363.56
@pair:535	29293.34,19225.35 29645.69,18923.28
@pair:536	29686.54,18849.28 29663.61,18710.10
@pair:537	28892.61,15038.08 27521.38,16504.46
@pair:538	28679.15,15038.08 28521.97,15099.00
@pair:539	20696.35,15337.10 21412.71,14864.32
@pair:540	28312.45,17589.15 27521.38,16770.46
@pair:541	31033.61,17898.96 33524.98,18250.54
@pair:542	30941.42,17930.56 31114.98,18154.32
@pair:543	31270.78,18190.64 33524.98,18268.36
@pair:544	33728.07,19785.00 33684.86,18367.44
@pair:545	24836.48,15391.57 27213.38,16504.54
@pair:546	24600.48,15392.33 21720.71,14803.96
@pair:547	29252.22,19331.35 30008.72,20541.82
@pair:548	30177.78,20566.89 30725.38,20566.87
@pair:549	30879.60,20566.87 30681.11,22522.07
@pair:550	29092.68,21174.92 30624.13,22522.07
@pair:551	30704.00,22522.07 33612.11,18367.44
@pair:552	30059.58,20663.82 30496.63,22199.22
@pair:553	30505.37,22199.22 30413.23,21282.65
@pair:554	30082.39,20541.82 30554.95,20062.33
@pair:555	30059.45,20541.82 30349.92,19946.31
@pair:556	29948.75,20541.82 28373.87,19773.35
@pair:557	30126.23,20541.82 32439.47,19186.54
@pair:558	32542.88,19104.54 33567.70,18367.44
@pair:559	24680.41,14424.94 27213.38,16504.46
@pair:560	30229.70,16455.13 27521.38,16504.54
@pair:561	30319.53,16455.13 30209.97,16599.06
@pair:562	30063.81,16599.06 27521.38,16504.58
@pair:563	29940.08,17091.95 27521.38,16504.66
@pair:564	30192.08,17166.64 33524.98,18220.47
@pair:565	22163.59,6634.04 27290.27,16504.46
@pair:566	24871.96,17696.28 27213.38,16770.42
@pair:567	22886.64,18779.99 23690.21,18564.02
@pair:568	24704.45,17778.28 23870.71,18564.02
@pair:569	22886.64,18780.03 24854.11,18654.03
@pair:570	24759.72,17778.28 25001.35,18620.57
@pair:571	23964.21,18611.56 24854.11,18653.99
@pair:572	30837.06,17130.86 33524.98,18208.98
@pair:573	14031.45,5727.04 14082.71,5684.64
@pair:574	25426.05,13485.81 27290.23,16504.46
@pair:575	27480.86,17196.17 27521.30,16770.46
@pair:576	27716.86,17270.17 28214.89,20145.99
@pair:577	28366.21,20211.39 29459.90,21674.01
@pair:578	28230.24,20211.39 27979.69,20426.96
@pair:579	24391.25,13438.90 27219.17,16504.46
@pair:580	22886.64,18828.44 24916.92,19184.02
@pair:581	20428.87,18467.77 24916.92,19205.26
@pair:582	25162.23,19184.02 27213.38,16770.46
@pair:583	25176.92,19290.75 25574.11,19421.71
@pair:584	25176.92,19247.90 28348.28,19319.60
@pair:585	25162.27,19184.02 25762.48,18857.87
@pair:586	24975.92,19306.02 24650.48,19576.90
@pair:587	25095.59,19306.02 25215.93,19448.06
@pair:588	20428.87,18341.71 21899.31,18570.64
@pair:589	22147.31,18608.87 27213.38,16683.79
@pair:590	21899.31,18570.60 21537.22,18326.54
@pair:591	30031.62,17091.95 29834.65,16857.58
@pair:592	29676.20,16775.58 27521.38,16504.62
@pair:593	32082.18,16682.80 32554.93,17388.51
@pair:594	29924.20,16806.51 31925.36,16643.88
@pair:595	32049.99,16682.80 32054.05,16996.60
@pair:596	32096.87,16584.80 32341.56,16332.46
@pair:597	32103.93,16682.80 33565.04,18157.44
@pair:598	30105.65,20541.82 31475.57,19592.08
@pair:599	31581.57,19510.08 33525.62,18367.44
@pair:600	27186.63,11649.24 25874.20,11043.81
@pair:601	27358.27,11696.69 32357.46,12439.23
@pair:602	28697.54,11200.09 25881.40,10977.18
@pair:603	28945.54,11250.54 30403.71,11798.71
@pair:604	30639.71,11857.31 32357.46,12404.82
@pair:605	28945.54,11242.61 30302.79,11681.54
@pair:606	30302.79,11661.69 29990.68,11484.51
@pair:607	30550.79,11740.91 32357.46,12396.35
@pair:608	17154.62,12455.21 26769.00,11779.05
@pair:609	27017.00,11777.47 32357.46,12442.57
@pair:610	28706.52,12172.06 27017.00,11797.05
@pair:611	26841.95,11719.74 25836.28,11043.81
@pair:612	27017.00,11780.28 29384.53,12143.18
@pair:613	29661.53,12163.07 32357.46,12446.21
@pair:614	17154.62,12397.99 24787.35,9333.77
@pair:615	24932.61,9333.77 25679.04,10857.81
@pair:616	28421.83,11698.35 25881.40,10997.20
@pair:617	28669.83,11757.10 32357.46,12428.44
@pair:618	28421.83,11717.86 27159.20,11420.95
@pair:619	29464.60,10968.06 29321.80,10572.06
@pair:620	29591.46,11066.06 32357.46,12375.77
@pair:621	29441.68,10968.06 29267.85,10811.86
@pair:622	29107.13,10768.29 25881.40,10944.60
@pair:623	29328.99,10811.86 32357.46,12363.38
@pair:624	29182.20,10713.86 28825.15,10282.21
@pair:625	29354.40,11016.93 27708.84,10906.27
@pair:626	27472.84,10894.99 25881.40,10964.26
@pair:627	26435.72,9787.51 25811.04,10857.81
@pair:628	30731.10,12324.11 32357.46,12456.04
@pair:629	28818.03,11703.77 25881.40,10987.51
@pair:630	29054.03,11756.47 32357.46,12420.88
@pair:631	27898.40,12114.48 27512.91,12176.22
@pair:632	26199.41,10418.95 25853.46,10857.81
@pair:633	27290.44,10426.18 25881.40,10930.25
@pair:634	24972.31,8986.96 25697.52,10857.81
@pair:635	17154.62,12360.55 24829.85,8986.96
@pair:636	25049.59,8986.96 32357.46,12376.72
@pair:637	15050.95,22127.57 14834.87,22458.97
@pair:638	21166.28,15313.23 21124.25,15869.89
@pair:639	21194.05,15239.23 21482.41,14881.67
@pair:640	22578.68,18779.95 21122.33,16079.89
@pair:641	20299.18,18269.97 20991.45,16079.89
@pair:642	21264.27,16005.32 22117.48,16234.14
@pair:643	17154.62,12623.20 20994.26,15869.89
@pair:644	19191.61,14388.59 20994.22,15869.89
@pair:645	21249.87,15869.89 21334.45,15809.19
@pair:646	21264.27,16041.08 21517.41,16149.15
@pair:647	21607.92,16149.15 21570.23,14881.67
@pair:648	21594.15,16231.15 21208.15,17047.60
@pair:649	22578.64,18779.95 21274.45,16726.28
@pair:650	21122.29,16079.89 21145.33,16652.28
@pair:651	22578.76,18779.95 22383.48,16306.48
@pair:652	22231.76,16306.48 22105.77,16471.31
@pair:653	20968.27,15991.20 20793.13,16070.03
@pair:654	25014.63,22006.65 24906.93,22038.37
@pair:655	22886.56,19021.95 24627.24,22120.37
@pair:656	28422.33,25055.96 24818.07,22120.37
@pair:657	28632.14,25121.65 30256.29,25145.40
@pair:658	28372.14,25125.97 27921.85,25158.40
@pair:659	28498.72,25185.96 28392.74,27213.61
@pair:660	28106.26,27160.63 27895.45,28028.75
@pair:661	28114.87,27160.63 27980.88,29156.25
@pair:662	27977.54,27062.63 27292.38,26823.87
@pair:663	28489.51,25185.96 28127.68,27062.63
@pair:664	28318.21,27213.61 28214.28,27160.63
@pair:665	28579.97,25185.96 31869.84,27948.39
@pair:666	22886.64,19021.95 25561.07,21842.00
@pair:667	28440.42,25055.96 25737.00,21924.00
@pair:668	22886.60,19021.95 24206.79,20698.49
@pair:669	28456.54,25055.96 27167.45,23233.43
@pair:670	27257.47,23149.45 27819.50,23032.84
@pair:671	27111.86,23119.43 26842.92,22137.34
@pair:672	28133.50,22994.45 28663.78,22974.77
@pair:673	27074.62,23119.43 26858.60,22886.43
@pair:674	25835.07,21873.02 26701.78,22109.88
@pair:675	28775.31,27312.26 29336.19,29352.56
@pair:676	27257.47,23172.37 29511.75,23102.10
@pair:677	27209.12,23233.43 27651.64,23542.36
@pair:678	27720.94,23542.36 27781.35,23405.21
@pair:679	27177.17,23119.43 27420.30,22840.59
@pair:680	24509.07,15270.73 24143.92,15114.74
@pair:681	12752.04,21198.17 12735.23,21567.98
@pair:682	16991.50,12683.51 17606.68,16237.67
@pair:683	17497.77,16389.95 17594.78,16319.67
@pair:684	17771.43,16237.67 21886.63,20036.24
@pair:685	22578.64,19021.95 22019.61,19962.24
@pair:686	27521.38,16504.50 32357.46,12573.25
@pair:687	27521.38,16770.42 31051.73,19283.62
@pair:688	27521.38,16770.34 29428.48,17616.12
@pair:689	32527.73,17388.51 32103.86,17070.60
@pair:690	32778.71,16174.74 33345.39,16772.03
@pair:691	33120.14,14920.73 33187.27,14974.87
@pair:692	32566.80,16076.74 30597.68,15493.46
@pair:693	30670.77,15423.87 32381.09,15142.34
@pair:694	32724.83,16076.74 32585.87,15154.75
@pair:695	22886.64,18828.40 33524.98,18291.79
@pair:696	27521.38,16504.70 33524.98,18220.51
@pair:697	33606.06,18157.44 32404.19,16332.46
@pair:698	33765.38,18157.44 34752.55,16751.80
@pair:699	32641.09,15154.75 34728.63,16669.80
@pair:700	34798.88,16669.80 34894.64,16384.37
@pair:701	33632.50,18367.44 31945.29,21784.40
@pair:702	27521.38,16770.30 30327.95,17479.10
@pair:703	33524.98,18233.01 30567.95,17538.60
@pair:704	16790.43,12249.51 15773.81,8630.43
@pair:705	15773.85,8630.43 16309.35,9801.16
@pair:706	17065.93,12683.51 18964.58,16750.49
@pair:707	20078.37,18269.97 19009.22,16824.49
@pair:708	16790.67,12249.51 16957.01,10132.47
@pair:709	17148.51,10050.47 17085.27,10008.45
@pair:710	17153.78,9934.45 17178.08,9892.43
@pair:711	16774.62,12269.60 11098.49,6387.09
@pair:712	13678.32,6684.49 13998.29,6777.98
@pair:713	11179.07,6361.19 13945.92,6787.41
@pair:714	11179.07,6312.89 12434.23,6017.35
@pair:715	12565.78,5943.35 11230.57,4013.06
@pair:716	16455.89,5159.54 15699.91,6339.40
@pair:717	16615.16,5143.53 17967.78,5397.72
@pair:718	16615.16,5136.02 20549.47,5653.23
@pair:719	20738.65,5638.31 20970.64,5233.09
@pair:720	11179.07,6343.01 15558.21,6375.52
@pair:721	33649.42,13520.21 32707.90,12660.52
@pair:722	17154.62,12430.09 25597.40,10978.20
@pair:723	25881.40,10982.22 32357.46,12414.81
@pair:724	27463.06,7713.18 32357.46,12290.81
@pair:725	30979.19,9926.74 32397.77,12250.52
@pair:726	27472.95,7686.27 30897.44,9852.74
@pair:727	11569.80,14694.81 11634.08,13577.94
@pair:728	11753.92,13503.94 12765.99,11325.38
@pair:729	16774.62,12409.33 12765.99,11243.38
@pair:730	27472.95,7488.33 27839.35,7156.64
@pair:731	27930.82,7082.64 28242.03,6723.17
@pair:732	27397.18,7455.18 27972.44,6402.98
@pair:733	27472.95,7695.65 30845.69,10033.26
@pair:734	30934.62,10115.26 32380.01,12250.52
@pair:735	27472.95,7703.15 30221.76,9733.73
@pair:736	30819.77,10033.26 30344.16,9807.73
@pair:737	27343.93,7455.18 27394.46,7090.63
@pair:738	27411.32,7016.63 27480.29,6753.53
@pair:739	27308.60,7713.18 27218.88,8624.14
@pair:740	27268.89,8698.14 29244.70,10482.06
@pair:741	27472.95,7517.62 29015.86,6747.18
@pair:742	27471.77,7713.18 30816.03,10432.39
@pair:743	30896.77,10506.39 32357.46,12271.02
@pair:744	17154.62,12520.44 19016.46,13195.65
@pair:745	27164.95,7631.49 26769.28,7713.39
@pair:746	26713.50,7796.49 29015.87,9420.56
@pair:747	29116.74,9494.56 32357.46,12303.45
@pair:748	26676.18,7706.49 26713.39,7588.32
@pair:749	27472.95,7588.01 31188.37,7576.84
@pair:750	31324.46,7624.92 32486.40,12250.52
@pair:751	31199.87,7624.92 30726.64,7814.21
@pair:752	31303.32,7534.92 30852.05,5291.39
@pair:753	31064.50,8810.72 30906.43,8766.09
@pair:754	31205.26,8886.73 32457.66,12250.52
@pair:755	27472.95,7612.07 30477.47,8052.67
@pair:756	31157.52,8804.73 30640.97,8121.12
@pair:757	30567.15,8031.12 30323.72,7756.06
@pair:758	30736.47,8101.91 30876.12,8129.72
@pair:759	32644.95,12737.70 32582.64,12660.52
@pair:760	27432.40,7455.18 27806.76,6965.62
@pair:761	27239.36,7455.18 26743.43,6547.70
@pair:762	16774.62,12249.51 14539.66,9661.03
@pair:763	14625.97,9587.03 14309.66,9184.49
@pair:764	27164.95,7559.54 26943.08,7424.99
@pair:765	27472.95,7582.52 29861.22,7453.17
@pair:766	11350.91,26951.13 12520.68,19457.54
@pair:767	17014.27,12683.51 18118.32,14627.96
@pair:768	18235.73,14701.96 18375.34,14944.08
@pair:769	17101.36,22347.52 17416.23,23192.27
@pair:770	21720.71,14663.88 22312.62,14307.22
@pair:771	20299.23,18269.97 21482.56,14881.67
@pair:772	21720.71,14746.53 21964.74,14727.14
@pair:773	21693.39,14631.67 21968.93,14268.52
@pair:774	21655.48,14881.67 22252.65,15523.54
@pair:775	21720.71,14761.98 22551.07,14781.12
@pair:776	21546.30,14881.67 21416.77,15619.17
@pair:777	21412.71,14803.42 21324.53,14735.04
@pair:778	15889.55,18627.34 15790.71,18730.99
@pair:779	16991.49,12683.51 17819.87,17469.51
@pair:780	17415.71,16535.95 17819.83,17469.51
@pair:781	18032.20,17469.51 18174.64,17438.92
@pair:782	17808.74,17703.51 17285.50,20405.34
@pair:783	20048.87,18386.72 18032.20,17575.41
@pair:784	18980.70,15660.65 18007.85,17469.51
@pair:785	18032.20,17566.22 18552.88,17679.15
@pair:786	17736.20,17703.47 16940.73,17772.87
@pair:787	16704.73,17846.87 12840.68,19231.57
@pair:788	16412.48,20399.12 16182.60,25731.72
@pair:789	17808.70,17703.51 16253.97,25731.72
@pair:790	16253.93,25731.72 16774.44,22777.48
@pair:791	16045.71,25731.72 15838.24,24647.13
@pair:792	17938.09,17703.51 20263.39,21087.79
@pair:793	16359.35,25892.57 21087.00,26389.75
@pair:794	20307.39,21161.79 21214.55,26315.75
@pair:795	16003.35,25731.72 15323.25,25131.19
@pair:796	16991.33,12683.51 17254.93,20405.34
@pair:797	17250.03,20405.34 16998.10,19625.97
@pair:798	16836.64,19579.37 12840.68,19322.81
@pair:799	17136.90,20497.84 15207.46,19892.72
@pair:800	14894.03,19818.72 13880.59,19554.52
@pair:801	13548.66,19480.52 12840.68,19457.38
@pair:802	17181.74,20405.34 17189.68,19936.58
@pair:803	17136.90,20405.34 16799.16,20378.74
@pair:804	4209.60,4939.30 3955.15,5456.81
@pair:805	25239.58,25321.00 25366.27,25502.69
@pair:806	10863.37,12352.57 10688.10,11983.35
@pair:807	17154.62,12360.47 22198.56,9921.66
@pair:808	22047.06,9847.66 21940.84,9716.93
@pair:809	21257.63,19992.57 21220.52,20295.45
@pair:810	21151.89,19894.57 21009.99,19832.34
@pair:811	16774.62,12249.55 12860.52,7942.35
@pair:812	22395.42,20553.46 20473.59,19049.34
@pair:813	20428.87,18703.97 22408.36,20553.46
@pair:814	22623.86,20553.46 22811.87,20536.73
@pair:815	22854.17,20462.73 22737.91,20217.13
@pair:816	21330.90,19992.57 21701.23,20262.33
@pair:817	22356.93,20572.94 21833.82,20336.33
@pair:818	21883.68,21022.47 22007.62,20853.06
@pair:819	22356.93,20656.14 22109.25,20779.06
@pair:820	22533.48,20553.46 22701.87,20217.13
@pair:821	21280.86,19992.57 21937.47,21859.75
@pair:822	21860.92,21096.47 21949.93,21859.75
@pair:823	22458.91,20715.46 21978.37,21859.75
@pair:824	16972.57,12249.51 17542.29,9126.30
@pair:825	27521.34,16504.46 27565.26,15850.23
@pair:826	25020.75,14953.90 24839.88,14953.88
@pair:827	25011.09,14997.88 24750.85,15025.91
@pair:828	16920.03,22177.52 15293.98,20745.00
@pair:829	17524.97,19163.76 15123.06,20437.28
@pair:830	15217.29,20663.00 15230.90,20519.28
@pair:831	15093.77,20519.28 13100.18,22666.06
@pair:832	16920.03,22285.83 13751.09,22829.08
@pair:833	13462.83,22816.03 13333.21,22773.60
@pair:834	18902.60,25361.83 18569.75,25361.81
@pair:835	19220.02,19772.16 18323.69,21925.66
@pair:836	17192.03,22347.48 18126.54,22007.66
@pair:837	19269.75,19772.16 20559.26,23848.43
@pair:838	18902.60,25419.46 18064.21,25774.61
@pair:839	18902.60,25388.90 18638.85,25482.97
@pair:840	27888.24,28118.75 27974.14,29156.25
@pair:841	27867.85,28028.75 27610.27,27333.33
@pair:842	27564.44,27259.33 27186.31,26823.87
@pair:843	28433.14,25185.96 27715.17,25577.45
@pair:844	27858.81,28028.75 27170.56,26823.87
@pair:845	27639.45,25667.45 27173.22,26717.87
@pair:846	27106.72,26717.87 25641.47,24404.24
@pair:847	27158.55,26823.87 27962.35,29156.25
@pair:848	27716.90,25577.45 29246.72,24786.43
@pair:849	23853.13,21549.76 23429.61,21064.30
@pair:850	23978.46,21631.76 25588.43,24314.24
@pair:851	22712.61,19021.95 24104.10,21549.76
@pair:852	27608.27,25577.45 25672.11,24404.24
@pair:853	27955.88,29156.25 25634.95,24404.24
@pair:854	16630.53,22844.69 16733.46,22777.48
@pair:855	15997.55,22904.95 15816.72,22904.93
@pair:856	16462.46,22879.13 16239.04,22949.06
@pair:857	16710.46,22919.26 17013.99,23009.44
@pair:858	17296.19,23077.71 17474.77,23163.63
@pair:859	16774.62,12422.51 15258.63,12521.59
@pair:860	15022.63,12561.10 14854.14,12565.48
@pair:861	16991.45,12683.51 17501.28,17313.47
@pair:862	17483.93,17403.47 15562.46,19113.35
@pair:863	20048.87,18386.68 17604.91,17403.47
@pair:864	17736.20,17486.77 17511.19,17403.47
@pair:865	16820.37,16993.34 16985.12,17117.49
@pair:866	17154.50,12249.51 18175.40,10002.66
@pair:867	16803.13,12683.51 13683.65,17727.60
@pair:868	13707.94,16944.15 13639.95,17727.60
@pair:869	14650.86,17500.22 14629.49,17440.09
@pair:870	13764.72,17753.78 14526.90,17582.22
@pair:871	13760.08,17727.60 14058.05,17608.18
@pair:872	14162.41,17526.18 15074.75,16131.59
@pair:873	14063.90,17608.18 15372.93,19113.35
@pair:874	15021.42,16674.74 15103.60,16131.59
@pair:875	13666.24,18238.64 13832.92,18174.25
@pair:876	13626.76,17857.60 13583.52,18238.64
@pair:877	13577.90,18320.64 13577.26,18362.66
@pair:878	14973.82,21475.09 14985.08,21543.53
@pair:879	15337.68,21498.74 15130.11,21543.53
@pair:880	13764.72,17803.74 13868.18,17822.12
@pair:881	13764.72,17841.43 13995.38,17937.62
@pair:882	14015.68,17869.40 14066.37,17937.62
@pair:883	13694.26,17857.60 13878.21,18100.25
@pair:884	16803.21,12683.51 15155.35,16009.59
@pair:885	13860.03,16294.93 14982.38,16093.88
@pair:886	15085.19,16131.59 14614.05,17188.75
@pair:887	14601.71,17262.75 14613.30,17366.09
@pair:888	15139.96,16131.59 15341.04,16518.42
@pair:889	15242.38,16042.66 15317.76,16000.30
@pair:890	14982.38,16046.46 14921.24,16035.11
@pair:891	16774.62,12479.13 15759.63,12657.57
@pair:892	20385.63,18935.34 19425.65,16229.84
@pair:893	16055.36,19168.96 20274.97,18951.40
@pair:894	20303.56,18703.97 20397.10,18935.34
@pair:895	20397.14,18935.34 20077.75,16767.70
@pair:896	20468.56,19049.34 21279.67,19776.40
@pair:897	20430.40,19049.34 21263.92,20917.71
@pair:898	17095.77,12683.51 19247.71,15410.54
@pair:899	19167.67,15516.54 19400.81,16123.84
@pair:900	17095.61,12683.51 19309.93,16123.84
@pair:901	17095.73,12683.51 18550.16,14565.19
@pair:902	19271.73,15410.54 18657.40,14639.19
@pair:903	19203.86,15516.54 20044.21,16677.70
@pair:904	19476.53,16229.84 20013.10,16677.70
@pair:905	16175.99,18599.50 15564.14,19113.35
@pair:906	16284.58,18501.50 16508.12,18309.39
@pair:907	16519.71,19560.56 15952.08,19338.87
@pair:908	15739.34,19271.60 15243.61,19144.44
@pair:909	14959.61,19120.00 11726.59,19392.79
@pair:910	30081.98,4503.89 30177.10,4403.05
@pair:911	15648.34,14261.57 15683.08,14215.60
@pair:912	16786.16,12683.51 15742.99,14261.57
@pair:913	16786.12,12683.51 15588.44,14141.60
@pair:914	17154.62,12249.67 21731.10,7936.40
@pair:915	16790.71,12249.51 16973.12,10517.95
@pair:916	17118.80,10132.47 17057.02,10443.95
@pair:917	16154.47,18501.50 15999.86,18447.59
@pair:918	6684.15,8304.73 5310.99,8386.44
@pair:919	6842.06,8346.35 7703.23,9590.58
@pair:920	7753.59,9590.58 8146.02,9004.12
@pair:921	6803.24,8248.35 6656.86,6785.83
@pair:922	6526.16,6758.42 5898.24,6805.86
@pair:923	6782.45,8346.35 5934.79,9962.89
@pair:924	16774.62,12515.84 14130.16,13372.85
@pair:925	17095.53,12683.51 19454.70,16348.89
@pair:926	19499.42,16422.89 19891.06,17080.04
@pair:927	16774.62,12409.29 12490.78,11149.46
@pair:928	11639.39,10594.96 11854.93,10680.02
@pair:929	12242.78,11064.42 12045.45,10754.02
@pair:930	17154.62,12512.89 20421.17,13414.48
@pair:931	20761.99,13580.06 20614.02,13528.48
@pair:932	20286.77,13601.87 20421.17,13516.34
@pair:933	22822.84,13392.91 20681.17,13466.98
@pair:934	20681.17,13485.73 21750.88,13778.53
@pair:935	23415.92,13282.38 22859.87,14203.96
@pair:936	23319.07,13214.66 20609.56,12718.16
@pair:937	20681.17,13446.75 20821.74,13373.89
@pair:938	20903.35,13314.44 20854.73,13272.42
@pair:939	20628.34,13414.48 20768.24,13272.42
@pair:940	21720.71,14695.21 22719.94,14293.96
@pair:941	16774.62,12287.00 8957.74,4901.83
@pair:942	8892.57,4901.83 8823.74,11882.91
@pair:943	11500.96,14983.39 11318.60,14692.35
@pair:944	10890.80,13894.79 9425.62,12176.13
@pair:945	11218.54,14618.35 10938.31,13968.79
@pair:946	17390.12,16389.95 17075.77,15049.19
@pair:947	16945.98,12683.51 16914.46,14967.19
@pair:948	17083.63,15049.19 17290.14,15619.95
@pair:949	8708.82,18248.39 8545.21,18527.56
@pair:950	16774.62,12567.96 13788.15,15065.72
@pair:951	13591.48,15065.72 13262.94,14766.85
@pair:952	13643.93,15065.72 13549.90,14759.97
@pair:953	13614.86,14685.97 13837.93,14581.58
@pair:954	8913.75,12079.40 9231.76,12114.15
@pair:955	9264.80,12086.13 8934.91,11964.91
@pair:956	8946.94,4901.83 10948.83,7173.09
@pair:957	8803.36,12029.51 8814.90,11964.91
@pair:958	18986.75,14210.59 13811.69,9727.18
@pair:959	8953.90,4901.83 13675.70,9645.18
@pair:960	8926.66,4901.83 10028.84,6909.68
@pair:961	10043.99,8967.13 10049.04,6983.68
@pair:962	13592.51,9723.49 13166.60,9723.51
@pair:963	5355.11,16248.84 5337.12,17377.67
@pair:964	8851.08,4901.83 8718.58,5093.83
@pair:965	11665.83,15146.87 11805.02,15727.15
@pair:966	9040.82,17948.00 11748.86,15849.15
@pair:967	13540.15,15163.71 11948.83,15740.98
@pair:968	11810.12,15849.15 11766.46,16124.25
@pair:969	11948.83,15766.11 13100.71,15446.85
@pair:970	13651.31,15171.72 13152.26,17231.01
@pair:971	13126.20,17321.01 12729.72,18498.91
@pair:972	11837.89,15849.15 12703.12,18498.91
@pair:973	9444.35,12176.13 10803.54,13247.51
@pair:974	11796.71,15727.15 10863.90,13321.51
@pair:975	11948.83,15795.83 12172.22,15745.92
@pair:976	13017.35,17253.85 12785.98,17212.49
@pair:977	12641.86,17224.74 12626.60,17325.14
@pair:978	15612.91,18526.22 15607.28,18470.59
@pair:979	16774.62,12650.42 11799.35,17105.48
@pair:980	11770.69,17203.48 12156.38,18132.18
@pair:981	11697.01,17105.48 11645.28,17063.46
@pair:982	16265.09,16280.19 16383.91,16325.07
@pair:983	11749.54,17203.48 11741.93,17794.08
@pair:984	11711.54,17868.08 11657.95,17934.66
@pair:985	11714.75,17203.48 11564.94,17533.70
@pair:986	11616.15,17934.66 11546.00,17607.70
@pair:987	8068.30,12573.25 9582.71,14002.28
@pair:988	20230.57,12476.24 22332.96,14217.22
@pair:989	27472.95,7639.78 30658.43,8686.30
@pair:990	30808.65,8776.07 30912.53,8954.36
@pair:991	30952.88,9028.36 32437.32,12250.52
@pair:992	27472.95,7628.18 29117.86,7994.55
@pair:993	30683.62,8686.07 29326.11,8067.84
@pair:994	16774.62,12422.47 14300.62,12492.33
@pair:995	16774.62,12422.43 13961.30,12444.59
@pair:996	17154.62,12498.98 27296.69,14232.42
@pair:997	27556.69,14208.92 32357.46,12520.24
@pair:998	30004.95,13791.68 28840.45,13910.11
@pair:999	27556.69,14221.55 28604.45,13954.86
@pair:1000	27418.29,14319.64 27234.34,15743.54
@pair:1001	27478.67,14319.64 27553.65,14413.40
@pair:1002	5725.03,29876.30 5715.40,29969.49
@pair:1003	8169.35,8930.12 8103.98,7240.24
@pair:1004	24206.78,12411.41 24309.32,12617.97
@pair:1005	24207.69,12669.86 24081.35,12985.54
@pair:1006	19329.97,15972.11 21773.71,13922.18
@pair:1007	20539.86,13836.16 21750.88,13778.61
@pair:1008	22708.72,14293.96 22046.88,13922.18
@pair:1009	21137.36,15869.89 21817.54,13922.18
@pair:1010	12765.99,11319.15 21750.88,13778.49
@pair:1011	18007.93,17469.51 21775.92,13922.18
@pair:1012	21569.79,14631.67 21817.60,13922.18
@pair:1013	21750.88,13712.18 20877.64,11808.35
@pair:1014	22279.45,13597.75 22046.88,13712.18
@pair:1015	17154.62,12512.85 21750.88,13778.48
@pair:1016	27213.38,16504.50 22046.88,13875.33
@pair:1017	22046.88,13712.22 22696.14,13598.12
@pair:1018	22046.88,13807.73 32357.46,12471.80
@pair:1019	22811.99,14203.96 22779.50,14141.70
@pair:1020	22046.88,13807.81 22880.46,14067.70
@pair:1021	21750.88,13778.69 21554.79,13946.25
@pair:1022	17823.35,15296.44 17899.25,14937.91
@pair:1023	17853.62,14755.19 17901.92,14863.91
@pair:1024	23399.71,16373.08 23368.10,16647.20
@pair:1025	23340.80,16721.20 23130.67,17127.35
@pair:1026	26114.58,16884.63 26637.46,16049.32
@pair:1027	25914.87,16947.41 24931.19,17222.29
@pair:1028	23480.47,24390.32 27336.93,17402.19
@pair:1029	27425.33,14319.64 27362.70,17312.19
@pair:1030	27232.14,15817.54 27358.63,17312.19
@pair:1031	26156.28,16974.63 27290.35,17312.19
@pair:1032	25482.86,16715.43 25429.29,16656.36
@pair:1033	25914.87,16914.92 25665.92,16765.36
@pair:1034	26450.89,15957.42 26528.60,15974.71
@pair:1035	27296.69,14300.46 25626.53,14889.09
@pair:1036	25549.80,14971.09 26620.05,15935.32
@pair:1037	21415.96,15069.23 22340.37,11656.27
@pair:1038	22994.50,10941.49 22487.98,11510.27
@pair:1039	17154.62,12478.83 20349.56,12685.92
@pair:1040	20446.97,12763.34 20250.30,13179.73
@pair:1041	20596.35,12625.34 22236.58,11656.27
@pair:1042	22271.03,11510.27 22129.28,11155.48
@pair:1043	22496.14,11592.43 23100.98,11509.49
@pair:1044	23022.12,10867.49 22940.92,10786.67
@pair:1045	22432.43,11510.27 22708.08,10971.23
@pair:1046	22394.88,11510.27 22710.28,10567.80
@pair:1047	22384.63,11656.27 22511.14,11753.85
@pair:1048	22334.53,11510.27 22161.84,10738.56
@pair:1049	20487.92,12763.34 20507.71,12926.63
@pair:1050	16774.62,12422.23 13991.19,12105.51
@pair:1051	5825.20,10044.89 5641.07,10130.60
@pair:1052	5554.02,10130.60 5496.76,9850.15
@pair:1053	17767.33,17703.51 16028.07,19444.60
@pair:1054	15276.36,20987.84 15132.94,21221.47
@pair:1055	15127.28,22021.57 15107.02,21311.47
@pair:1056	15503.68,21309.77 15229.89,21279.97
@pair:1057	15966.83,19526.60 15128.16,21221.47
@pair:1058	21526.54,14881.67 20874.92,16807.56
@pair:1059	18032.20,17544.54 20737.75,16878.83
@pair:1060	20895.90,16889.56 20964.44,16931.58
@pair:1061	16774.62,12311.93 15817.55,11764.58
@pair:1062	15703.63,11543.84 15884.67,11690.58
@pair:1063	16774.62,12422.35 13476.77,12255.72
@pair:1064	16005.28,19526.60 16058.71,19647.24
@pair:1065	18364.27,22922.04 17931.88,21522.88
@pair:1066	18406.66,23004.04 18669.20,23366.16
@pair:1067	18313.35,23004.04 18225.16,23060.90
@pair:1068	18107.87,23134.90 17773.96,23134.92
@pair:1069	18748.29,21688.90 19064.60,23250.14
@pair:1070	18760.36,21688.90 19664.41,23705.66
@pair:1071	19090.05,14388.59 18982.59,14797.33
@pair:1072	17975.18,17469.51 19061.48,14871.33
@pair:1073	15004.62,22121.13 12926.27,22831.62
@pair:1074	16803.37,12683.51 15756.04,16440.00
@pair:1075	16803.39,12683.51 16157.39,15187.34
@pair:1076	15951.12,15325.34 14332.28,16802.21
@pair:1077	16157.39,15246.53 16693.15,15269.48
@pair:1078	16524.61,16783.34 16703.16,15903.24
@pair:1079	16803.06,12683.51 15132.09,15385.35
@pair:1080	13756.38,16846.15 15051.72,15491.35
@pair:1081	14711.68,15565.37 14601.31,15691.42
@pair:1082	14984.05,15491.35 14845.00,15491.37
@pair:1083	9040.82,18035.79 13885.30,16522.56
@pair:1084	15050.43,15491.35 14056.98,16430.36
@pair:1085	13994.78,16430.36 13882.01,16230.12
@pair:1086	14067.87,16528.36 14239.63,16802.21
@pair:1087	14137.30,16495.32 14274.23,16605.63
@pair:1088	15177.48,15491.35 15602.18,15740.72
@pair:1089	15684.35,15814.72 16119.41,16431.55
@pair:1090	15897.39,15296.21 15718.04,15381.25
@pair:1091	15223.85,15429.11 15482.04,15426.23
@pair:1092	16786.08,12683.51 13905.69,16132.12
@pair:1093	13778.86,16272.14 13818.85,16230.12
@pair:1094	13959.34,16132.12 14207.70,15987.03
@pair:1095	14325.33,15913.03 14502.07,15765.42
@pair:1096	13989.49,16207.52 14267.14,16266.63
@pair:1097	16157.39,15187.34 16426.23,14513.74
@pair:1098	16157.39,15198.06 16549.11,15113.29
@pair:1099	16640.28,15031.29 16633.93,14071.63
@pair:1100	16681.29,15113.29 21002.00,19281.83
@pair:1101	16803.41,12683.51 16509.65,13989.63
@pair:1102	16648.77,13989.63 16692.16,13899.43
@pair:1103	16803.45,12683.51 16560.30,13825.43
@pair:1104	16945.94,12683.51 16786.87,15215.11
@pair:1105	17819.79,17469.51 16880.07,15305.11
@pair:1106	16693.15,15302.21 16509.50,15400.31
@pair:1107	16803.17,12683.51 16118.84,14064.73
@pair:1108	16205.06,17221.59 16290.93,17217.68
@pair:1109	16305.54,14309.18 16243.67,14267.16
@pair:1110	16803.33,12683.51 16330.53,14309.18
@pair:1111	16050.34,15187.34 16327.21,14391.18
@pair:1112	16803.25,12683.51 16329.80,14193.16
@pair:1113	15897.39,15254.62 15828.98,15203.69
@pair:1114	16082.18,14138.73 15698.94,14881.55
@pair:1115	15707.62,15165.13 15681.18,14971.55
@pair:1116	15943.69,15187.34 15878.55,15087.57
@pair:1117	15709.46,14971.55 15807.05,15013.57
@pair:1118	16790.47,12249.51 16446.43,9875.16
@pair:1119	15716.38,16522.00 15595.90,16927.84
@pair:1120	16135.93,17629.54 16013.11,17706.55
@pair:1121	15735.99,16522.00 15958.31,17706.55
@pair:1122	15848.25,17796.55 12840.68,19231.53
@pair:1123	16121.97,17796.37 18050.34,18355.28
@pair:1124	16774.62,12683.47 14303.31,14882.92
@pair:1125	13923.76,15417.13 14384.29,14956.92
@pair:1126	20048.87,18386.80 18921.59,18105.08
@pair:1127	21590.42,14881.67 21720.77,15372.66
@pair:1128	32589.63,8593.53 33306.64,6275.29
@pair:1129	32577.81,8667.53 32543.60,12250.52
@pair:1130	5062.99,8412.82 4690.12,8469.95
@pair:1131	4594.76,8529.95 5459.74,9768.15
@pair:1132	17154.62,12455.33 19316.38,12350.50
@pair:1133	20047.40,12422.53 19564.38,12404.20
@pair:1134	19497.16,12448.50 19548.86,12490.52
@pair:1135	20048.87,18270.05 17326.51,15725.95
@pair:1136	16991.37,12683.51 17296.33,15619.95
@pair:1137	17399.51,16389.95 17272.88,15725.95
@pair:1138	11747.09,26429.58 12520.72,19457.54
@pair:1139	12040.35,26212.23 12520.76,19457.54
@pair:1140	17395.12,15725.95 17912.38,16097.21
@pair:1141	11784.96,15076.46 12930.14,15268.12
@pair:1142	13192.84,15389.86 13091.20,15347.84
@pair:1143	17188.98,15664.75 13178.14,15303.04
@pair:1144	12930.14,15306.10 12384.65,15317.21
@pair:1145	13131.19,15241.84 13231.74,15170.04
@pair:1146	12980.24,15241.84 12913.34,15199.37
@pair:1147	33327.88,6275.29 32568.88,12250.52
@pair:1148	33224.28,6033.29 32333.78,5133.73
@pair:1149	32763.85,6084.43 33190.07,6135.74
@pair:1150	32879.47,6269.23 33190.07,6192.39
@pair:1151	18032.20,17544.58 18202.19,17590.88
@pair:1152	22279.45,13559.71 22448.14,13558.22
@pair:1153	23217.94,12306.37 23880.52,12959.94
@pair:1154	22674.25,13516.12 23855.24,13041.94
@pair:1155	16945.82,12683.51 16565.46,18203.39
@pair:1156	13073.21,22666.06 12844.21,21971.14
@pair:1157	12746.38,21641.98 12832.15,21889.14
@pair:1158	12844.17,21971.14 12811.76,22574.59
@pair:1159	17695.59,22223.28 17766.98,21522.87
@pair:1160	17807.28,22297.28 17674.02,23134.92
@pair:1161	17596.16,22512.28 17766.94,21522.87
@pair:1162	17588.99,22586.28 17653.27,23134.92
@pair:1163	11993.69,19095.99 12520.68,19167.58
@pair:1164	16677.63,22712.12 15845.03,22851.17
@pair:1165	17808.66,17703.51 16852.75,22639.48
@pair:1166	20057.23,18703.97 16859.67,22639.48
@pair:1167	17540.95,21719.61 17729.54,21513.99
@pair:1168	19172.41,19772.16 17949.24,21248.87
@pair:1169	18494.24,19927.13 17874.47,21248.87
@pair:1170	18994.28,20621.81 18049.54,21248.87
@pair:1171	17139.86,21157.92 17729.54,21252.55
@pair:1172	17723.27,20660.81 17774.00,21248.87
@pair:1173	17237.54,21033.90 17729.54,21248.92
@pair:1174	15252.62,22127.57 17729.54,21513.95
@pair:1175	16562.56,21326.60 17729.54,21378.73
@pair:1176	17584.82,20979.50 17773.92,21248.87
@pair:1177	17808.92,20424.45 17826.49,21248.87
@pair:1178	18608.01,21582.90 18049.54,21248.92
@pair:1179	18509.58,20613.24 17999.48,21248.88
@pair:1180	17785.61,19331.84 17826.45,21248.87
@pair:1181	17180.00,22177.52 17729.54,21522.87
@pair:1182	17414.00,20862.88 17764.97,21248.88
@pair:1183	17484.39,21153.21 17729.54,21248.96
@pair:1184	16159.32,20920.78 17729.54,21369.01
@pair:1185	16651.79,19650.56 17773.88,21248.87
@pair:1186	17818.32,20863.48 17826.53,21248.87
@pair:1187	16761.76,20745.75 17729.54,21248.87
@pair:1188	16775.21,21008.30 17729.54,21252.51
@pair:1189	16852.83,22639.48 17729.58,21522.87
@pair:1190	16859.63,22639.48 18381.15,20754.92
@pair:1191	18606.57,20674.84 19622.23,20494.54
@pair:1192	18401.81,20754.92 18078.84,21564.88
@pair:1193	17192.03,22347.44 17868.56,21638.88
@pair:1194	23329.43,24458.79 22588.83,24575.09
@pair:1195	17657.24,19163.76 19232.76,21226.21
@pair:1196	18482.65,20754.92 19189.14,21226.21
@pair:1197	19050.44,21231.00 17717.67,23134.92
@pair:1198	15662.23,22806.93 12648.76,19457.54
@pair:1199	17049.33,24515.14 17626.45,23272.92
@pair:1200	16933.53,22777.48 17536.37,23134.92
@pair:1201	13333.21,22692.55 17474.77,23163.67
@pair:1202	17681.70,23272.92 17854.37,23941.35
@pair:1203	17653.83,23272.92 17533.59,24200.26
@pair:1204	16803.09,12683.51 12793.05,19167.54
@pair:1205	22578.64,18830.09 12840.68,19300.10
@pair:1206	13694.02,16944.15 13263.07,17912.90
@pair:1207	12607.96,19167.54 13367.58,17986.90
@pair:1208	12520.68,19167.62 12308.31,19254.63
@pair:1209	12520.68,19321.52 11726.59,19388.83
@pair:1210	20349.56,12705.32 19997.31,12735.05
@pair:1211	16945.86,12683.51 16563.81,18415.79
@pair:1212	16567.13,18309.39 16563.77,18415.79
@pair:1213	13100.14,22666.06 16452.51,18497.79
@pair:1214	25820.92,27607.59 26369.22,27351.41
@pair:1215	25769.97,27681.59 25875.47,27819.83
@pair:1216	16991.41,12683.51 17640.04,18574.15
@pair:1217	12840.68,19231.61 17597.66,18640.24
@pair:1218	20048.87,18601.45 17869.66,18593.55
@pair:1219	13100.22,22666.06 17597.66,18640.28
@pair:1220	17597.66,18574.15 17400.27,18464.65
@pair:1221	17869.66,18583.86 18243.98,18583.86
@pair:1222	17597.66,18602.45 17072.40,18407.52
@pair:1223	16692.65,18296.08 16878.88,18333.52
@pair:1224	17154.62,12553.60 18584.10,13436.06
@pair:1225	20349.56,12750.56 18764.33,13436.06
@pair:1226	17800.03,18574.15 18600.14,13526.06
@pair:1227	11595.92,19362.25 9718.99,8208.21
@pair:1228	18584.06,13436.06 9842.46,8208.21
@pair:1229	17849.63,18728.15 20006.31,20160.13
@pair:1230	17789.03,18728.15 20157.79,20298.96
@pair:1231	17869.66,18728.11 18243.85,18817.86
@pair:1232	17869.66,18593.59 18146.57,18747.54
@pair:1233	16774.62,12422.31 14015.31,12233.94
@pair:1234	16692.65,18259.62 17220.72,18285.15
@pair:1235	17369.91,18390.65 17350.12,18325.23
@pair:1236	17014.19,12683.51 18465.05,15493.54
@pair:1237	20102.57,18269.97 18609.69,15493.54
@pair:1238	6254.03,7287.11 6300.14,7658.11
@pair:1239	6206.78,7287.11 5456.35,7938.15
@pair:1240	6684.15,8269.15 5533.09,8007.35
@pair:1241	4633.92,8447.95 5341.29,8020.15
@pair:1242	17154.62,12425.00 20948.74,11495.19
@pair:1243	20948.74,11472.53 20037.01,11378.48
@pair:1244	20948.74,11495.15 19153.90,11853.01
@pair:1245	20982.86,11543.01 20347.51,12015.42
@pair:1246	20948.74,11485.97 19415.86,11686.68
@pair:1247	20948.74,11507.61 20118.81,11767.03
@pair:1248	21220.74,11495.08 21487.45,11264.83
@pair:1249	17154.62,12398.03 19801.01,11350.60
@pair:1250	21194.41,11543.01 23985.05,13604.12
@pair:1251	17154.62,12398.11 18917.90,11918.76
@pair:1252	17154.62,12425.12 20877.64,11789.81
@pair:1253	21065.09,11543.01 21013.58,11726.35
@pair:1254	17154.62,12425.08 20188.65,11854.68
@pair:1255	20948.74,11529.28 20383.46,11780.68
@pair:1256	21220.74,11409.41 21801.94,10889.50
@pair:1257	21173.74,11381.01 21365.33,10911.52
@pair:1258	20145.82,12071.71 19951.48,12041.44
@pair:1259	20405.82,12096.40 20593.69,11999.50
@pair:1260	20405.82,12057.49 20570.24,11918.80
@pair:1261	17154.62,12398.07 19179.86,11670.46
@pair:1262	17154.62,12425.04 19890.46,11767.03
@pair:1263	17154.62,12430.17 18539.44,12330.48
@pair:1264	20145.82,12093.20 18775.44,12274.61
@pair:1265	21079.66,11381.01 21070.37,10968.97
@pair:1266	16774.62,12416.47 15688.92,12260.66
@pair:1267	17154.62,12520.56 20279.75,13991.98
@pair:1268	21077.57,15869.89 20385.73,14073.98
@pair:1269	21720.71,14723.61 22484.60,14553.11
@pair:1270	22628.74,14564.78 22659.22,14606.80
@pair:1271	21616.94,14881.67 21815.46,15218.18
@pair:1272	20507.62,14070.75 20665.39,14114.25
@pair:1273	19230.16,14286.97 20665.39,14159.45
@pair:1274	20913.39,14120.31 21214.43,14052.03
@pair:1275	21043.41,15869.89 20810.08,15540.71
@pair:1276	20802.51,14099.43 20832.53,13987.41
@pair:1277	20854.51,14197.43 21990.99,15052.51
@pair:1278	22088.08,15134.51 22199.65,15176.53
@pair:1279	22090.40,15052.51 22146.99,15010.49
@pair:1280	20121.04,19945.00 20124.45,19992.72
@pair:1281	18178.43,7547.80 18047.86,9339.65
@pair:1282	17154.34,12249.51 18168.94,9421.65
@pair:1283	16972.53,12249.51 17484.79,8725.54
@pair:1284	18026.20,9339.65 17625.20,8725.54
@pair:1285	18127.24,7547.80 17353.16,8056.33
@pair:1286	16774.62,12422.27 12426.42,11984.63
@pair:1287	11111.37,12370.07 12178.42,11994.27
@pair:1288	12188.70,12007.80 11108.36,12492.56
@pair:1289	12606.37,19167.54 11062.11,12566.56
@pair:1290	12356.07,11160.83 12284.70,11299.76
@pair:1291	12299.99,11917.80 12278.61,11373.76
@pair:1292	21016.96,18855.01 21084.25,18820.79
@pair:1293	5129.45,8434.82 4982.38,8539.63
@pair:1294	17154.62,12249.59 20492.05,8681.91
@pair:1295	17154.62,12638.09 17968.74,13356.41
@pair:1296	18968.69,14210.59 17968.74,13362.56
@pair:1297	31105.72,9777.84 32417.68,12250.52
@pair:1298	27472.95,7667.64 29750.62,8798.41
@pair:1299	31031.71,9703.84 29870.57,8872.41
@pair:1300	32204.65,12996.54 32459.37,12660.52
@pair:1301	31509.88,14070.82 32656.78,13375.27
@pair:1302	32255.61,13070.54 32651.51,13293.27
@pair:1303	30763.77,14331.59 31160.01,13937.63
@pair:1304	31312.18,13728.25 31228.26,13855.63
@pair:1305	32613.34,13375.27 31312.29,13855.63
@pair:1306	33219.05,12080.24 32725.46,12435.07
@pair:1307	17154.62,12249.75 24983.07,5714.77
@pair:1308	27169.59,7455.18 25154.54,5714.77
@pair:1309	25151.98,5714.77 32357.46,12292.43
@pair:1310	28115.64,9285.75 32357.46,12333.41
@pair:1311	20102.49,18269.97 18528.93,15717.34
@pair:1312	17014.11,12683.51 18487.99,15635.34
@pair:1313	18425.41,15717.34 18320.85,15759.36
@pair:1314	32725.46,12563.13 32929.78,12563.15
@pair:1315	32357.46,12471.76 28049.90,12852.00
@pair:1316	26698.25,15935.32 27671.34,13749.96
@pair:1317	32357.46,12573.21 26764.21,15935.32
@pair:1318	32357.46,12503.35 27828.67,13675.96
@pair:1319	26571.74,16049.32 25466.44,16574.36
@pair:1320	20428.87,18341.55 23374.44,17514.44
@pair:1321	25259.48,16656.36 23688.56,17432.44
@pair:1322	23374.44,17450.38 23259.21,17213.82
@pair:1323	20428.87,18341.51 22921.21,17257.35
@pair:1324	22155.48,16779.67 22949.10,17127.35
@pair:1325	27330.74,14319.64 23186.16,17127.35
@pair:1326	26528.60,16042.02 23259.21,17135.02
@pair:1327	33151.48,11067.98 33270.23,11252.78
@pair:1328	32648.33,12250.52 33108.42,11067.98
@pair:1329	33441.08,11286.65 34225.67,11247.93
@pair:1330	33291.93,11334.78 33226.50,11911.54
@pair:1331	28104.10,9285.75 29255.36,10482.06
@pair:1332	32357.46,12345.74 29384.55,10572.06
@pair:1333	22886.64,18779.95 23478.92,18512.16
@pair:1334	18894.86,9480.09 19358.26,8888.25
@pair:1335	17154.46,12249.51 18588.08,8806.23
@pair:1336	18851.23,9480.09 18712.99,8806.23
@pair:1337	17154.54,12249.51 18079.42,10522.40
@pair:1338	18824.90,9570.09 18225.97,10448.40
@pair:1339	17154.62,12249.55 19245.35,9936.84
@pair:1340	18891.45,9570.09 19092.37,9854.84
@pair:1341	19379.84,8888.25 19131.88,9854.84
@pair:1342	19276.29,8806.25 19130.42,8806.23
@pair:1343	5824.47,6437.36 5849.24,6322.44
@pair:1344	5885.84,6437.36 6724.36,5947.75
@pair:1345	11784.96,15132.34 12193.32,15287.47
@pair:1346	12210.88,15369.47 12088.98,15469.90
@pair:1347	11716.01,15146.87 12017.31,15469.90
@pair:1348	11784.96,15058.39 13167.54,15122.63
@pair:1349	11784.96,15065.22 12743.76,15146.29
@pair:1350	8902.29,4901.83 10871.35,18075.82
@pair:1351	10754.08,18079.58 10519.83,18001.66
@pair:1352	15432.40,30618.82 10002.77,30427.18
@pair:1353	10828.26,30186.96 10002.77,30386.58
@pair:1354	15680.40,30615.70 18257.82,30460.00
@pair:1355	14336.11,30126.15 18257.82,30442.50
@pair:1356	18505.82,30456.32 22584.05,30281.91
@pair:1357	15432.40,30666.19 14936.38,30737.66
@pair:1358	15680.40,30578.46 16046.51,30446.39
@pair:1359	10896.22,18165.82 11646.85,20028.12
@pair:1360	9383.75,30936.81 9796.61,30487.01
@pair:1361	11569.34,15146.87 9863.78,30357.01
@pair:1362	10874.34,18165.82 9861.67,30357.01
@pair:1363	10002.77,30437.38 23232.94,31525.98
@pair:1364	9909.59,30357.01 11132.11,28866.74
@pair:1365	18257.82,30428.06 14721.48,29730.99
@pair:1366	11293.02,28853.88 14391.05,29656.99
@pair:1367	11188.23,28866.74 11215.41,28930.42
@pair:1368	11293.02,28835.51 21926.47,29716.33
@pair:1369	9883.79,30487.01 9936.36,30611.15
@pair:1370	10002.77,30456.56 11442.19,30796.03
@pair:1371	11540.89,30860.86 11201.40,31511.65
@pair:1372	8097.43,12499.25 8313.29,12382.39
@pair:1373	26440.49,27351.41 25924.52,29760.47
@pair:1374	30296.38,32704.35 31002.88,30339.64
@pair:1375	30285.85,32704.35 30336.27,31501.21
@pair:1376	28616.92,33259.03 29025.14,33632.44
@pair:1377	28443.72,33243.42 26714.66,33653.23
@pair:1378	28582.18,33259.03 28655.86,33488.29
@pair:1379	28566.64,33169.03 28497.59,30285.88
@pair:1380	30314.60,32786.35 31987.46,35037.47
@pair:1381	29192.06,33730.44 30759.02,34407.84
@pair:1382	28954.71,33682.03 26714.66,33692.71
@pair:1383	28954.71,33634.33 28765.13,33562.29
@pair:1384	29070.40,33632.44 28502.98,30285.88
@pair:1385	26714.66,33716.61 28098.34,33904.53
@pair:1386	31946.18,35037.47 30913.38,34481.84
@pair:1387	33767.19,17538.45 33823.33,17455.89
@pair:1388	19497.82,19430.62 20057.27,18703.97
@pair:1389	19721.09,19013.58 20048.87,18703.97
@pair:1390	20846.23,12294.99 20542.91,12625.34
@pair:1391	17555.83,26333.31 16359.35,25946.93
@pair:1392	15708.89,24885.23 16003.39,25731.72
@pair:1393	13770.38,25697.29 16003.35,25850.10
@pair:1394	13346.63,26208.57 16003.35,25926.78
@pair:1395	16032.82,27628.51 16003.55,26125.72
@pair:1396	15090.71,25516.97 16003.35,25731.88
@pair:1397	16674.70,22266.45 16207.89,25731.72
@pair:1398	29278.36,11182.08 29778.86,11404.17
@pair:1399	32624.89,6248.48 32057.42,5949.20
@pair:1400	18091.60,18020.00 16804.05,16993.34
@pair:1401	19267.56,18322.75 16820.37,16969.71
@pair:1402	18785.59,18222.72 16820.37,16969.82
@pair:1403	19420.33,17919.03 20048.87,18355.14
@pair:1404	18993.73,18881.54 20048.87,18601.49
@pair:1405	16181.07,16699.20 16524.37,16802.50
@pair:1406	16869.54,27521.67 16244.58,26125.72
@pair:1407	15554.73,28038.87 16003.47,26125.72
@pair:1408	13590.42,26760.17 16003.35,25927.02
@pair:1409	17165.90,16721.82 16820.37,16819.72
@pair:1410	17949.83,28552.16 16244.66,26125.72
@pair:1411	13188.94,27734.65 16003.35,26012.44
@pair:1412	16820.63,28656.21 16244.50,26125.72
@pair:1413	14365.76,26222.94 16003.35,25926.86
@pair:1414	15392.91,17182.65 18058.86,16587.41
@pair:1415	17724.65,19049.76 18092.26,16730.50
@pair:1416	19368.55,15143.63 19763.55,15103.70
@pair:1417	16876.40,16876.85 16820.37,16864.01
@pair:1418	19007.49,18362.74 16820.37,16969.79
@pair:1419	19120.55,15179.34 18782.64,14523.17
@pair:1420	18398.65,12539.08 19426.77,12622.59
@pair:1421	24766.72,5438.42 26234.32,4458.76
@pair:1422	26302.67,4458.76 26090.70,6748.96
@pair:1423	26308.37,4458.76 26361.56,6229.24
@pair:1424	26320.62,4458.76 26767.98,6088.31
@pair:1425	26331.55,4458.76 26889.86,5564.31
@pair:1426	26210.64,4458.76 18982.51,8616.21
@pair:1427	17310.77,7434.38 12488.71,7677.03
@pair:1428	21802.18,12225.62 23370.09,13192.38
@pair:1429	19165.30,14210.59 20419.75,12763.34
@pair:1430	14931.07,11996.67 14785.36,11951.20
@pair:1431	22472.95,21827.84 22491.57,20715.46
@pair:1432	21813.01,22886.50 21948.32,21965.75
@pair:1433	22066.65,24043.79 22261.50,24223.48
@pair:1434	14076.61,24415.07 16003.35,25731.80
@pair:1435	19716.85,16193.77 19540.67,16150.58
@pair:1436	20572.83,16236.67 20220.85,16677.70
@pair:1437	17962.11,26030.65 16359.35,25866.76
@pair:1438	17293.05,16535.95 12840.68,19208.47
@pair:1439	16920.66,16395.08 16721.36,16783.34
@pair:1440	16872.16,16593.10 16820.37,16783.34
@pair:1441	16758.57,15787.22 16672.69,16783.34
@pair:1442	15215.58,25766.03 16003.35,25757.30
@pair:1443	14120.23,27556.69 16003.35,26085.81
@pair:1444	16983.43,16139.18 16721.32,16783.34
@pair:1445	17424.66,25890.63 16359.35,25779.61
@pair:1446	14735.83,27536.80 16003.35,26112.26
@pair:1447	15304.96,17311.96 16663.27,19174.47
@pair:1448	17487.11,19148.96 17021.81,19300.00
@pair:1449	17115.15,28905.58 16244.54,26125.72
@pair:1450	29694.76,11268.67 29825.28,11404.17
@pair:1451	11966.21,15951.59 11682.66,15146.87
@pair:1452	17871.72,27117.45 16359.35,25947.01
@pair:1453	16473.11,28539.65 16244.46,26125.72
@pair:1454	11669.89,15146.87 12606.45,19167.54
@pair:1455	16291.72,16024.36 16524.49,16783.34
@pair:1456	15225.05,17181.96 15068.76,15253.63
@pair:1457	11677.91,14944.87 12117.30,13881.67
@pair:1458	15132.91,17223.08 14198.20,17051.41
@pair:1459	22765.43,14893.56 23615.80,14776.24
@pair:1460	16849.70,27370.92 16244.62,26125.72
@pair:1461	32503.85,6037.30 32105.27,5940.77
@pair:1462	14548.04,26534.14 16003.35,25927.06
@pair:1463	16690.79,23611.85 16254.01,25731.72
@pair:1464	9209.02,18162.91 7694.63,17857.66
@pair:1465	8299.29,21689.28 7958.98,21037.87
@pair:1466	8323.84,22601.42 8543.67,24949.68
@pair:1467	8318.89,22601.42 8257.24,24137.47
@pair:1468	7694.63,17841.10 8071.74,17868.93
@pair:1469	7663.81,17785.37 8210.67,17534.56
@pair:1470	7504.27,20891.85 7811.50,20891.87
@pair:1471	7778.58,20234.61 7882.78,20891.87
@pair:1472	5632.28,22514.08 5584.40,21408.54
@pair:1473	5505.24,20734.40 5577.61,21326.54
@pair:1474	4831.37,19817.27 4595.68,20045.40
@pair:1475	4771.09,20287.23 4596.05,20119.40
@pair:1476	5065.12,19984.28 5340.53,19998.01
@pair:1477	4884.62,20287.23 5383.59,20040.90
@pair:1478	4837.09,20361.23 5552.25,21326.54
@pair:1479	7562.77,17785.37 7156.71,15652.53
@pair:1480	9065.51,15757.00 9265.90,15852.81
@pair:1481	7783.43,16887.76 7876.96,16929.78
@pair:1482	7987.25,16929.78 8416.18,16873.00
@pair:1483	24670.92,33044.63 22507.14,20715.46
@pair:1484	9635.83,15864.46 9513.90,15896.53
@pair:1485	9187.60,16883.76 9047.29,17125.25
@pair:1486	8973.14,17125.25 8528.82,16873.00
@pair:1487	8116.67,16311.10 8087.22,16505.21
@pair:1488	8407.75,16799.00 8150.56,16579.21
@pair:1489	9069.76,16598.04 9368.70,15953.40
@pair:1490	9303.77,15757.00 9356.00,15847.40
@pair:1491	8510.73,16799.00 9340.39,15953.40
@pair:1492	7172.07,20136.60 7843.78,20891.87
@pair:1493	6931.96,18794.21 6898.96,18894.18
@pair:1494	8101.87,20243.05 7906.11,20891.87
@pair:1495	6976.21,21127.91 7754.84,20946.46
@pair:1496	7694.63,17857.11 10254.95,18372.93
@pair:1497	7878.20,21037.87 7550.24,23218.73
@pair:1498	7754.84,20993.10 7302.57,21373.81
@pair:1499	8013.63,20891.87 8325.07,20891.85
@pair:1500	7820.36,21037.87 6687.14,22498.55
@pair:1501	7892.91,21037.87 8029.73,26133.09
@pair:1502	6340.77,20576.34 6864.90,19008.18
@pair:1503	24285.02,14521.70 23863.80,14743.57
@pair:1504	32088.93,18668.65 31152.67,19283.62
@pair:1505	31680.32,18509.06 31098.15,19283.62
@pair:1506	25519.93,21094.49 22628.93,20645.96
@pair:1507	26308.91,21428.75 22080.11,21898.96
@pair:1508	29652.60,19889.96 30907.53,19405.62
@pair:1509	19368.55,15158.61 20490.42,15349.09
@pair:1510	31277.26,19351.90 31190.68,19358.95
@pair:1511	30785.61,17871.25 29428.48,17670.84
@pair:1512	31022.78,18158.74 29428.48,17688.51
@pair:1513	30950.68,20566.87 31117.26,20827.77
@pair:1514	30601.23,19988.33 31014.99,19405.62
@pair:1515	30400.09,19872.31 30985.64,19405.62
@pair:1516	20428.87,18467.73 28162.26,19738.50
@pair:1517	32300.25,19157.34 31190.68,19336.09
@pair:1518	23529.19,14189.41 24512.23,14376.10
@pair:1519	17546.77,7408.22 22163.59,6617.60
@pair:1520	31065.23,19011.82 31051.77,19283.62
@pair:1521	25190.05,13435.43 23567.07,13251.44
@pair:1522	29533.52,21748.01 30851.75,23044.03
@pair:1523	24091.64,13372.43 20609.56,12718.75
@pair:1524	28584.28,19320.46 30904.68,19346.74
@pair:1525	20428.87,18341.67 21301.22,18361.49
@pair:1526	31450.64,19510.08 31151.63,19405.62
@pair:1527	26538.27,12334.43 28243.63,12230.50
@pair:1528	28107.36,12375.35 28299.75,12260.30
@pair:1529	28954.52,12197.63 30495.10,12327.05
@pair:1530	28706.52,12184.21 28134.40,12110.66
@pair:1531	29354.40,10987.71 28851.91,10871.61
@pair:1532	29146.27,10713.86 27741.39,9637.82
@pair:1533	28706.52,12206.43 28479.63,12217.53
@pair:1534	14922.54,22532.97 16045.59,25731.72
@pair:1535	20428.87,18269.97 21358.68,17121.60
@pair:1536	13002.94,20459.57 12648.72,19457.54
@pair:1537	31990.47,28038.39 32901.09,28652.32
@pair:1538	31957.22,28038.39 33206.59,29717.13
@pair:1539	31926.55,27948.39 32029.29,26310.48
@pair:1540	31799.72,27965.20 28910.64,27308.34
@pair:1541	31840.65,28038.39 29414.66,29352.56
@pair:1542	29810.75,23095.46 30782.71,23082.59
@pair:1543	24068.63,15040.74 23778.59,14800.13
@pair:1544	12635.72,21124.17 12520.80,19457.54
@pair:1545	31653.27,15926.57 32550.72,16092.24
@pair:1546	33325.44,15978.35 32913.72,16080.65
@pair:1547	32649.67,17470.51 33524.98,18166.75
@pair:1548	32755.80,16174.74 33631.46,18157.44
@pair:1549	32993.20,14920.73 32677.68,15064.75
@pair:1550	32463.44,14978.90 32539.31,15064.75
@pair:1551	31897.68,21858.40 30930.89,23044.03
@pair:1552	13875.17,15491.13 12726.00,19167.54
@pair:1553	25785.73,10857.81 27254.67,7713.18
@pair:1554	29089.26,6665.18 28314.92,5185.98
@pair:1555	29109.98,6747.18 29101.22,7228.66
@pair:1556	29234.73,6711.40 29845.06,6737.09
@pair:1557	24875.26,9333.77 24825.68,9473.88
@pair:1558	26122.07,6822.96 26603.57,7706.49
@pair:1559	11350.91,27013.35 16003.35,25926.90
@pair:1560	20102.65,18269.97 18519.44,15018.08
@pair:1561	17238.87,23266.27 16254.05,25731.72
@pair:1562	22791.07,14784.31 23615.80,14760.10
@pair:1563	15918.27,18553.34 15937.23,18447.59
@pair:1564	23094.20,12143.46 23132.62,12232.37
@pair:1565	20048.87,18386.64 18788.88,17679.15
@pair:1566	25597.40,10952.51 25188.01,10657.39
@pair:1567	24782.00,9290.78 24456.44,9359.53
@pair:1568	24520.34,14995.90 23863.80,14799.90
@pair:1569	16003.35,25909.81 14000.02,25909.81
@pair:1570	16359.35,25892.61 17414.40,26106.43
@pair:1571	15304.92,17311.96 15109.88,20663.00
@pair:1572	16015.03,25731.72 13622.71,22898.03
@pair:1573	16359.35,25779.49 18232.36,25361.81
@pair:1574	16291.74,25731.72 18274.14,22007.66
@pair:1575	16359.35,25779.45 20768.34,23922.43
@pair:1576	16359.35,25779.57 17709.45,25774.61
@pair:1577	16359.35,25779.53 18242.85,25515.95
@pair:1578	29331.04,24712.43 30857.09,23118.03
@pair:1579	22628.93,20687.83 23242.40,20990.30
@pair:1580	16359.35,25731.84 17496.80,24913.68
@pair:1581	20048.87,18601.37 14804.70,17526.28
@pair:1582	16045.67,25731.72 14912.43,21625.53
@pair:1583	15284.23,17181.96 15492.27,16592.42
@pair:1584	19550.71,15412.67 19456.67,15491.19
@pair:1585	19575.91,15356.23 19456.67,15423.17
@pair:1586	22377.31,20553.46 21373.76,19850.40
@pair:1587	21918.73,21859.75 21306.52,20991.71
@pair:1588	16592.63,16993.34 16249.98,18501.50
@pair:1589	15372.93,19177.84 12840.68,19300.06
@pair:1590	16524.37,16993.30 16183.41,17094.98
@pair:1591	20149.57,18269.97 20059.32,17162.04
@pair:1592	30137.70,11513.58 29990.68,11445.89
@pair:1593	15132.91,17248.74 13265.35,17274.31
@pair:1594	17487.11,19049.76 12860.42,18580.91
@pair:1595	15880.64,14853.44 15801.09,14897.65
@pair:1596	11802.28,18299.51 11639.24,18016.66
@pair:1597	15914.54,14742.26 15740.89,14881.55
@pair:1598	15864.55,18447.59 15695.98,18526.22
@pair:1599	16820.33,16993.34 17044.74,17233.51
@pair:1600	16770.16,16993.34 16648.07,17442.00
@pair:1601	16524.37,16802.58 16268.41,16879.44
@pair:1602	12053.74,18206.18 12520.68,19167.54
@pair:1603	16524.45,16783.34 16178.17,16280.19
@pair:1604	16524.53,16783.34 16406.69,16399.07
@pair:1605	22723.63,18779.95 22390.65,14307.22
@pair:1606	4321.99,4939.30 4645.00,5100.33
@pair:1607	4355.73,4872.80 5866.37,4610.87
@pair:1608	16003.35,25757.26 14014.67,25365.78
@pair:1609	20428.87,18341.59 24931.19,17274.51
@pair:1610	25373.20,14921.46 23863.80,14766.94
@pair:1611	20313.79,18269.97 21393.16,15143.23
@pair:1612	20428.83,18269.97 20864.26,17005.58
@pair:1613	16003.35,26085.85 13830.64,28026.13
@pair:1614	16359.35,25946.97 17152.25,26534.65
@pair:1615	16003.35,25909.85 14876.73,26015.79
@pair:1616	16359.35,25731.76 18871.52,23440.16
@pair:1617	16003.35,25926.94 13149.24,26798.54
@pair:1618	16359.35,25866.80 18667.48,26118.79
@pair:1619	16359.35,25731.80 19270.13,23324.14
@pair:1620	16359.35,25779.37 19688.39,23779.66
@pair:1621	16003.35,26000.13 13998.57,27087.63
@pair:1622	16359.35,25779.41 18158.35,24806.49
@pair:1623	16003.43,26125.72 15556.64,27903.94
@pair:1624	23117.29,12306.37 23037.96,12400.11
@pair:1625	16003.35,25731.76 12682.23,22905.62
@pair:1626	16003.35,25850.14 14872.65,25825.77
@pair:1627	16524.37,16802.54 16168.67,16815.22
@pair:1628	17515.86,19049.76 14482.39,16665.30
@pair:1629	16524.37,16783.34 16029.39,16505.55
@pair:1630	15203.48,17181.96 14424.47,16329.92
@pair:1631	22408.32,20553.46 21077.40,19355.83
@pair:1632	16524.41,16783.34 16098.27,16164.17
@pair:1633	14205.29,16884.21 12793.09,19167.54
@pair:1634	16524.37,16993.34 16138.23,17211.00
@pair:1635	16524.57,16783.34 16299.78,15682.81
@pair:1636	16531.34,16993.34 16290.93,17154.26
@pair:1637	15392.91,17181.96 15723.42,17001.84
@pair:1638	20048.87,18601.41 18346.71,18429.28
@pair:1639	16820.37,16969.75 18700.44,18031.08
@pair:1640	16182.64,25731.72 16353.72,23696.44
@pair:1641	16003.35,25926.82 12143.09,26460.33
@pair:1642	16003.35,25926.74 12361.35,26249.94
@pair:1643	20048.87,18270.01 18087.72,16171.21
@pair:1644	16003.39,26125.72 15055.40,27673.24
@pair:1645	16359.35,26019.12 18271.26,27523.80
@pair:1646	13100.10,22666.06 12648.64,19457.54
@pair:1647	22356.93,20627.35 21849.29,20600.80
@pair:1648	21832.11,21901.93 21752.93,21895.02
@pair:1649	16359.35,26125.68 17346.55,27128.02
@pair:1650	16359.35,25946.85 18513.01,26448.83
@pair:1651	15305.00,17311.96 18304.29,20656.92
@pair:1652	20057.39,18703.97 19807.96,20424.88
@pair:1653	22356.29,24569.18 19290.45,21316.21
@pair:1654	19251.63,21316.21 19276.39,21867.76
@pair:1655	16003.51,26125.72 15685.44,27757.58
@pair:1656	16359.35,25946.89 17726.00,26361.21
@pair:1657	16003.35,25731.84 14543.96,25067.79
@pair:1658	16359.27,25731.72 17228.12,24589.14
@pair:1659	16003.35,25926.98 12993.48,26872.48
@pair:1660	16359.35,25731.72 17993.08,24015.35
@pair:1661	16359.35,26125.72 17480.12,27555.15
@pair:1662	16003.35,26112.30 14407.80,28151.26
@pair:1663	16359.31,25731.72 17727.06,24274.26
@pair:1664	16003.35,26125.72 14623.29,27898.69
@pair:1665	22356.93,20609.99 20233.53,20227.98
@pair:1666	21900.32,21859.75 20335.42,20372.96
@pair:1667	23424.35,14135.45 23989.43,13678.12
@pair:1668	16045.75,25731.72 16094.04,24384.92
@pair:1669	4107.73,4884.35 3982.41,4874.28
@pair:1670	32242.82,5133.73 31999.41,5875.20
@pair:1671	20428.87,18703.97 20768.96,18889.59
@pair:1672	23567.07,13227.02 27809.90,12872.62
@pair:1673	4197.38,4849.30 4057.72,4666.29
@pair:1674	4276.72,4939.30 5774.63,6437.36
@pair:1675	16003.35,26085.77 14165.15,27327.20
@pair:1676	14166.52,30153.63 13957.16,30303.78
@pair:1677	14100.11,30117.97 11105.26,30151.89
@pair:1678	20230.81,18703.97 22824.05,30248.60
@pair:1679	15179.85,17311.96 11709.04,20028.12
@pair:1680	20230.85,18703.97 23232.94,31501.57
@pair:1681	20230.77,18703.97 22195.47,29694.26
@pair:1682	19501.59,16123.84 19781.36,15969.57
@pair:1683	20089.17,16677.70 20168.25,16333.50
