db.Address	23202.640000000	18618.150000000
db.AgendaAuthorizedSharesChange	17097.510000000	22036.310000000
db.AgendaBonusIssueNewIssueBalanceCertificateFile	19155.640000000	18297.920000000
db.AgendaBonusIssueNewIssueMinutesFile	18595.830000000	16986.770000000
db.AgendaBonusIssueSharesToIssue	16949.950000000	18492.430000000
db.AgendaBorrowCapital	17489.640000000	20859.510000000
db.AgendaBranchChange	17938.220000000	20503.690000000
db.AgendaCashDividends	16397.600000000	20630.780000000
db.AgendaCeoAddressChangeItem	12517.810000000	22121.940000000
db.AgendaChangeOfAoiClassStock	19019.010000000	20483.380000000
db.AgendaChangeOfAoiCustom	19501.690000000	20463.020000000
db.AgendaChangeOfAoiDirectorCompensationRule	19660.420000000	20970.630000000
db.AgendaChangeOfAoiNumberOfDirectors	19584.670000000	20795.680000000
db.AgendaChangeOfAoiThirdPartyAllocation	19024.600000000	21197.040000000
db.AgendaChangeOfArticlesOfIncorporation	18620.890000000	20601.640000000
db.AgendaDirectorChange	14502.100000000	22494.070000000
db.AgendaDirectorCompensation	16291.440000000	21619.550000000
db.AgendaDirectorCompensationItem	15820.090000000	21869.340000000
db.AgendaHeadOfficeRelocation	18721.490000000	21950.150000000
db.AgendaMethodOfGivingPublicNoticeChange	17219.600000000	20069.020000000
db.AgendaNewIssue	16801.620000000	22751.240000000
db.AgendaNewIssueItem	18760.660000000	26514.680000000
db.AgendaNewIssueItemFromConversion	19312.200000000	27006.990000000
db.AgendaNewIssueItemFromPayment	18772.800000000	26739.440000000
db.AgendaNewIssueItemInstitutionMember	20879.030000000	27224.530000000
db.AgendaNewIssueItemInstitutionMemberCeo	19797.590000000	26675.360000000
db.AgendaNewIssueItemShareClass	18867.050000000	26117.010000000
db.AgendaNewIssueItemShareholder	19576.210000000	25951.570000000
db.AgendaNewIssueNewShareClass	17154.540000000	22855.040000000
db.AgendaOptionCancel	15750.250000000	21104.530000000
db.AgendaOptionCancelGrantee	15102.880000000	21103.420000000
db.AgendaOptionCancelOption	15228.550000000	21234.130000000
db.AgendaOptionExerciseClaim	12470.960000000	21461.000000000
db.AgendaOptionExerciseGrantee	14738.450000000	21931.980000000
db.AgendaOptionExerciseGranteeOption	14536.910000000	22056.270000000
db.AgendaOptionGrant	16577.880000000	19879.920000000
db.AgendaOptionGrantGrantee	15727.970000000	19082.790000000
db.AgendaPurposeChangeItem	17940.750000000	25406.030000000
db.AgendaRsuGrantGrantee	15191.230000000	14108.850000000
db.AgendaShareholdersMeetingConvocation	16520.380000000	21476.580000000
db.AiAnalysisFeedback	11662.030000000	8282.940000000
db.AiPayrollLedger	6775.160000000	2018.220000000
db.AlimtalkActivity	33016.720000000	12993.850000000
db.AlimtalkActivityRecipient	32196.440000000	13314.240000000
db.AlimtalkActivityRecipientStatusHistory	32138.220000000	13467.440000000
db.AllocatedSeat	10560.210000000	13568.010000000
db.Announcement	20967.250000000	10477.960000000
db.AnnualSalary	11842.280000000	13856.620000000
db.AppCard	20923.100000000	12286.970000000
db.Article	20201.230000000	19039.990000000
db.ArticlePublishHistory	20214.030000000	19164.910000000
db.ArticlesOfIncorporation	17570.110000000	14330.590000000
db.ArticlesOfIncorporationAnalyzationResult	11470.120000000	5550.190000000
db.AuditLog	15549.980000000	6029.190000000
db.AvailableModusignRequest	21267.480000000	20676.250000000
db.BaseModusignDocumentUsageHistory	24249.400000000	12865.170000000
db.Basket	22379.040000000	12146.600000000
db.BeforeunloadPdfEvent	30471.600000000	9227.910000000
db.BonusIssueEvent	5590.990000000	37857.290000000
db.BranchAbolitionEvent	17019.660000000	17283.230000000
db.BranchInstallationEvent	18814.740000000	17871.030000000
db.BulkEmail	14676.910000000	16684.570000000
db.BulkEmailCommonAttachment	19325.730000000	17739.420000000
db.BulkEmailRecipientAttachment	18855.800000000	18721.290000000
db.BulkEmailTemplate	19168.320000000	14307.210000000
db.BulkEmailTemplateRevision	17909.890000000	15684.590000000
db.BusinessPlan	14959.250000000	10188.510000000
db.BusinessPlanAiAnalysis	13387.100000000	9205.370000000
db.BusinessPlanAiAnalysisItem	12125.820000000	8544.850000000
db.BusinessPlanAiAnalysisItemImprovement	11800.190000000	7823.510000000
db.BusinessPlanAiReview	14883.780000000	10014.150000000
db.CalendarEvent	5586.010000000	37711.640000000
db.CapitalReductionEvent	5554.060000000	37555.870000000
db.CashIncentive	12477.100000000	12557.260000000
db.CashIncentiveCategory	14158.840000000	11866.390000000
db.CashIncentiveItem	12018.380000000	12615.040000000
db.CashPayment	22143.790000000	12671.560000000
db.Charge	20247.800000000	12236.710000000
db.CmeBulkEmail	17140.520000000	16040.080000000
db.CmeBulkEmailRecipient	16946.920000000	16331.860000000
db.CmeBulkEmailTemplate	19613.190000000	14415.340000000
db.CmeCompany	19286.610000000	12802.570000000
db.CmeCompanyContact	19801.860000000	12897.600000000
db.CmeCompanyContactNotificationSettings	19768.000000000	12756.390000000
db.CmeCompanyDirectorTermManagement	19770.100000000	12579.840000000
db.CmeCompanyNote	19288.860000000	12505.730000000
db.CmeCompanyRegistration	20254.130000000	13577.220000000
db.CmeCompanyRegistrationFile	20471.840000000	13767.800000000
db.CmeContact	20337.580000000	13442.360000000
db.CmeMemberRelation	20460.360000000	13113.100000000
db.CommonAddress	5585.180000000	37409.650000000
db.Company	16614.350000000	10664.270000000
db.CompanyBulkEmailTemplate	18759.800000000	14179.610000000
db.CompanyCreateProgress	22709.220000000	15834.730000000
db.CompanyCreateRequest	22237.740000000	15900.680000000
db.CompanyDepartment	11697.390000000	12835.920000000
db.CompanyDepartmentCode	11636.450000000	12567.470000000
db.CompanyDocumentDelivery	18329.190000000	11008.370000000
db.CompanyEndorsement	23470.980000000	3518.740000000
db.CompanyEndorsementFeed	25408.780000000	2367.310000000
db.CompanyExpertClientRelation	20997.910000000	13210.290000000
db.CompanyFeed	27205.270000000	1072.970000000
db.CompanyFeedAccessLog	36892.630000000	570.530000000
db.CompanyFeedRating	27852.710000000	153.080000000
db.CompanyIrClosingFeed	27268.260000000	3324.260000000
db.CompanyIrNewCommitFeed	27736.900000000	3153.720000000
db.CompanyIrOpenFeed	27883.160000000	2519.670000000
db.CompanyLegalPartnerRelation	21907.160000000	13328.910000000
db.CompanyManagingEntity	20004.490000000	13245.330000000
db.CompanyMethodOfGivingPublicNoticeChange	17338.020000000	13411.160000000
db.CompanyNews	18377.840000000	5912.940000000
db.CompanyNewsFeed	18857.810000000	6212.610000000
db.CompanyNewsLink	18490.820000000	5046.750000000
db.CompanyNotificationSetting	15933.540000000	9805.570000000
db.CompanyNotificationTrigger	15509.710000000	9050.890000000
db.CompanyOwnerAuditLog	10401.550000000	7767.760000000
db.CompanyOwnerAuditLogOwnerRoleRelation	11023.720000000	8605.860000000
db.CompanyOwnerNotificationTrigger	15420.550000000	9304.690000000
db.CompanyPaymentLink	22101.810000000	10614.120000000
db.CompanyPromotionInfo	15872.940000000	6199.330000000
db.CompanyPromotionPrizeType	16273.250000000	5583.220000000
db.CompanyPurposeChange	17307.950000000	12882.380000000
db.CompanyPurposeChangeItem	17520.550000000	13210.780000000
db.CompanyQuestionThread	19012.480000000	13018.390000000
db.CompanyRegistrationStaffStatus	5570.730000000	37255.670000000
db.CompanyUpdateRequest	18078.460000000	12391.930000000
db.CompanyUserRelation	9904.540000000	10748.300000000
db.CompanyUserRelationOwnerRoleRelation	10221.430000000	9503.490000000
db.ConsentForm	23202.860000000	35547.720000000
db.ConsentFormItem	23186.260000000	27223.220000000
db.ConsentFormModusignDocument	23581.400000000	30567.900000000
db.ConsentFormModusignEmbeddedDraft	21979.550000000	23635.270000000
db.ConsentFormOptionItem	22587.030000000	24112.850000000
db.CorporateRegistration	18966.060000000	14787.380000000
db.CorporateRegistrationChangeConfirmation	18625.050000000	12977.870000000
db.CorporateRegistrationChangeDetection	18189.930000000	13244.990000000
db.CorporateRegistrationChangeDetectionParseResult	18416.450000000	12837.480000000
db.CorporateRegistrationExtractionLog	20389.960000000	15200.420000000
db.CorporateRegistrationIssueCoupon	18933.520000000	12754.070000000
db.CorporateRegistrationIssueCouponIssueLog	19121.240000000	12357.750000000
db.CorporateRegistrationIssueCouponUseRequest	19383.840000000	14701.470000000
db.CorporateRegistrationIssueCouponUseResult	19995.700000000	14920.000000000
db.CorporateRegistrationIssueLog	20477.380000000	15061.870000000
db.CorporateRegistrationIssueMaintenance	30936.550000000	14904.050000000
db.CorporateRegistrationIssueRequest	19044.310000000	10902.300000000
db.CorporateRegistrationPaidIssue	19214.970000000	15016.640000000
db.CorporationPostRegistrationEmail	14521.760000000	5045.130000000
db.CorporationPostRegistrationScheduledEmail	16028.330000000	5105.430000000
db.CorporationPostRegistrationScheduledEmailPeriodicTaskRelation	15613.010000000	4925.560000000
db.Credit	20485.490000000	12441.160000000
db.CreditCard	22028.540000000	12010.430000000
db.CreditUse	21515.300000000	12364.310000000
db.CsAgentResponse	24619.560000000	9296.800000000
db.CsAgentResponseFeedBack	25099.410000000	9202.440000000
db.CustomOptionGrantContractTemplate	19691.850000000	15545.950000000
db.CustomOptionGrantContractTemplateRevision	20896.070000000	15342.620000000
db.DailyNewspaper	17620.460000000	14659.240000000
db.DataPortalAddressInformationCache	5622.710000000	37073.690000000
db.DemoCompanyCreationLog	5604.360000000	36860.130000000
db.Department	15910.200000000	34805.830000000
db.DepartmentStaffUserRelation	18333.900000000	34206.660000000
db.Director	17231.600000000	15635.390000000
db.DirectorsMeeting	16093.080000000	20733.350000000
db.DirectorsMeetingAgenda	16128.050000000	21163.350000000
db.DirectorsMeetingDirectorAttendance	15645.610000000	20648.930000000
db.DirectorsMeetingNoticeEmail	15475.750000000	20410.740000000
db.DirectorsMeetingNoticeEmailRecipient	16021.800000000	20427.070000000
db.DivaFund	5585.180000000	36685.890000000
db.DocumentDelivery	19575.440000000	11045.950000000
db.DocumentDeliveryQuestionThreadRelation	20090.870000000	10993.850000000
db.DocumentLoadedPdfEvent	30989.150000000	9332.670000000
db.DocumentParseResult	20014.650000000	16124.560000000
db.DormantConversionNotifiedActivity	5575.750000000	36531.940000000
db.DormantUser	1953.620000000	33493.870000000
db.DormantUserEmail	3325.400000000	32221.650000000
db.DormantUserPhone	2621.240000000	31539.360000000
db.DormantUserReactivationToken	3490.680000000	32382.580000000
db.ESOP	11388.960000000	15881.480000000
db.ESOPParticipant	11117.210000000	15147.600000000
db.ElectronicCertificate	17064.320000000	13138.630000000
db.ElectronicCertificateFileDownloadHistory	18471.450000000	16651.140000000
db.ElectronicCertificateFileUploadRequest	18293.200000000	16369.570000000
db.ElectronicCertificateFileUploaded	18452.860000000	16509.950000000
db.ElectronicCertificateReturnRequest	24610.850000000	19840.010000000
db.Email	23495.030000000	1207.490000000
db.EmailActivity	24432.260000000	26810.080000000
db.EmailActivityRecipient	24241.450000000	23700.230000000
db.EmailActivityRecipientStatusHistory	24674.630000000	25542.420000000
db.EmailVerification	24132.640000000	1569.400000000
db.Employee	10630.510000000	13956.950000000
db.EmployeeDepartmentCodeRelation	11288.610000000	12749.800000000
db.EmployeeOption	12088.830000000	11231.480000000
db.EmployeeOptionExerciseCandidate	12638.810000000	11640.190000000
db.EmployeeOptionExerciseCandidateFile	12622.260000000	11282.350000000
db.EmployeeOptionExerciseClaim	14116.620000000	11521.300000000
db.EmployeeOptionExerciseClaimOption	13208.960000000	11206.570000000
db.EmployeeOptionExerciseManagement	14602.090000000	11665.370000000
db.EmployeeOptionExerciseManagementEmail	14460.660000000	14137.810000000
db.EmployeeOptionGrantee	11195.060000000	12494.530000000
db.EmployeeOptionVesting	11210.400000000	11507.420000000
db.EmployeeOptionVestingItem	11134.450000000	11774.410000000
db.EmployeeOptionVestingTraceable	12078.530000000	11673.930000000
db.EmployeeStock	11763.890000000	15321.440000000
db.EmployeeStockDepositEvent	5609.360000000	36339.240000000
db.EmployeeStockGuide	12172.690000000	16255.110000000
db.EmployeeStockGuideAudience	12114.580000000	15249.560000000
db.EmployeeStockGuideEmail	13084.470000000	16882.770000000
db.EmployeeStockTag	11526.190000000	15706.750000000
db.EmployeeStockTagCategory	11356.470000000	15318.060000000
db.EmployeeStockWithdrawEvent	5611.030000000	36154.280000000
db.EmployeeStockWithdrawRequest	11804.140000000	16425.360000000
db.EmploymentCertificateDocumentRequest	14310.590000000	12216.200000000
db.EmploymentStatusHistory	12551.850000000	13161.080000000
db.Event	16326.350000000	16210.060000000
db.EventAttachment	16847.330000000	16196.950000000
db.ExpertClient	21523.610000000	13709.320000000
db.ExpertClientIncorporationSupport	20861.980000000	13811.110000000
db.ExpertClientSignupChannel	23428.010000000	13745.660000000
db.ExpertClientTaxServiceSettings	21245.340000000	13947.730000000
db.FABContent	21287.330000000	17320.460000000
db.Faq	5585.180000000	35965.760000000
db.FaqLink	5538.220000000	35811.790000000
db.Feed	26957.860000000	3953.150000000
db.FileAttachment	20351.180000000	18113.810000000
db.FinanceAndInsurance	5561.760000000	35660.990000000
db.FinancialAccount	12756.760000000	16710.580000000
db.FinancialInstitution	12838.160000000	16368.290000000
db.Fund	31526.080000000	12592.610000000
db.FundPartner	32892.850000000	12484.960000000
db.FundingNewsDistributionServiceRequest	18686.980000000	13998.440000000
db.HelpTemplate	10622.110000000	6558.990000000
db.HoldingCompany	19999.090000000	13070.110000000
db.Holiday	5538.220000000	35518.710000000
db.Hrm	3714.020000000	15387.420000000
db.HrmAlpConfig	2039.940000000	14902.590000000
db.HrmAlpConfigIndivApprovalTemplateRel	2442.660000000	14595.970000000
db.HrmAlpExcludedEmp	8411.700000000	17467.230000000
db.HrmAlpLaborReceiptRefusal	7820.510000000	18626.320000000
db.HrmAlpTarget	7940.090000000	18335.390000000
db.HrmAlpUsageDesignation	8270.880000000	18333.620000000
db.HrmAlpUsageDesignationDate	8576.810000000	18223.560000000
db.HrmAlpUsagePlan	8148.260000000	18051.520000000
db.HrmAlpUsagePlanDate	8567.750000000	17742.990000000
db.HrmAnnualLeave	6846.620000000	21985.210000000
db.HrmAnnualLeaveAdjustment	8085.090000000	17649.150000000
db.HrmAnnualLeaveConfigBase	6831.430000000	22999.390000000
db.HrmAnnualLeaveFiscalBasedConfig	7087.510000000	25930.440000000
db.HrmAnnualLeaveHireBasedConfig	6758.420000000	24947.620000000
db.HrmApprovable	6219.080000000	17344.650000000
db.HrmApproval	6513.660000000	17729.400000000
db.HrmApprovalLine	6634.310000000	17884.300000000
db.HrmApprovalReview	6222.890000000	17969.690000000
db.HrmApprovalTemplate	4976.260000000	17644.460000000
db.HrmApprovalTemplateLine	5784.490000000	18026.020000000
db.HrmApprovalTemplateReview	5447.670000000	17983.740000000
db.HrmApprover	5958.430000000	18247.360000000
db.HrmAttendance	6545.770000000	17344.030000000
db.HrmAttendanceItem	8065.180000000	17188.060000000
db.HrmCertificateConfig	2950.780000000	15320.870000000
db.HrmCertificateConfigIndividualApprovalTemplateRelation	2357.030000000	15891.040000000
db.HrmCommonLocation	7860.250000000	14286.200000000
db.HrmDailyLeaveUsageItem	8043.940000000	20717.110000000
db.HrmDept	3250.680000000	17870.230000000
db.HrmDeptAbolishedEvent	3782.420000000	23102.940000000
db.HrmDeptCreatedEvent	3632.020000000	20859.880000000
db.HrmDeptEventBase	2851.620000000	20408.330000000
db.HrmDeptName	2726.770000000	19491.880000000
db.HrmDeptNameChangedEvent	2919.300000000	19750.130000000
db.HrmDeptNameEventBase	2566.800000000	20115.710000000
db.HrmDeptParent	3418.620000000	19486.230000000
db.HrmDeptParentChangedEvent	3000.620000000	19989.540000000
db.HrmDeptParentEventBase	3584.400000000	20020.710000000
db.HrmDeptStatus	3905.780000000	19753.910000000
db.HrmDeptStatusEventBase	3724.550000000	21670.790000000
db.HrmDocument	4615.680000000	16422.290000000
db.HrmDocumentDraft	4540.360000000	13619.880000000
db.HrmDocumentDraftFieldAttachment	4280.540000000	9628.940000000
db.HrmDocumentDraftFieldMultiSelectValue	3213.260000000	12004.030000000
db.HrmDocumentDraftFieldValue	3387.900000000	11544.900000000
db.HrmDocumentFieldAttachment	2360.790000000	12882.930000000
db.HrmDocumentFieldMultiSelectValue	3542.860000000	12635.100000000
db.HrmDocumentFieldValue	3293.470000000	12841.020000000
db.HrmDocumentForm	3059.170000000	13279.500000000
db.HrmDocumentFormFieldDefinition	1887.140000000	12812.930000000
db.HrmDocumentFormFieldSelectOption	2964.350000000	12230.760000000
db.HrmDocumentFormIndividualApprovalTemplateRelation	2780.660000000	13450.100000000
db.HrmEmp	7256.770000000	17666.300000000
db.HrmEmpAbsenceEvent	7504.130000000	14888.380000000
db.HrmEmpAffiliation	5659.400000000	17065.280000000
db.HrmEmpAffiliationChangedEvent	5625.150000000	16507.490000000
db.HrmEmpAffiliationDept	5018.010000000	17490.730000000
db.HrmEmpAffiliationEventBase	6145.910000000	16784.540000000
db.HrmEmpContract	7442.700000000	34673.990000000
db.HrmEmpContractMgmt	4928.180000000	23985.650000000
db.HrmEmpContractModusignDocument	24246.580000000	38090.110000000
db.HrmEmpContractTemplate	2249.500000000	19739.590000000
db.HrmEmpContractTemplateRevision	3145.220000000	22833.360000000
db.HrmEmpContractTemplateRevisionSigner	2427.820000000	23474.460000000
db.HrmEmpDepartedEvent	8428.190000000	14942.580000000
db.HrmEmpEmploymentType	6750.820000000	16987.200000000
db.HrmEmpEmploymentTypeChangedEvent	7452.430000000	16600.720000000
db.HrmEmpEmploymentTypeEventBase	7024.860000000	16820.470000000
db.HrmEmpEventBase	7273.960000000	16405.610000000
db.HrmEmpJob	5875.440000000	16128.470000000
db.HrmEmpJobChangedEvent	6707.140000000	15595.710000000
db.HrmEmpJobEventBase	6662.420000000	15920.140000000
db.HrmEmpJoinedEvent	7776.590000000	15736.940000000
db.HrmEmpReturnToWorkEvent	7897.360000000	14747.020000000
db.HrmEmpSalaryAccount	13145.600000000	14698.390000000
db.HrmEmpStatusEventBase	7487.350000000	15208.840000000
db.HrmEmpUserInvitation	5484.670000000	17493.370000000
db.HrmEmpUserInvitationInvitee	5896.250000000	17762.870000000
db.HrmEmpWorkAssignment	6452.940000000	18558.060000000
db.HrmEmpWorkLocationAssignment	7056.660000000	15370.400000000
db.HrmEmpWorkLocationConfig	7014.490000000	16004.500000000
db.HrmFixedWork	5332.750000000	18438.940000000
db.HrmFixedWorkSchedule	5420.700000000	18298.560000000
db.HrmGrantableLeave	6593.390000000	20145.630000000
db.HrmLeaveBase	6346.310000000	21063.860000000
db.HrmLeaveGrant	6898.330000000	18957.860000000
db.HrmLeaveUsage	9032.080000000	18137.330000000
db.HrmLeaveUsageAttachment	9427.000000000	19184.660000000
db.HrmLeaveUsageItem	7582.910000000	18895.190000000
db.HrmOngoingAttendance	8785.840000000	16882.000000000
db.HrmOngoingAttendanceClockedSchedule	9317.870000000	16550.900000000
db.HrmPersonalLocation	8426.000000000	16775.830000000
db.HrmRequestor	4607.440000000	19026.220000000
db.HrmStaggeredWork	4394.410000000	19391.040000000
db.HrmStaggeredWorkSchedule	4955.690000000	20501.920000000
db.HrmStandardWork	3013.000000000	16218.480000000
db.HrmStandardWorkSchedule	2608.860000000	17143.490000000
db.HrmWorkAutoClockOutConfig	4712.520000000	18664.580000000
db.HrmWorkBase	5274.870000000	18678.520000000
db.HrmWorkIndividualApprovalTemplateRelation	6185.090000000	19360.080000000
db.HrmWorkLocation	6659.020000000	14507.760000000
db.HrmWorkLocationGpsConfig	8756.740000000	14249.210000000
db.HrmWorkOvertime	4788.720000000	18524.190000000
db.IBKSignupChannel	24606.350000000	13382.120000000
db.IBKUser	24587.110000000	13090.920000000
db.IBKUserLoginToken	24548.760000000	13247.720000000
db.IaAccountInfo	31306.930000000	17821.140000000
db.IaCertificateOfInvestmentDocumentEmail	1806.760000000	20165.660000000
db.IaCertificateOfInvestmentDocumentRecipient	1849.570000000	19982.350000000
db.IaConsentForm	32740.750000000	18259.030000000
db.IaConsentFormOrMeeting	30400.080000000	19071.940000000
db.IaConsentFormOrMeetingDocumentGeneration	31263.770000000	18937.300000000
db.IaConsentFormOrMeetingDocumentGenerationItem	31967.840000000	18923.440000000
db.IaConsentFormOrMeetingElectronicSignatureRequest	29217.170000000	21454.890000000
db.IaConsentFormOrMeetingElectronicSignatureRequestModusignDocument	27736.510000000	21112.430000000
db.IaConsentFormOrMeetingElectronicSignatureRequestModusignEmbeddedDraft	25148.790000000	23662.560000000
db.IaConsentFormOrMeetingElectronicSignatureRequestStatusHistory	29193.660000000	21827.110000000
db.IaConsentFormOrMeetingElectronicSignatureRequestUploadedModusignDocument	27179.120000000	21545.560000000
db.IaConsentFormOrMeetingElectronicSignatureRequiredDocument	30905.800000000	19820.190000000
db.IaConsentFormOrMeetingEsigRequiredDocumentPageRange	31756.810000000	19205.470000000
db.IaConsentFormOrMeetingGuideEmail	30911.520000000	18619.380000000
db.IaConsentFormOrMeetingGuideEmailRecipient	30871.860000000	18361.420000000
db.IaDocumentArchive	29992.190000000	13893.850000000
db.IaDocumentArchiveAttachment	29599.060000000	14057.110000000
db.IaExpertPartnerBulkEmailTemplate	19907.390000000	14717.700000000
db.IaExplanationFormForElectronicSignatureDocument	32988.210000000	19440.680000000
db.IaFoundingMeetingEvent	5568.410000000	35367.900000000
db.IaFoundingProgressStatus	29542.270000000	17093.230000000
db.IaGpAppointmentEvent	32342.060000000	17411.980000000
db.IaGpTerminationEvent	32609.910000000	17781.950000000
db.IaInvestmentCertificateRegistrationRequest	35626.440000000	19843.390000000
db.IaLegalPartnerRelation	25411.470000000	14411.150000000
db.IaMeeting	29984.540000000	21149.800000000
db.IaMeetingAgenda	32374.380000000	20579.120000000
db.IaMeetingAgendaCustom	32705.780000000	20989.200000000
db.IaMeetingAgendaVote	32140.280000000	23044.250000000
db.IaMeetingConvocationNoticeEmail	31713.710000000	21985.110000000
db.IaMeetingConvocationNoticeRecipient	31096.740000000	21399.800000000
db.IaMeetingMinutesDocument	32032.650000000	19973.450000000
db.IaMeetingNoticeDocument	31664.960000000	19775.070000000
db.IaMeetingSealedNoticeDocumentFile	27016.600000000	19208.500000000
db.IaModusignDocumentUsageHistory	25357.970000000	13021.990000000
db.IaOperation	31768.730000000	15608.560000000
db.IaOperationManagement	31581.390000000	15872.270000000
db.IaOwnerAuditLog	22971.620000000	3289.680000000
db.IaPartnerDataCollection	25444.780000000	17204.790000000
db.IaPartnerInvestmentConfirmation	32237.690000000	16542.200000000
db.IaPartnerInvestmentConfirmationEmail	13291.800000000	2716.580000000
db.IaPartnerInvestmentConfirmationEmailRecipient	13450.710000000	2575.720000000
db.IaPartnerListDocument	32388.250000000	18757.830000000
db.IaPaymentLink	26093.020000000	12090.610000000
db.IaPfCompany	28603.110000000	16617.720000000
db.IaPfCompanyInvestment	29169.920000000	22329.470000000
db.IaPfCompanyInvestmentSalesIntent	31055.020000000	22615.430000000
db.IaPfCompanyInvestmentStock	28653.510000000	22684.700000000
db.IaQuestionThread	21739.710000000	11850.860000000
db.IaRule	24546.320000000	18812.940000000
db.IaRuleCompensation	26505.690000000	19285.190000000
db.IaRuleDocument	25460.580000000	18883.160000000
db.IaRuleInvestment	26678.640000000	18513.360000000
db.IaRuleMeeting	25295.180000000	19472.980000000
db.IaRulePartner	26015.720000000	19317.070000000
db.IaSealStampImage	21476.220000000	18187.060000000
db.IaShareTransferEvent	5554.060000000	35211.350000000
db.IaUserInvitation	31189.420000000	16206.680000000
db.IaUserInvitationInvitee	33729.490000000	15985.510000000
db.ImAcVcBroker	27333.360000000	10675.770000000
db.ImAttachment	30463.900000000	9689.180000000
db.ImAttachmentDownloadLog	32335.290000000	10442.790000000
db.ImAttachmentPdfEvent	31858.040000000	9900.640000000
db.ImBroker	30055.330000000	10504.850000000
db.ImBrokerAssignmentInvitedUser	29475.110000000	10090.040000000
db.ImConsultingRequest	25491.770000000	7014.790000000
db.ImContactRequestIntention	28105.450000000	9463.980000000
db.ImDay	30786.990000000	9072.970000000
db.ImDayParticipation	30507.750000000	8765.400000000
db.ImDayParticipationAttachment	30007.560000000	8139.020000000
db.ImDaySurvey	28655.320000000	8938.790000000
db.ImDisclosing	27383.000000000	7540.420000000
db.ImIndividualGpBroker	29168.750000000	10761.370000000
db.ImInvestorBroker	32068.450000000	10655.000000000
db.ImIrPartnerBroker	28834.160000000	10359.420000000
db.ImIrPartnerBrokerOwnerRelation	28403.000000000	10504.260000000
db.ImNote	27135.200000000	8304.480000000
db.ImPitchingDay	29946.230000000	8863.180000000
db.ImPitchingDayParticipation	28752.980000000	7359.270000000
db.ImTag	28449.340000000	8337.300000000
db.ImZuzuBroker	29525.800000000	10532.600000000
db.IncorporationIssueEvent	5604.360000000	35065.110000000
db.IncorporationRequest	21314.370000000	15082.610000000
db.IncorporationRequestAoiFile	21619.480000000	14784.110000000
db.IncorporationRequestAssistanceReceipt	21431.960000000	16415.010000000
db.IncorporationRequestPromoterInstitutionCeo	22443.500000000	15717.670000000
db.IncorporationRequestPurpose	20801.280000000	15122.130000000
db.IndividualInvestorCompany	29623.220000000	26162.330000000
db.IndividualInvestorCompanyCeo	25887.810000000	22326.180000000
db.IndividualInvestorCompanyName	31756.140000000	26192.780000000
db.IndividualInvestorCompanyParValue	28795.110000000	26214.780000000
db.IndividualInvestorCompanyShareClass	29497.490000000	28739.320000000
db.IndividualInvestorEvent	33487.310000000	29638.110000000
db.IndividualInvestorUser	24419.050000000	20230.140000000
db.IndividualStakeholder	12313.470000000	20525.950000000
db.IndividualStockOption	28070.770000000	23809.370000000
db.IndividualStockOptionCancelEvent	34653.070000000	30480.240000000
db.IndividualStockOptionCreateRequest	29029.590000000	23596.210000000
db.IndividualStockOptionCreateRequestEtcFile	30020.360000000	23556.810000000
db.IndividualStockOptionExerciseEvent	34967.200000000	31768.720000000
db.IndividualStockOptionGrantContract	27728.400000000	23413.660000000
db.IndividualStockOptionGrantEvent	33609.170000000	27556.940000000
db.IndividualStockOptionGrantee	27737.970000000	22507.240000000
db.IndividualStockOptionPauseEvent	29920.250000000	28769.150000000
db.IndividualStockOptionResumeEvent	30576.640000000	31327.570000000
db.IndividualStockOptionSalesIntent	30932.250000000	23713.760000000
db.IndividualStockOptionVesting	28722.610000000	24296.930000000
db.IndividualStockOptionVestingItem	28827.640000000	24041.430000000
db.IndividualStockOptionVestingTraceable	28437.930000000	23358.210000000
db.IndustrialCode	17637.080000000	13582.950000000
db.InputChannel	25126.820000000	14232.030000000
db.InputSignupChannel	24623.470000000	13953.730000000
db.InstitutionStakeholder	11899.320000000	21347.870000000
db.InstitutionStakeholderManager	11876.550000000	21884.920000000
db.InternetRegistryOfficeOtp	17755.910000000	15547.670000000
db.InternetRegistryOfficeOtpReturnRequest	22510.550000000	20155.060000000
db.InvestmentAssociation	28341.720000000	15896.890000000
db.InvestmentAssociationAssociationPartner	32988.210000000	14998.370000000
db.InvestmentAssociationAssociationPartnerManager	5622.710000000	34890.890000000
db.InvestmentAssociationCorporationPartner	35238.480000000	15054.550000000
db.InvestmentAssociationCorporationPartnerManager	5622.710000000	34677.340000000
db.InvestmentAssociationDocument	32621.760000000	19166.490000000
db.InvestmentAssociationEvent	30533.860000000	17125.890000000
db.InvestmentAssociationIndividualPartnerLegalRepresentative	33735.300000000	16469.290000000
db.InvestmentAssociationOrganizationPartner	34297.720000000	16136.620000000
db.InvestmentAssociationOrganizationPartnerCeo	35132.490000000	16104.480000000
db.InvestmentAssociationOrganizationPartnerCorporationSigner	34786.670000000	13774.780000000
db.InvestmentAssociationOrganizationPartnerCorporationSignerCeo	34966.100000000	13929.830000000
db.InvestmentAssociationOrganizationPartnerIndividualSigner	34059.900000000	13845.160000000
db.InvestmentAssociationOrganizationPartnerManager	31848.730000000	14467.800000000
db.InvestmentAssociationOrganizationPartnerSigner	34227.450000000	14048.280000000
db.InvestmentAssociationPartner	35497.830000000	17983.070000000
db.InvestmentAssociationPartnerResume	36718.800000000	15985.620000000
db.InvestmentAssociationPartnerResumeItem	36856.490000000	15545.850000000
db.InvestmentAssociationPartnerSalesIntent	33492.000000000	22169.700000000
db.RtccConsentSummary	14575.170000000	8709.130000000
db.InvestmentContractHolder	12138.460000000	18100.560000000
db.InvestmentRound	16639.280000000	8230.830000000
db.InvestmentRoundNewIssueEvent	16859.870000000	7807.750000000
db.InvestmentSimulation	16373.220000000	4051.130000000
db.InvestmentSimulationInitialOption	12800.490000000	3785.590000000
db.InvestmentSimulationInitialOptionGrantee	13447.870000000	3988.260000000
db.InvestmentSimulationInitialShareholder	11715.970000000	2978.320000000
db.InvestmentSimulationInitialStock	10150.280000000	553.030000000
db.InvestmentSimulationInvestor	18400.680000000	521.290000000
db.InvestmentSimulationNewIssueInvestment	17570.370000000	2684.360000000
db.InvestmentSimulationPurchaseInvestment	20860.920000000	2490.130000000
db.InvestmentSimulationPurchaseSellStock	21202.850000000	2029.330000000
db.InvestmentSimulationRound	15199.780000000	3457.570000000
db.InvestorInterest	35531.390000000	12146.710000000
db.InvestorMatching	26564.440000000	8992.810000000
db.InvestorRelations	28348.270000000	4919.030000000
db.InvitationSeat	10636.970000000	12127.010000000
db.InvitationSeatRequest	11773.150000000	9396.450000000
db.IrAiAnalysis	29003.090000000	4356.930000000
db.IrAiAnalysisLike	29426.900000000	3832.400000000
db.IrAlertInvestorRelations	31139.570000000	6909.060000000
db.IrApproval	28441.630000000	4277.050000000
db.IrApprovalNotificationDismiss	28541.440000000	3869.140000000
db.IrBrokerActivity	28792.430000000	6770.100000000
db.IrClosing	30371.780000000	3856.600000000
db.IrClosingComplete	29451.170000000	1972.320000000
db.IrClosingExpired	30360.290000000	4533.620000000
db.IrClosingIncomplete	31334.340000000	3900.020000000
db.IrConsultingRequest	26220.490000000	7801.410000000
db.IrFeed	27587.470000000	5121.490000000
db.IrFeedAccessLog	27972.990000000	5280.640000000
db.IrFeedRating	27693.090000000	4879.270000000
db.IrFundRaising	32858.160000000	4913.880000000
db.IrFundRaisingMemo	32092.220000000	5242.150000000
db.IrFundRaisingStageLog	32329.910000000	2099.870000000
db.IrInsightClub	32718.250000000	6445.580000000
db.IrInsightClubParticipation	32061.520000000	5514.300000000
db.IrInsightClubParticipationAttendee	31704.650000000	5082.240000000
db.IrInsightClubSurvey	32498.760000000	5607.610000000
db.IrInvestorFeedback	34371.470000000	11199.820000000
db.IrSubscriptionMarketingRequest	13324.360000000	5454.300000000
db.IrSyncState	5585.180000000	34463.790000000
db.Jurisdiction	14417.830000000	7750.330000000
db.LawtalkSignup	19207.850000000	15567.760000000
db.LawtalkSignupAttachment	19320.940000000	16065.940000000
db.LegalPartner	21921.970000000	13961.320000000
db.LegalPartnerSignupChannel	23101.020000000	13652.020000000
db.ManualOptionVesting	15586.240000000	18338.150000000
db.ManualOptionVestingItem	15396.880000000	18541.030000000
db.ManualProduct	23414.970000000	10418.050000000
db.Meeting	17862.620000000	17008.860000000
db.MeetingAttachment	18573.090000000	17140.340000000
db.MeetingAttorney	18154.590000000	16798.980000000
db.MeetingDirectorContact	16494.570000000	17292.630000000
db.MeetingDocument	15895.120000000	26943.080000000
db.MeetingDocumentGeneration	20331.860000000	21112.430000000
db.MeetingDocumentGenerationItem	21441.480000000	27605.640000000
db.MeetingDraft	17114.400000000	20785.380000000
db.MeetingDraftAgendaDirectorChange	16657.990000000	19478.790000000
db.MeetingDraftAgendaDirectorCompensation	16205.740000000	20025.760000000
db.MeetingDraftAgendaDirectorCompensationItem	15575.010000000	19898.070000000
db.MeetingDraftRegistrationAssistance	17220.070000000	21281.960000000
db.MeetingDraftSchedule	16541.120000000	20500.140000000
db.MeetingPrice	5538.220000000	34309.830000000
db.MembershipContent	2706.850000000	1849.780000000
db.MembershipContentAuthor	25970.850000000	26336.700000000
db.MembershipContentAuthorRelation	26172.180000000	26646.100000000
db.MiraeassetAccount	9751.300000000	10321.870000000
db.Mna	26179.140000000	8712.080000000
db.MnaBuyerAttachment	14089.360000000	7035.980000000
db.MnaConsultingRequest	24982.300000000	7065.010000000
db.ModusignAccount	21800.910000000	20489.230000000
db.ModusignApiKey	22179.480000000	21224.820000000
db.ModusignApiLog	21769.360000000	20016.100000000
db.ModusignAuthentication	21448.730000000	20071.140000000
db.ModusignAuthorizationRequest	5576.760000000	34159.010000000
db.ModusignDocument	22945.840000000	20791.060000000
db.ModusignDocumentActionHistory	23325.830000000	20547.500000000
db.ModusignDocumentModusignAccountRelation	22061.370000000	20305.020000000
db.ModusignDocumentModusignApiKeyRelation	22380.590000000	20930.280000000
db.ModusignDocumentParticipant	23154.990000000	20160.770000000
db.ModusignEmbeddedDraft	21757.050000000	22821.720000000
db.ModusignIaUserConnection	28779.770000000	14899.520000000
db.NaverWorkplaceAuthentication	5612.700000000	34005.420000000
db.NaverWorkplaceCompany	25589.960000000	13936.870000000
db.NaverWorkplaceEmployee	25332.570000000	13759.080000000
db.NcpSignupChannel	25221.130000000	13899.480000000
db.NewIssueEvent	16911.340000000	7648.470000000
db.NewIssueNoticeEmail	12589.130000000	23215.080000000
db.NewIssueNoticeEmailRecipient	12903.040000000	22768.150000000
db.NewIssueStockAllocationRecordDateNoticeDocument	18217.590000000	25894.870000000
db.NewPartnerInvestmentEvent	5622.710000000	33813.310000000
db.NonUnifiedShareCreateRequest	29512.270000000	30022.240000000
db.NonUnifiedShareEtcFile	29278.100000000	29072.290000000
db.NonUnifiedShareManagementHistory	28761.790000000	28961.790000000
db.NonUnifiedShareManagementSalesIntent	30055.340000000	25751.090000000
db.NonUnifiedShareStockUnissuedConfirmationFile	29708.710000000	31377.350000000
db.NonUnifiedShareSucPoaDocument	24351.050000000	23298.870000000
db.NonUnifiedShareSucPoaModusignDocument	23362.970000000	22211.300000000
db.NonUnifiedShareSucRenewRequest	28001.300000000	28243.650000000
db.NotarizationPoA	16360.890000000	23797.060000000
db.NotarizationPoaDirectorSigner	16257.450000000	23556.240000000
db.NotarizationPoaShareholderSigner	16842.860000000	23786.450000000
db.NotificationInbox	15810.730000000	7061.700000000
db.Option	16534.940000000	15017.260000000
db.OptionAttachment	5590.990000000	33599.780000000
db.OptionCancelEvent	5594.340000000	33454.140000000
db.OptionExerciseClaim	12751.920000000	17508.540000000
db.OptionExerciseClaimAttachment	13583.410000000	17089.860000000
db.OptionExerciseClaimCandidate	13249.490000000	17046.300000000
db.OptionExerciseClaimDocumentSetting	14434.000000000	16008.960000000
db.OptionExerciseClaimEventRelation	12751.030000000	18066.280000000
db.OptionExerciseClaimMeetingDocument	14218.020000000	21864.000000000
db.OptionExerciseClaimOption	13088.770000000	17462.210000000
db.OptionExerciseClaimOptionTaxation	13263.370000000	17632.090000000
db.OptionExerciseClaimPayment	12995.330000000	17795.770000000
db.OptionExerciseEvent	12526.850000000	18212.500000000
db.OptionExerciseManagement	14539.610000000	15364.950000000
db.OptionExerciseManagementAttachmentSetting	13887.440000000	16521.690000000
db.OptionExerciseManagementAttachmentSettingItem	13953.800000000	16942.780000000
db.OptionExerciseManagementEmail	14822.920000000	15789.940000000
db.OptionExerciseManagementReminderSetting	15070.390000000	15448.540000000
db.OptionExerciseManagementTaxation	14155.830000000	15162.430000000
db.OptionGrantContract	20555.540000000	18834.610000000
db.OptionGrantContractCeo	19680.830000000	15057.150000000
db.OptionGrantContractFirstRefusalRightHolder	20083.280000000	15063.650000000
db.OptionGrantContractModusignDocument	21155.930000000	19109.420000000
db.OptionGrantContractModusignEmbeddedDraft	21378.320000000	21859.120000000
db.OptionGrantContractStakeholder	19821.500000000	15207.250000000
db.OptionGrantContractTemplate	19446.080000000	15383.870000000
db.OptionGrantContractTemplateDraft	18344.730000000	15526.550000000
db.OptionGrantContractTemplateRevision	20196.160000000	15997.730000000
db.OptionGrantEvent	16082.460000000	18710.710000000
db.OptionGrantee	15269.970000000	19235.880000000
db.OptionManagement	15755.760000000	19721.930000000
db.OptionManagementStakeholderSeat	14746.430000000	18882.450000000
db.OptionPauseEvent	31429.230000000	1236.500000000
db.OptionQuantityTimeSeries	5607.690000000	33301.350000000
db.OptionResumeEvent	31615.470000000	1024.930000000
db.OptionTag	15141.930000000	13043.780000000
db.OptionTagCategory	15233.920000000	12898.600000000
db.OptionValueChange	16217.980000000	8087.570000000
db.OptionVesting	15640.830000000	18212.510000000
db.OptionVestingTraceable	5602.700000000	33119.970000000
db.Order	5184.830000000	5782.010000000
db.OrderPromotionRelation	6224.580000000	7391.650000000
db.OrderStaffInChargeRelation	5009.780000000	3908.210000000
db.OrderStatusHistory	4174.220000000	7847.000000000
db.OrganizationChart	13574.750000000	11974.420000000
db.OtherDocumentArchive	19804.890000000	16003.950000000
db.OtherDocumentArchiveAttachment	19986.560000000	16459.100000000
db.OwnerPermission	10008.090000000	8301.690000000
db.OwnerRole	10324.250000000	8752.320000000
db.OwnerRolePermissionRelation	10274.520000000	8574.860000000
db.PageNumberUpdatedPdfEvent	31671.050000000	9674.660000000
db.PasswordReset	5586.010000000	32949.300000000
db.Payment	20596.030000000	12184.110000000
db.PaymentLink	25060.580000000	12273.620000000
db.PaymentRefund	21004.920000000	11905.860000000
db.PaymentStatusHistory	20867.800000000	11765.460000000
db.PaymentStore	23297.540000000	13058.820000000
db.PaymentTermPartnerInvestmentEvent	5575.750000000	32793.560000000
db.Payroll	7734.360000000	1929.030000000
db.PayrollAnnualSalaryInfo	10171.320000000	13481.560000000
db.PayrollAnnualSalaryItem	9831.100000000	12599.950000000
db.PayrollDocumentSealStampSetting	16553.010000000	14749.520000000
db.PayrollEmployeeMonthlyWage	7011.420000000	18247.360000000
db.PayrollLedger	12850.000000000	13999.680000000
db.PayrollLedgerAttachment	12292.130000000	13534.240000000
db.PayrollLedgerFile	12747.290000000	13719.450000000
db.PayrollLedgerFileModificationRequest	13143.130000000	13582.600000000
db.PayrollLedgerItem	7005.680000000	9447.440000000
db.PayrollLedgerItemSettingRelation	7673.690000000	9525.650000000
db.PayrollManagementRelation	10404.690000000	4237.900000000
db.PayrollSetting	7036.840000000	9274.890000000
db.PayrollSettlement	12836.940000000	7266.510000000
db.PayrollSettlementAutoCreation	9351.840000000	3919.170000000
db.PayrollSettlementProgressLog	12215.530000000	7519.270000000
db.PayrollStaffUserRelation	8161.500000000	2134.530000000
db.PayrollStatement	10885.930000000	14988.160000000
db.PayrollStatementAttendance	10778.410000000	15297.720000000
db.PayrollStatementDocument	11984.180000000	15115.350000000
db.PayrollStatementEmail	12656.630000000	17029.050000000
db.PayrollStatementEmailRecipient	11548.320000000	17148.220000000
db.PayrollStatementItem	9749.950000000	11816.740000000
db.PayrollStatementPayrollInformation	11365.320000000	14884.360000000
db.PayrollStatementScheduledEmail	11845.690000000	16635.400000000
db.PayrollStatementScheduledEmailPeriodicTaskRelation	11747.290000000	16788.330000000
db.PdfEvent	31225.490000000	9591.030000000
db.PerformanceRsuVestingItem	15566.180000000	13681.360000000
db.PeriodPhantomStockVestingItem	10839.390000000	17929.890000000
db.PeriodRsuVestingItem	15528.190000000	13535.900000000
db.PeriodicOptionVesting	15233.960000000	18314.130000000
db.PeriodicOptionVestingItem	15219.150000000	18157.270000000
db.PhantomStock	10865.290000000	16772.600000000
db.PhantomStockGrantContract	10601.460000000	16326.950000000
db.PhantomStockGrantee	11245.830000000	18187.980000000
db.PhantomStockPauseEvent	15925.280000000	15391.490000000
db.PhantomStockResumeEvent	16158.300000000	15565.440000000
db.PhantomStockVestingItem	10624.570000000	17493.250000000
db.Phone	6563.660000000	10911.290000000
db.PhoneVerification	8362.490000000	12730.040000000
db.PingpongDelivery	20155.230000000	10835.220000000
db.PingpongDeliveryAddress	22834.560000000	13073.810000000
db.PipedriveSettings	5592.690000000	32600.860000000
db.PitchingDayHall	32259.690000000	6306.840000000
db.PitchingDayHallAccessLog	32430.960000000	6621.780000000
db.PitchingDayHallAssignedIrs	30523.260000000	5459.510000000
db.PortalAcademyGuide	5596.000000000	32451.630000000
db.PortalAcademyGuideSubject	5609.360000000	32295.260000000
db.PortalOptionGuide	5594.340000000	32110.300000000
db.PortfolioCompany	27675.420000000	13508.680000000
db.PortfolioCompanyFund	29937.680000000	12772.430000000
db.PortfolioCompanyManager	27805.190000000	15163.390000000
db.PortfolioCompanyUserRelation	27968.610000000	13661.100000000
db.Price	5585.180000000	31957.530000000
db.PrivacyPolicy	3965.930000000	31848.840000000
db.PrivacyPolicyLog	3946.420000000	32051.160000000
db.Product	23638.590000000	10588.360000000
db.Promotion	6723.680000000	6592.470000000
db.PromotionAddress	6646.620000000	4458.080000000
db.PromotionCode	24812.860000000	10715.450000000
db.PromotionCodeUsageHistory	24970.150000000	11054.950000000
db.Purchase	21922.720000000	12471.640000000
db.PurchaseItem	23218.180000000	12884.260000000
db.PurchaseStatusHistory	21587.350000000	12579.380000000
db.Purpose	17651.780000000	13772.650000000
db.PushToken	5538.220000000	31803.560000000
db.QrReplyPasswordReset	24340.810000000	15437.940000000
db.QrReplyPasswordResetRequest	25248.490000000	15634.810000000
db.QuarterlyReportRequest	26897.240000000	16060.120000000
db.QuarterlyReportRequestAttachment	25929.460000000	16895.160000000
db.QuarterlyReportRequestRecipient	28396.610000000	16744.870000000
db.QuarterlyReportRequestReportItem	26312.620000000	16013.090000000
db.QuarterlyReportSettings	26830.650000000	15215.330000000
db.QuarterlyReportSignupChannel	26170.910000000	13449.950000000
db.QuestionMessageAttachment	21369.900000000	18022.440000000
db.QuestionMessageScheduled	23998.180000000	8704.290000000
db.QuestionThread	20481.430000000	11130.940000000
db.QuestionThreadAssignment	20361.390000000	11809.790000000
db.QuestionThreadMessage	23749.030000000	9580.320000000
db.QuestionThreadMessageMarkAsAllReadLog	5586.780000000	31652.780000000
db.QuestionThreadMessagePeriodicTaskRelation	23822.520000000	8516.970000000
db.QuestionThreadTag	20698.810000000	11470.460000000
db.Registration	13724.090000000	22155.950000000
db.RegistrationAgenda	13466.760000000	22503.340000000
db.RegistrationAssistance	21418.680000000	15910.660000000
db.RegistrationAssistanceReceipt	21206.740000000	16274.630000000
db.RegistrationDirector	13873.870000000	22371.030000000
db.RegistrationFormCaptable	19099.520000000	24967.360000000
db.RegistrationFormCaptableDocument	18682.600000000	25441.610000000
db.RegistrationFormCaptableNotarizationRequestor	18190.290000000	23812.230000000
db.RegistrationHelp	18672.900000000	13141.490000000
db.RegistrationRoundRobinState	5612.700000000	31477.730000000
db.RegularProduct	23478.250000000	10791.320000000
db.RightToConsentOrConsult	15296.350000000	16097.860000000
db.RsuRsa	15605.620000000	14169.860000000
db.RsuExerciseClaim	14447.800000000	14584.430000000
db.RsuExerciseClaimAttachment	14143.330000000	14650.370000000
db.RsuExerciseClaimCandidate	13177.850000000	16158.520000000
db.RsuExerciseClaimCandidateEmailRecipient	13548.800000000	16213.080000000
db.RsuExerciseClaimEventRelation	15083.220000000	15021.520000000
db.RsuExerciseClaimRsu	14840.580000000	14341.400000000
db.RsuExerciseEvent	15763.560000000	15526.850000000
db.RsuExerciseManagement	13181.650000000	15479.010000000
db.RsuExerciseManagementAttachmentSetting	13584.340000000	15020.530000000
db.RsuExerciseManagementAttachmentSettingItem	13965.370000000	14788.840000000
db.RsuExerciseManagementEmail	13576.510000000	15974.060000000
db.RsuExtraAttachment	16009.250000000	13735.980000000
db.RsuGrantContract	16315.860000000	13811.720000000
db.RsuGrantContractModusignDocument	20759.470000000	18687.130000000
db.RsuGrantContractTemplate	16194.530000000	13262.230000000
db.RsuGrantContractTemplateStakeholder	16148.170000000	12708.590000000
db.RsuGrantee	13486.900000000	16394.730000000
db.RsuMeeting	16178.650000000	14268.670000000
db.RsuMeetingAttachment	16061.740000000	14453.700000000
db.RsuPauseEvent	15800.840000000	16765.160000000
db.RsuPerformanceCondition	15678.520000000	12805.600000000
db.RsuResumeEvent	15944.490000000	16888.110000000
db.RsuTag	15994.390000000	13138.220000000
db.RsuTagCategory	15848.650000000	12993.010000000
db.RsuVestingItem	14957.390000000	13727.600000000
db.RtccSummaryAnalysisRequest	14772.270000000	6818.170000000
db.RtccEmail	15097.790000000	16247.410000000
db.RtccEmailAuthentication	15740.720000000	17004.950000000
db.RtccInvestor	15602.360000000	17415.920000000
db.RtccInvestorFile	18558.780000000	18020.250000000
db.Safe	11734.340000000	17374.960000000
db.SafeConversionEvent	5597.680000000	31285.640000000
db.SafeCreateEvent	17099.010000000	16919.750000000
db.SalesIntent	32332.010000000	23693.920000000
db.SdContactRequest	34287.680000000	6185.170000000
db.SealCard	3353.990000000	5898.750000000
db.SealCardReturnRequest	2652.830000000	6013.850000000
db.SealCardReturnStatusHistory	3694.360000000	7611.350000000
db.SealCertificateDelivery	19401.370000000	10747.380000000
db.SealCertificateIssueRequest	19572.290000000	10902.300000000
db.SealStamp	16952.670000000	14689.150000000
db.SealStampImage	19148.950000000	16434.610000000
db.SealStampUsageHistory	12356.490000000	14216.600000000
db.SecondaryDeal	35152.600000000	3188.800000000
db.SelfRegistration	18185.720000000	16982.880000000
db.ServiceFee	22905.920000000	12023.670000000
db.ServiceFeeItem	24551.930000000	11473.600000000
db.ShareClass	16026.700000000	18204.570000000
db.Shareholder	12381.360000000	23435.240000000
db.ShareholderInstitutionMember	12003.950000000	22278.380000000
db.ShareholderInstitutionMemberCeo	11962.630000000	23102.950000000
db.ShareholdersAgreementModusignDocument	22074.440000000	20692.400000000
db.ShareholdersAgreementModusignEmbeddedDraft	21435.500000000	23281.100000000
db.ShareholdersAgreementStakeholder	10868.300000000	18771.340000000
db.ShareholdersMeeting	16503.260000000	23290.090000000
db.ShareholdersMeetingAgenda	17699.360000000	21619.780000000
db.ShareholdersMeetingConvocationNoticeEmail	18296.250000000	20797.000000000
db.ShareholdersMeetingConvocationNoticeEmailAttachment	19923.270000000	19309.270000000
db.ShareholdersMeetingConvocationNoticeEmailNewIssueAttachment	18804.440000000	22797.920000000
db.ShareholdersMeetingConvocationNoticeRecipient	19360.780000000	22721.470000000
db.ShareholdersMeetingConvocationNoticeWrittenRecipient	20039.250000000	23446.100000000
db.ShareholdersMeetingDirectorAttendance	16367.420000000	23002.660000000
db.ShareholdersMeetingShareholderAttendance	17390.410000000	23973.650000000
db.ShortUrlLog	5585.180000000	31125.690000000
db.SignupChannel	24121.110000000	13430.690000000
db.SignupLog	5538.220000000	30971.720000000
db.SiteSettings	5549.240000000	30820.910000000
db.SlackChannels	5566.560000000	30676.000000000
db.StaffInCharge	4023.960000000	3988.030000000
db.Stakeholder	11823.040000000	19107.730000000
db.StakeholderAccount	12538.080000000	16860.850000000
db.StakeholderCustodian	11205.350000000	19325.090000000
db.StakeholderSeat	10436.430000000	19110.180000000
db.StarredQuestionThread	19955.940000000	11239.540000000
db.Stock	15032.900000000	17841.930000000
db.StockConsolidationEvent	5532.490000000	30514.370000000
db.StockConversionEvent	5579.900000000	30366.840000000
db.StockDocumentAnalysis	26567.070000000	29193.130000000
db.StockReregistrationEvent	26750.000000000	29449.980000000
db.StockRetirementEvent	5563.410000000	30215.130000000
db.StockSplitEvent	5544.060000000	30069.290000000
db.StockTransferAgreement	17648.850000000	18365.340000000
db.StockTransferAgreementClauses	17929.930000000	18164.570000000
db.StockTransferAgreementItem	16877.670000000	18188.150000000
db.StockTransferAgreementManagement	16701.150000000	12535.070000000
db.StockTransferAgreementManagementStakeholderSeat	8685.830000000	7047.110000000
db.StockTransferAgreementModusignDocument	20168.160000000	20139.200000000
db.StockTransferAgreementModusignEmbeddedDraft	20251.040000000	20582.420000000
db.StockTransferAgreementPurchaserInstitution	18310.110000000	18557.120000000
db.StockTransferAgreementSellerInstitution	18187.820000000	18382.510000000
db.StockTransferEvent	17125.400000000	18040.170000000
db.StockTransferPrice	16974.940000000	17871.110000000
db.StripeCard	4553.840000000	4514.790000000
db.StripeCustomer	4616.300000000	5053.260000000
db.StripePayment	3604.820000000	5396.970000000
db.Subscription	20748.350000000	9392.360000000
db.SubscriptionBonus	22228.160000000	9456.530000000
db.SubscriptionModusignDocumentUsageHistory	28373.280000000	11419.930000000
db.SubscriptionPaymentRequest	20935.640000000	9988.270000000
db.SubscriptionPeriod	21945.220000000	8881.250000000
db.SubscriptionPerk	21419.450000000	8957.890000000
db.SubscriptionPlan	20394.260000000	10350.030000000
db.SubscriptionPlanOffering	20886.490000000	10288.150000000
db.SubscriptionPlanPerk	20860.020000000	10147.760000000
db.SubscriptionPlanPermission	19892.450000000	10311.740000000
db.SubscriptionReservation	19227.420000000	10443.390000000
db.SubscriptionSuspensionHistory	20604.250000000	9095.700000000
db.TanTableView	13237.320000000	6672.710000000
db.TaxBookkeepingServiceRequest	20656.590000000	12983.820000000
db.TaxPartnerTbkContract	23021.960000000	13321.140000000
db.TaxPartnerTbkContractItem	23115.430000000	13461.530000000
db.TbkConsulting	21463.590000000	13029.840000000
db.TbkConsultingMemo	21698.950000000	12765.510000000
db.TbkConsultingRefusal	20945.150000000	14459.210000000
db.TbkConsultingStatusLog	21020.810000000	12567.600000000
db.TbkContract	22229.410000000	13325.300000000
db.TbkContractBenefit	22391.170000000	13469.880000000
db.TbkContractSettlement	22595.020000000	13243.110000000
db.ThirdPartyApiNotice	30026.020000000	14870.460000000
db.ThirdPartyArticleProvider	20385.790000000	19747.550000000
db.ThirdPartyArticleProviderUserRelation	20193.810000000	19888.230000000
db.TwoFactorAuthentication	5557.400000000	29923.650000000
db.UnknownIssueEvent	5543.530000000	29770.270000000
db.UnknownPartnerInvestmentEvent	5622.710000000	507.860000000
db.UserApiKey	17263.060000000	6299.440000000
db.UserApiKeyCompanyAccess	17058.000000000	7357.270000000
db.UserApiKeyCompanyRelation	17634.120000000	6659.520000000
db.UserApiKeyRevocation	17011.610000000	6453.850000000
db.UserDailyAccess	5590.990000000	721.410000000
db.UserDetailedSurvey	5596.000000000	867.050000000
db.UserEmailConsentRequest	5606.030000000	1023.400000000
db.UserExtraAuthentication	5604.360000000	1201.230000000
db.UserGuideState	5589.340000000	1375.450000000
db.UserInvitation	10468.950000000	10377.540000000
db.UserInvitationInvitee	9935.580000000	10903.200000000
db.UserInvitationOwnerRoleRelation	10862.120000000	9138.290000000
db.UserMarketingStatus	5597.680000000	1517.510000000
db.UserNotificationSettings	5606.030000000	1677.450000000
db.UserProfileImage	21078.300000000	18377.790000000
db.UserProfileImageMapping	21440.500000000	18522.800000000
db.UserSealCardRelation	3064.290000000	6119.940000000
db.UserSessionLog	5589.340000000	1855.270000000
db.UserSettings	5585.180000000	1997.320000000
db.UserSurvey	5632.110000000	2151.290000000
db.ValuationServiceRequest	18470.600000000	12132.690000000
db.ValueWithVisibility	33620.350000000	2895.850000000
db.VcIrRecommendationRequest	32599.560000000	7528.680000000
db.VcIrRecommendationRequestResult	31171.530000000	6433.080000000
db.VcLpReport	33853.490000000	11693.940000000
db.VcLpReportRequest	34457.200000000	12057.830000000
db.VcLpReportRequestRecipient	32737.070000000	12738.320000000
db.VcNameAlias	35144.680000000	10343.630000000
db.VcSearchLog	25850.330000000	2607.340000000
db.VcUserRole	29185.040000000	6933.250000000
db.VentureBusinessCertificationExpirationNotificationLog	18320.570000000	14686.830000000
db.VentureCapital	34246.210000000	10813.590000000
db.VentureCapitalEmailTemplates	34756.200000000	10988.620000000
db.VentureCapitalPaymentLink	26742.710000000	11491.580000000
db.VentureCapitalQuarterlyReport	27314.220000000	15885.710000000
db.VentureCapitalQuarterlyReportContentTemplate	27409.710000000	14059.960000000
db.VentureCapitalQuarterlyReportItem	25852.950000000	15938.810000000
db.VentureCapitalQuarterlyReportItemReply	24433.860000000	17068.340000000
db.VentureCapitalQuarterlyReportReply	25433.560000000	15850.360000000
db.VentureCapitalSubscription	34908.270000000	9089.850000000
db.VentureCapitalSubscriptionPlan	35098.980000000	9407.840000000
db.VentureCapitalSubscriptionPlanPermission	36350.380000000	9341.650000000
db.VentureCapitalSubscriptionPlanPrice	35015.100000000	10200.130000000
db.VentureCapitalUserRelation	30595.820000000	8480.070000000
db.VentureComplex	24257.770000000	18098.850000000
db.VideoCollection	18794.910000000	7267.640000000
db.VideoContent	19394.280000000	6447.410000000
db.VideoContentHistory	19090.470000000	7716.260000000
db.VideoContentSpeecher	18984.470000000	6352.990000000
db.WebinarSubject	5623.600000000	2302.090000000
db.WebinarTarget	5605.460000000	2452.380000000
db.Whitepaper	4063.930000000	3580.930000000
db.WhitepaperPreviewFile	4110.910000000	3347.490000000
db.WhitepaperWatermarkFile	5161.740000000	2894.090000000
db.WhtBook	11342.490000000	14290.010000000
db.WhtBookWithoutDate	11097.910000000	14505.920000000
db.WhtCertificate	12486.120000000	14023.650000000
db.WhtReceipt	12021.340000000	14089.020000000
db.WithdrawAccountRequest	5674.570000000	2613.990000000
db.WithdrawnUser	5605.460000000	2757.950000000
db.YearEndTaxSettlement	9771.240000000	18312.240000000
db.YearEndTaxSettlementConfirmationSchedule	9170.820000000	17310.430000000
db.YetsAssistance	14984.510000000	32904.780000000
db.YetsAssistanceCreator	13553.110000000	32184.430000000
db.YetsAssistanceCreatorUser	13200.150000000	32455.670000000
db.YetsAssistanceCreatorYetsEmployee	9881.270000000	32229.000000000
db.YetsAssistanceMessage	15558.430000000	32559.610000000
db.YetsAssistanceMessageFile	22711.080000000	33973.580000000
db.YetsAssistanceStaffAccessLog	14243.750000000	32980.690000000
db.YetsAssistanceStaffFavoriteRelation	14848.500000000	32746.690000000
db.YetsEmail	10461.480000000	20306.980000000
db.YetsEmailAuthentication	8007.920000000	33157.940000000
db.YetsEmployee	7956.120000000	32212.910000000
db.YetsEmployeeFile	22972.740000000	34625.690000000
db.YetsEmployeeResult	12396.640000000	30219.220000000
db.YetsEmployeeResultAssistanceMessageRelation	13909.590000000	31673.010000000
db.YetsEmployeeResultStatusLog	10786.780000000	31705.680000000
db.YetsEmployeeResultWhtReceipt	22186.160000000	32059.510000000
db.YetsEmployeeSubmissionLog	8408.890000000	32738.980000000
db.YetsEmployeeUploadForm	10504.190000000	32976.490000000
db.YetsEmployeeUploadFormStatusLog	10077.190000000	33853.520000000
db.ZuzuOptionGrantContractTemplate	19807.590000000	15386.430000000
db.ZuzuOptionGrantContractTemplateRevision	20316.200000000	15443.810000000
db.ZuzuTaxAdvice	5659.540000000	2919.580000000
db.ZuzuTaxPhoneToken	6961.780000000	10680.330000000
document_ai.DocumentAiProcessRequest	27365.150000000	28793.610000000
document_ai.DocumentAiProcessResult	26764.560000000	31798.210000000
fi_sta.FiStaCompany	31696.930000000	35365.310000000
fi_sta.FiStaCompanyCeo	32521.130000000	32409.510000000
fi_sta.FiStaCompanySearchResult	31757.570000000	33815.070000000
fi_sta.FiStaContractDocument	29758.560000000	35932.430000000
fi_sta.FiStaManagement	33651.620000000	38183.670000000
fi_sta.FiStaModusignDocument	5641.570000000	3081.680000000
fi_sta.FiStaParticipant	30335.630000000	36498.030000000
fi_sta.FiStaStockTransferAgreementDocument	27473.840000000	36512.650000000
fi_sta.FiStaStockTransferNoticePoaDocument	29871.500000000	36309.090000000
fi_sta.FiStaStockUnissuedConfirmationDocument	5694.580000000	3228.730000000
fi_sta.FiStaStockUnissuedConfirmationPoaDocument	29678.350000000	32344.460000000
fi_sta.FiStaTransferStock	29361.720000000	36787.350000000
fi_sta.FiStaUser	32329.910000000	37421.770000000
vertex_ai.VertexAiPredictionRequest	35602.040000000	17008.970000000
vertex_ai.VertexAiPredictionResult	35722.270000000	16819.530000000
db.HrmAttendanceLocation	8070.230000000	16863.990000000
db.CompanyDocumentAIAnalysis	18778.640000000	15550.640000000
db.HrmSelectiveWorkPlan	6157.940000000	17084.940000000
db.HrmSelectiveWorkPlanItem	6314.940000000	16953.810000000
db.IncorporationRequestPromoterCustodian	22525.190000000	17901.730000000
db.InvestmentAgreement	16665.240000000	17004.080000000
db.RsuRsaSealedContractFile	16123.920000000	13580.330000000
db.RtccSummaryAnalysisRequestDocument	15214.070000000	8116.490000000
db.RtccSummaryAnalysisResult	14726.590000000	7246.190000000
db.RtccSummaryAnalysisResultDocument	15081.260000000	8348.520000000
db.AgendaOptionCancelOptionDistribution	15501.770000000	21411.280000000
db.CompanySsoConfiguration	16022.340000000	10741.320000000
db.CompanySsoEmailDomain	15244.880000000	10752.630000000
db.CompanySsoIdentity	15231.980000000	10952.600000000
db.HrmSelectiveWork	5347.150000000	18964.090000000
db.HrmSelectiveWorkPlanConfig	5274.870000000	19404.550000000
db.HrmSelectiveWorkSchedule	5556.890000000	19181.740000000
db.HrmSelectiveWorkSettlementConfig	4777.950000000	19404.550000000
db.HrmSlackIntegration	3122.950000000	15932.340000000
db.HrmSlackChannelConfig	3128.540000000	15602.370000000
db.IaPartnerWithdrawalEvent	35573.250000000	17598.080000000
db.OptionExerciseManagementCommonSetting	15015.480000000	15641.050000000
db.OptionExerciseManagementPaymentBankSetting	15203.830000000	11095.560000000
db.RsaForfeitEvent	15871.920000000	16201.330000000
db.RsaVestConfirmEvent	16629.540000000	15791.010000000
db.UserMailIntegration	14566.330000000	16963.660000000
leaf-card:0	14637.700000000	5445.190000000
leaf-card:1	24995.090000000	9683.990000000
leaf-card:2	2315.560000000	1338.040000000
leaf-card:3	22446.310000000	14589.720000000
leaf-card:4	29895.920000000	4856.170000000
leaf-card:5	3179.470000000	14520.020000000
leaf-card:6	5506.750000000	21111.360000000
leaf-card:7	19167.880000000	28515.560000000
leaf-card:8	16372.730000000	12169.010000000
leaf-card:9	23583.620000000	6862.530000000
leaf-card:10	24205.490000000	17484.990000000
leaf-card:11	21885.290000000	17995.390000000
leaf-card:12	24927.700000000	23401.940000000
leaf-card:13	18907.530000000	17578.880000000
leaf-card:14	19894.130000000	18600.350000000
leaf-card:15	13086.920000000	12572.500000000
leaf-card:16	3746.500000000	7863.640000000
leaf-card:17	19578.050000000	25092.300000000
leaf-card:18	34520.030000000	2983.050000000
leaf-card:19	4865.030000000	15824.610000000
leaf-card:20	8414.320000000	15604.970000000
leaf-card:21	17887.560000000	24985.070000000
leaf-card:22	18126.320000000	26554.290000000
leaf-card:23	31535.970000000	16981.820000000
leaf-card:24	22377.250000000	18157.230000000
leaf-card:25	33824.020000000	18272.850000000
leaf-card:26	33174.020000000	16609.630000000
leaf-card:27	27409.850000000	9965.930000000
leaf-card:28	28246.030000000	9795.180000000
leaf-card:29	17563.650000000	20277.650000000
leaf-card:30	17614.740000000	22211.080000000
leaf-card:31	18222.970000000	22494.360000000
leaf-card:32	14498.310000000	22794.170000000
leaf-card:33	21760.610000000	14998.530000000
leaf-card:34	29045.700000000	26621.040000000
leaf-card:35	10707.850000000	23662.680000000
leaf-card:36	17398.850000000	14051.160000000
leaf-card:37	19393.180000000	10005.400000000
leaf-card:38	18743.280000000	7965.430000000
leaf-card:39	28317.680000000	5928.610000000
leaf-card:40	14757.170000000	13416.260000000
leaf-card:41	10685.950000000	17208.680000000
leaf-card:42	18328.010000000	14395.430000000
leaf-card:43	13100.860000000	22440.880000000
leaf-card:44	17139.760000000	24681.940000000
leaf-card:45	13725.550000000	22862.280000000
leaf-card:46	15968.870000000	15070.280000000
leaf-card:47	31822.700000000	7876.400000000
leaf-card:48	15731.640000000	20876.480000000
